Workbook
Name CLASS: #REF!
Name CLASS: #REF!
Name CLASS: #REF!
Name CODE: #REF!
Name CODE: #REF!
Name CODE: #REF!
Name CODE: #REF!
Name CODE: #REF!
Name CODE: #REF!
Name CODE: #REF!
Name COURSE_NAME: #REF!
Name COURSE_NAME: #REF!
Name COURSE_NAME: #REF!
Name COURSE_NAME: #REF!
Name COURSE_NAME: #REF!
Name COURSE_NAME: #REF!
Name COURSE_NAME: #REF!
Name EA: #REF!
Name EA: #REF!
Name EA: #REF!
Name EA: #REF!
Name EA: #REF!
Name ED3_TEL: [1]tt!#REF!
Name ED4_IND: [1]tt!#REF!
Name EXAMINER: #REF!
Name EXAMINER: #REF!
Name EXAMINER: #REF!
Name EXAMINER: #REF!
Name EXAMINER: #REF!
Name EXAMINER: #REF!
Name EXAMINER: #REF!
Name hy: #REF!
Name hy: #REF!
Name hy: #REF!
Name hy: #REF!
Name hy: #REF!
Name po: #REF!
Name po: #REF!
Name po: #REF!
Name po: #REF!
Name po: #REF!
Name room_no: #REF!
Name room_no: #REF!
Name room_no: #REF!
Name room_no: #REF!
Name room_no: #REF!
Name ROOM_NO.: #REF!
Name ROOM_NO.: #REF!
Name ROOM_NO.: #REF!
Name ROOM_NO.: #REF!
Name ROOM_NO.: #REF!
Name ROOM_NO.: #REF!
Name ROOM_NO.: #REF!
Name STDS: #REF!
Name STDS: #REF!
Name STDS: #REF!
Name STDS: #REF!
Name STDS: #REF!
Name STDS: #REF!
Name STDS: #REF!

Sheet TT 1.0
A1: Monday, 17 August 2026 | I1: Tuesday, 11 April 2023,,
A2: Session, 1 (8:30 AM - 10:30 AM) | I2: Session, 1 (8:30 AM - 10:30 AM),,
A3: CODE | B3: COURSE NAME | C3: EXAMINER | D3: CLASS | E3: # STDS | F3: ROOM NO. | G3: TO PRT | I3: CODE ,COURSE NAME ,# STDS
A4: CHE 258 | B4: {=IFERROR(VLOOKUP(I4:I10,Lectures_1!A2:F534,2,FALSE()),0)} -> DRAWING FOR ENGINEERS | C4: {=IFERROR(VLOOKUP(I4:I10,Lectures_1!A2:F534,3,FALSE()),0)} -> Darkwah Lawrence | D4: ED2-CHE | E4: {=IFERROR(VLOOKUP(I4:I10,Lectures_1!A2:F534,4,FALSE()),0)} -> 160 | G4: =E4*1.1 -> 176 | I4: =CONCATENATE(A4,",",D4) -> CHE 258,ED2-CHE
A5: CHE 258 | B5: DRAWING FOR ENGINEERS | C5: Darkwah Lawrence | D5: ED2-PCE | E5: 65 | G5: =E5*1.1 -> 71.5 | I5: =CONCATENATE(A5,",",D5) -> CHE 258,ED2-PCE
A6: COE 354 | B6: OPERATING SYSTEMS | C6: Kommey Benjamin | D6: ED3-COE | E6: 265 | G6: =E6*1.1 -> 291.5 | I6: =CONCATENATE(A6,",",D6) -> COE 354,ED3-COE
A7: PE 360 | B7: WELL TESTING | C7: Adenutsi Caspar Daniel | D7: ED3-PE | E7: 80 | G7: =E7*1.1 -> 88 | I7: =CONCATENATE(A7,",",D7) -> PE 360,ED3-PE
A8: EE 156 | B8: ELECTRICAL ENG. DRAWING | C8: Kwegyir Daniel | D8: ED1-COE | E8: 262 | F8: BYOD | G8: =E8*1.1 -> 288.2 | I8: =CONCATENATE(A8,",",D8) -> EE 156,ED1-COE
A9: AME 376 | B9: AUTOMOTIVE CHASSIS | C9: Ayetor Godwin Kafui Kwesi | D9: ED3-AUTO | E9: 40 | G9: =E9*1.1 -> 44 | I9: =CONCATENATE(A9,",",D9) -> AME 376,ED3-AUTO
A10: EE 272 | B10: DIGITAL SYSTEMS | C10: Opoku Daniel | D10: ED2-EE | E10: 340 | G10: =E10*1.1 -> 374 | I10: =CONCATENATE(A10,",",D10) -> EE 272,ED2-EE
D11: Total M1-1 | E11: =SUM(E4:E10) -> 1212 | I11: ,Total T1-1
A13: Monday, 17 August 2026 | I13: Tuesday, 11 April 2023,
A14: Session, 2 (12:00 PM - 2:00 PM) | I14: Session, 2 (12:00 PM - 2:00 PM),
A15: CODE | B15: COURSE NAME | C15: EXAMINER | D15: CLASS | E15: # STDS | F15: ROOM NO. | G15: TO PRT | I15: CODE ,CLASS
A16: ME 274 | B16: {=IFERROR(VLOOKUP(I16:I28,Lectures_1!A2:F534,2,FALSE()),0)} -> MACHINE DESIGN PROJECT | C16: {=IFERROR(VLOOKUP(I16:I28,Lectures_1!A2:F534,3,FALSE()),0)} -> Andoh Prince Yaw | D16: ED2-ME | E16: {=IFERROR(VLOOKUP(I16:I28,Lectures_1!A2:F534,4,FALSE()),0)} -> 240 | F16: Computer Based | G16: =E16*1.1 -> 264 | I16: =CONCATENATE(A16,",",D16) -> ME 274,ED2-ME
A17: AERO 274 | B17: AEROSPACE DESIGN PROJECT II | C17: Andoh Prince Yaw | D17: ED2-AERO | E17: 75 | G17: =E17*1.1 -> 82.5 | I17: =CONCATENATE(A17,",",D17) -> AERO 274,ED2-AERO
A18: IE 274 | B18: SECOND YEAR DESIGN PROJECT | C18: Andoh Prince Yaw | D18: ED2-IND | E18: 80 | G18: =E18*1.1 -> 88 | I18: =CONCATENATE(A18,",",D18) -> IE 274,ED2-IND
A19: AME 274 | B19: AUTOMOTIVE DESIGN PROJECT | C19: Andoh Prince Yaw | D19: ED2-AUTO | E19: 82 | G19: =E19*1.1 -> 90.2 | I19: =CONCATENATE(A19,",",D19) -> AME 274,ED2-AUTO
A20: MME 274 | B20: MARINE ENGINEERING DESIGN PROJECT II | C20: Andoh Prince Yaw | D20: ED2-MARI | E20: 37 | G20: =E20*1.1 -> 40.7 | I20: =CONCATENATE(A20,",",D20) -> MME 274,ED2-MARI
A21: PCE 450 | B21: PETROLEUM REFINING ENGINEERING | C21: Kwao-Boateng Emmanuela | D21: ED4-PCE | E21: 55 | G21: =E21*1.1 -> 60.5 | I21: =CONCATENATE(A21,",",D21) -> PCE 450,ED4-PCE
A22: PE 464 | B22: REFINING PROCESS TECHNOLOGY | C22: Kwao-Boateng Emmanuela | D22: ED4-PE | E22: 99 | G22: =E22*1.1 -> 108.9 | I22: =CONCATENATE(A22,",",D22) -> PE 464,ED4-PE
A23: PCE 464 | B23: REFINING PROCESSES TECHNOLOGY | C23: Kwao-Boateng Emmanuela | D23: ED4-CHE | E23: 50 | G23: =E23*1.1 -> 55 | I23: =CONCATENATE(A23,",",D23) -> PCE 464,ED4-CHE
A24: AE 458 | B24: CROP LOSSES AND THEIR CONTROL | C24: Darko Joseph Ofei | D24: ED4-AE | E24: 103 | G24: =E24*1.1 -> 113.3 | I24: =CONCATENATE(A24,",",D24) -> AE 458,ED4-AE
A25: EE 156 | B25: ELECTRICAL ENG. DRAWING | C25: Kwegyir Daniel | D25: ED1-EE | E25: 295 | F25: BYOD | G25: =E25*1.1 -> 324.5 | I25: =CONCATENATE(A25,",",D25) -> EE 156,ED1-EE
A26: GE 286 | B26: PRINCIPLES OF SURVEYING | C26: Akwasi Afrifa Acheampong | D26: ED2-AE | E26: 155 | G26: =E26*1.1 -> 170.5 | I26: =CONCATENATE(A26,",",D26) -> GE 286,ED2-AE
A27: CE 256 | B27: FLUID MECHANICS | C27: Anornu Geophrey Kwame | D27: ED2-GEOL | E27: 150 | G27: =E27*1.1 -> 165 | I27: =CONCATENATE(A27,",",D27) -> CE 256,ED2-GEOL
A28: CE 256 | B28: FLUID MECHANICS | C28: Anornu Geophrey Kwame | D28: ED2-CE | E28: 250 | G28: =E28*1.1 -> 275 | I28: =CONCATENATE(A28,",",D28) -> CE 256,ED2-CE
D29: Total M1-2 | E29: =SUM(E21:E28) -> 1157 | I29: ,Total T1-2
A31: Monday, 17 August 2026 | I31: Tuesday, 11 April 2023,
A32: Session, 3 (3:00 PM - 5:00 PM) | I32: Session, 2 (12:00 PM - 2:00 PM),
A33: CODE | B33: COURSE NAME | C33: EXAMINER | D33: CLASS | E33: # STDS | F33: ROOM NO. | G33: TO PRT | I33: CODE ,CLASS
A34: ME 374 | B34: {=IFERROR(VLOOKUP(I34:I42,Lectures_1!A2:F534,2,FALSE()),0)} -> MACHINE ELEMENTS DESIGN II | C34: {=IFERROR(VLOOKUP(I34:I42,Lectures_1!A2:F534,3,FALSE()),0)} -> Andoh Prince Yaw | D34: ED3-ME | E34: {=IFERROR(VLOOKUP(I34:I42,Lectures_1!A2:F534,4,FALSE()),0)} -> 222 | F34: BYOD | G34: =E34*1.1 -> 244.2 | I34: =CONCATENATE(A34,",",D34) -> ME 374,ED3-ME
A35: PCE 354 | B35: PETROCHEMICAL ENGINEERING LABORATORY II | C35: Bonsu Jude Kwaku | D35: ED3-PCE | E35: 53 | G35: =E35*1.1 -> 58.3 | I35: =CONCATENATE(A35,",",D35) -> PCE 354,ED3-PCE
A36: BME 372 | B36: BIOINSTRUMENTATION I | C36: Acquah Isaac | D36: ED3-BME | E36: 90 | G36: =E36*1.1 -> 99 | I36: =CONCATENATE(A36,",",D36) -> BME 372,ED3-BME
A37: ME 464 | B37: INSTRUMENTATION | C37: Adam Faisal Wahib | D37: ED4-ME | E37: 135 | G37: =E37*1.1 -> 148.5 | I37: =CONCATENATE(A37,",",D37) -> ME 464,ED4-ME
A38: MME 482 | B38: NAVAL ARCHITECTURE II | C38: Kudzedzi Emmanuel Yaw Mawuko | D38: ED4-MARI | E38: 23 | G38: =E38*1.1 -> 25.3 | I38: =CONCATENATE(A38,",",D38) -> MME 482,ED4-MARI
A39: EE 362 | B39: SUBSTATIONS AND TRANSMISSION LINE DESIGN | C39: Antoh Emmanuel Kwaku | D39: ED3-EE | E39: 240 | G39: =E39*1.1 -> 264 | I39: =CONCATENATE(A39,",",D39) -> EE 362,ED3-EE
A40: CHE 362 | B40: SILICATE TECHNOLOGY II | C40: Momade Zsuzsanna Gál | D40: ED3-CHE | E40: 15 | G40: =E40*1.1 -> 16.5 | I40: =CONCATENATE(A40,",",D40) -> CHE 362,ED3-CHE
A41: CE 154 | B41: PROPERTIES OF CIVIL ENGINEERING MATERIAL | C41: Kankam Charles Kwame | D41: ED1-CE | E41: 245 | G41: =E41*1.1 -> 269.5 | I41: =CONCATENATE(A41,",",D41) -> CE 154,ED1-CE
A42: GE 372 | B42: ANALYSIS OF ERRORS | C42: Collins Fosu | D42: ED3-GEOM | E42: 122 | G42: =E42*1.1 -> 134.2 | I42: =CONCATENATE(A42,",",D42) -> GE 372,ED3-GEOM
D43: Total M1-2 | E43: =SUM(E34:E42) -> 1145 | I43: ,Total T1-2
A45: Tuesday, 18 August 2026 | I45: Tuesday, 11 April 2023,,
A46: Session, 1 (8:30 AM - 10:30 AM) | I46: Session, 1 (8:30 AM - 10:30 AM),,
A47: CODE | B47: COURSE NAME | C47: EXAMINER | D47: CLASS | E47: # STDS | F47: ROOM NO. | G47: TO PRT | I47: CODE ,COURSE NAME ,# STDS
A48: PHY 170 | B48: {=IFERROR(VLOOKUP(I48:I64,Lectures_1!A2:F534,2,FALSE()),0)} -> GENERAL PHYSICS | C48: {=IFERROR(VLOOKUP(I48:I64,Lectures_1!A2:F534,3,FALSE()),0)} -> Boateng Cyril Dziedzorm | D48: ED1-CHE | E48: {=IFERROR(VLOOKUP(I48:I64,Lectures_1!A2:F534,4,FALSE()),0)} -> 120 | F48: Computer Based | G48: =E48*1.1 -> 132 | I48: =CONCATENATE(A48,",",D48) -> PHY 170,ED1-CHE
A49: PHY 170 | B49: GENERAL PHYSICS | C49: Abavare Eric Kwabena Kyeh | D49: ED1-PCE | E49: 56 | G49: =E49*1.1 -> 61.6 | I49: =CONCATENATE(A49,",",D49) -> PHY 170,ED1-PCE
A50: PHY 170 | B50: GENERAL PHYSICS | C50: Boateng Cyril Dziedzorm | D50: ED1-PE | E50: 130 | G50: =E50*1.1 -> 143 | I50: =CONCATENATE(A50,",",D50) -> PHY 170,ED1-PE
A51: CHE 256 | B51: HEAT TRANSPORT PROCESSES | C51: Ohemeng-Boahen Godfred | D51: ED2-PCE | E51: 65 | G51: =E51*1.1 -> 71.5 | I51: =CONCATENATE(A51,",",D51) -> CHE 256,ED2-PCE
A52: CHE 256 | B52: HEAT TRANSPORT PROCESSES | C52: Momade Zsuzsanna Gál | D52: ED2-CHE | E52: 160 | G52: =E52*1.1 -> 176 | I52: =CONCATENATE(A52,",",D52) -> CHE 256,ED2-CHE
A53: MME 292 | B53: SEAMANSHIP | C53: Larkai Francis Laako | D53: ED2-MARI | E53: 37 | G53: =E53*1.1 -> 40.7 | I53: =CONCATENATE(A53,",",D53) -> MME 292,ED2-MARI
A54: MME 396 | B54: MARINE ENGINEERING LABORATORY III | C54: Tay Godwin Fabiola Kwaku | D54: ED3-MARI | E54: 40 | G54: =E54*1.1 -> 44 | I54: =CONCATENATE(A54,",",D54) -> MME 396,ED3-MARI
A55: AE 358 | B55: RENEWABLE ENERGY SYSTEMS AND MANAGEMENT | C55: Kemausuor Francis | D55: ED3-AE | E55: 101 | G55: =E55*1.1 -> 111.1 | I55: =CONCATENATE(A55,",",D55) -> AE 358,ED3-AE
A56: ARC 156 | B56: INTRODUCTION TO LIGHTING AND ACOUSTICS | C56: Amos-Abanyie Samuel | D56: ED1-CE | E56: 55 | G56: =E56*1.1 -> 60.5 | I56: =CONCATENATE(A56,",",D56) -> ARC 156,ED1-CE
A57: TE 156 | B57: INTRODUCTION TO COMMUNICATION NETWORKS | C57: Agyemang Justice Owusu | D57: ED1-TEL | E57: 130 | F57: BYOD | G57: =E57*1.1 -> 143 | I57: =CONCATENATE(A57,",",D57) -> TE 156,ED1-TEL
A58: PE 254 | B58: DRAWING FOR ENGINEERS | C58: Jones Twumasi | D58: ED2-PE | E58: 95 | G58: =E58*1.1 -> 104.5 | I58: =CONCATENATE(A58,",",D58) -> PE 254,ED2-PE
A59: GE 162 | B59: LARGE SCALE SURVEYING | C59: Ayer John Wise Divine | D59: ED1-GEOM | E59: 103 | G59: =E59*1.1 -> 113.3 | I59: =CONCATENATE(A59,",",D59) -> GE 162,ED1-GEOM
A60: AME 482 | B60: SPECIAL VEHICLE DESIGN | C60: Ayetor Godwin Kafui Kwesi | D60: ED4-AUTO | E60: 32 | G60: =E60*1.1 -> 35.2 | I60: =CONCATENATE(A60,",",D60) -> AME 482,ED4-AUTO
A61: AERO 456 | B61: APPLIED METEOROLOGY | C61: Prince Junior Asilevi | D61: ED4-AERO | E61: 61 | G61: =E61*1.1 -> 67.1 | I61: =CONCATENATE(A61,",",D61) -> AERO 456,ED4-AERO
A62: METE 256 | B62: ASSAYING | C62: Koomson Bennetta | D62: ED2-METE | E62: 57 | G62: =E62*1.1 -> 62.7 | I62: =CONCATENATE(A62,",",D62) -> METE 256,ED2-METE
A63: CE 464 | B63: ENVIRONMENTAL QUALITY ENGINEERING II | C63: Appiah-Effah Eugene | D63: ED4-CE | E63: 115 | G63: =E63*1.1 -> 126.5 | I63: =CONCATENATE(A63,",",D63) -> CE 464,ED4-CE
A64: PE 466 | B64: FUNDAMENTALS OF PETROLEUM LAW | C64: Amoah Enoch Kwabena | D64: ED4-PE | E64: 99 | G64: =E64*1.1 -> 108.9 | I64: =CONCATENATE(A64,",",D64) -> PE 466,ED4-PE
D65: Total T1-1 | E65: =SUM(E51:E64) -> 1150 | I65: ,Total T1-1
I66: ,
A67: Tuesday, 18 August 2026 | I67: Tuesday, 11 April 2023,
A68: Session, 2 (12:00 PM - 2:00 PM) | I68: Session, 2 (12:00 PM - 2:00 PM),
A69: CODE | B69: COURSE NAME | C69: EXAMINER | D69: CLASS | E69: # STDS | F69: ROOM NO. | G69: TO PRT | I69: CODE ,CLASS
A70: COE 254 | B70: {=IFERROR(VLOOKUP(I70:I82,Lectures_1!A2:F534,2,FALSE()),0)} -> OBJECT-ORIENTED PROGRAMMING | C70: {=IFERROR(VLOOKUP(I70:I82,Lectures_1!A2:F534,3,FALSE()),0)} -> Adjaidoo Theresa-Samuelle Maame Atwemaah | D70: ED2-COE | E70: {=IFERROR(VLOOKUP(I70:I82,Lectures_1!A2:F534,4,FALSE()),0)} -> 255 | F70: BYOD | G70: =E70*1.1 -> 280.5 | I70: =CONCATENATE(A70,",",D70) -> COE 254,ED2-COE
A71: COE 254 | B71: OBJECT-ORIENTED PROGRAMMING | C71: Adjaidoo Theresa-Samuelle Maame Atwemaah | D71: ED2-BME | E71: 80 | G71: =E71*1.1 -> 88 | I71: =CONCATENATE(A71,",",D71) -> COE 254,ED2-BME
A72: ME 168 | B72: COMPUTER PROGRAMMING FOR ENGINEERS | C72: Dzebre Denis Edem Kwame | D72: ED1-IND | E72: 83 | G72: =E72*1.1 -> 91.3 | I72: =CONCATENATE(A72,",",D72) -> ME 168,ED1-IND
A73: ME 168 | B73: COMPUTER PROGRAMMING FOR ENGINEERS | C73: Dzebre Denis Edem Kwame | D73: ED1-MARI | E73: 46 | G73: =E73*1.1 -> 50.6 | I73: =CONCATENATE(A73,",",D73) -> ME 168,ED1-MARI
A74: MSE 154 | B74: OPTICAL AND THERMAL BEHAVIOUR OF MATERIALS | C74: Nartey Martinson Addo | D74: ED1-METE | E74: 75 | G74: =E74*1.1 -> 82.5 | I74: =CONCATENATE(A74,",",D74) -> MSE 154,ED1-METE
A75: MSE 154 | B75: OPTICAL AND THERMAL BEHAVIOUR OF MATERIALS | C75: Nartey Martinson Addo | D75: ED1-MSE | E75: 100 | G75: =E75*1.1 -> 110 | I75: =CONCATENATE(A75,",",D75) -> MSE 154,ED1-MSE
A76: ME 482 | B76: MECHANICAL ENGINEERING MATERIALS III | C76: Sackey Samuel Mensah | D76: ED4-ME | E76: 55 | G76: =E76*1.1 -> 60.5 | I76: =CONCATENATE(A76,",",D76) -> ME 482,ED4-ME
A77: TE 384 | B77: SWITCHING ENGINEERING IN COMMUNICATION | C77: Obour Agyekum Kwame Opuni-Boachie | D77: ED3-EE | E77: 10 | G77: =E77*1.1 -> 11 | I77: =CONCATENATE(A77,",",D77) -> TE 384,ED3-EE
A78: TE 356 | B78: SWITCHING ENGINEERING IN COMMUNICATION | C78: Agyekum Kwame Agyeman-Prempeh | D78: ED3-TEL | E78: 140 | G78: =E78*1.1 -> 154 | I78: =CONCATENATE(A78,",",D78) -> TE 356,ED3-TEL
A79: IE 368 | B79: OPERATIONS RESEARCH II | C79: Asiedu Charlotte | D79: ED3-IND | E79: 70 | G79: =E79*1.1 -> 77 | I79: =CONCATENATE(A79,",",D79) -> IE 368,ED3-IND
A80: CHE 368 | B80: FOOD PROCESSING TECHNOLOGY | C80: Anang Daniel Adjah | D80: ED3-CHE | E80: 50 | G80: =E80*1.1 -> 55 | I80: =CONCATENATE(A80,",",D80) -> CHE 368,ED3-CHE
A81: IE 452 | B81: AUTOMATION AND PRODUCTION SYSTEM | C81: Sackey Samuel Mensah | D81: ED4-IND | E81: 69 | G81: =E81*1.1 -> 75.9 | I81: =CONCATENATE(A81,",",D81) -> IE 452,ED4-IND
A82: GED 164 | B82: COMPUTER APPLICATIONS | C82: Albert Kwame Kwaw | D82: ED1-GEOL | E82: 125 | G82: =E82*1.1 -> 137.5 | I82: =CONCATENATE(A82,",",D82) -> GED 164,ED1-GEOL
D83: Total T1-2 | E83: =SUM(E70:E82) -> 1158 | I83: ,Total T1-2
A84: Tuesday, 18 August 2026 | I84: Tuesday, 11 April 2023,
A85: Session, 3 (3:00 PM - 5:00 PM) | I85: Session, 3 (3:00 PM - 5:00 PM),
A86: CODE | B86: COURSE NAME | C86: EXAMINER | D86: CLASS | E86: # STDS | F86: ROOM NO. | G86: TO PRT | I86: CODE ,CLASS
A87: MATH 152 | B87: {=IFERROR(VLOOKUP(I87:I96,Lectures_1!A2:F534,2,FALSE()),0)} -> CALCULUS WITH ANALYSIS | C87: {=IFERROR(VLOOKUP(I87:I96,Lectures_1!A2:F534,3,FALSE()),0)} -> Ezearn Jeffery | D87: ED1-BME | E87: {=IFERROR(VLOOKUP(I87:I96,Lectures_1!A2:F534,4,FALSE()),0)} -> 136 | F87: Computer Based | G87: =E87*1.1 -> 149.6 | I87: =CONCATENATE(A87,",",D87) -> MATH 152,ED1-BME
A88: MATH 152 | B88: CALCULUS WITH ANALYSIS | C88: Ezearn Jeffery | D88: ED1-AE | E88: 128 | G88: =E88*1.1 -> 140.8 | I88: =CONCATENATE(A88,",",D88) -> MATH 152,ED1-AE
A89: AERO 396 | B89: AEROSPACE ENGINEERING LAB II | C89: Oppong David Kofi | D89: ED3-AERO | E89: 76 | G89: =E89*1.1 -> 83.6 | I89: =CONCATENATE(A89,",",D89) -> AERO 396,ED3-AERO
A90: MSE 458 | B90: PROCESS DYNAMICS AND CONTROL | C90: Adjaottor Albert Amatey | D90: ED4-MSE | E90: 60 | G90: =E90*1.1 -> 66 | I90: =CONCATENATE(A90,",",D90) -> MSE 458,ED4-MSE
A91: MSE 458 | B91: PROCESS DYNANICS AND CONTROL | C91: Adjaottor Albert Amatey | D91: ED4-METE | E91: 55 | G91: =E91*1.1 -> 60.5 | I91: =CONCATENATE(A91,",",D91) -> MSE 458,ED4-METE
A92: EE 188 | B92: ELECTRICAL MEASUREMENTS & INSTRUMENTATION | C92: Nicholas Kwesi Prah II | D92: ED1-EE | E92: 295 | G92: =E92*1.1 -> 324.5 | I92: =CONCATENATE(A92,",",D92) -> EE 188,ED1-EE
A93: CE 262 | B93: SOIL AND ROCKS MECHANICS LABORATORY | C93: Dzikunu-Bansah Nancy Anataba Kyorku | D93: ED2-CE | E93: 250 | G93: =E93*1.1 -> 275 | I93: =CONCATENATE(A93,",",D93) -> CE 262,ED2-CE
A94: MSE 364 | B94: MATERIALS CHARACTERIZATION LABORATORY | C94: Arthur Emmanuel Kwesi | D94: ED3-MSE | E94: 85 | G94: =E94*1.1 -> 93.5 | I94: =CONCATENATE(A94,",",D94) -> MSE 364,ED3-MSE
A95: METE 358 | B95: METALLURGICAL CHARACTERIZATION LABORATORY | C95: Arthur Emmanuel Kwesi | D95: ED3-METE | E95: 87 | G95: =E95*1.1 -> 95.7 | I95: =CONCATENATE(A95,",",D95) -> METE 358,ED3-METE
A96: EE 462 | B96: ELECTRIC DRIVES | C96: Effah Francis Boafo | D96: ED4-EE | E96: 189 | F96: BYOD | G96: =E96*1.1 -> 207.9 | I96: =CONCATENATE(A96,",",D96) -> EE 462,ED4-EE
D97: Total T1-3 | E97: =SUM(E89:E96) -> 1097 | I97: ,Total T1-3
A98: Wednesday, 19 August 2026 | I98: Wednesday, 12 April 2023,
A99: Session, 1 (8:30 AM - 10:30 AM) | I99: Session, 1 (8:30 AM - 10:30 AM),
A100: CODE | B100: COURSE NAME | C100: EXAMINER | D100: CLASS | E100: # STDS | F100: ROOM NO. | G100: TO PRT | I100: CODE ,CLASS
A101: PL 252 | B101: {=IFERROR(VLOOKUP(I101:I109,Lectures_1!A2:F534,2,FALSE()),0)} -> PLANNING THE PHYSICAL ENVIRONMENT | C101: {=IFERROR(VLOOKUP(I101:I109,Lectures_1!A2:F534,3,FALSE()),0)} -> Aboagye Prince Anokye | D101: ED3-GEOM | E101: {=IFERROR(VLOOKUP(I101:I109,Lectures_1!A2:F534,4,FALSE()),0)} -> 122 | G101: =E101*1.1 -> 134.2 | I101: =CONCATENATE(A101,",",D101) -> PL 252,ED3-GEOM
A102: ME 264 | B102: MECHANISMS SYNTHESIS AND ANALYSIS I | C102: Ampofo Joshua | D102: ED2-ME | E102: 240 | G102: =E102*1.1 -> 264 | I102: =CONCATENATE(A102,",",D102) -> ME 264,ED2-ME
A103: ME 264 | B103: MECHANISMS SYNTHESIS AND ANALYSIS I | C103: Ampofo Joshua | D103: ED2-AERO | E103: 75 | G103: =E103*1.1 -> 82.5 | I103: =CONCATENATE(A103,",",D103) -> ME 264,ED2-AERO
...

Sheet TTFINAL
A1: Monday, 17 August 2026 | I1: =A1 -> Monday, 17 August 2026
A2: Session, 1 (8:30 AM - 10:30 AM) | I2: =A2 -> Session, 1 (8:30 AM - 10:30 AM)
A3: CODE | B3: COURSE NAME | C3: EXAMINER | D3: CLASS | E3: # STDS | F3: ROOM NO. | G3: TO PRT | I3: CODE ,COURSE NAME ,# STDS
A4: CHE 258 | B4: {=IFERROR(VLOOKUP(I4:I9,Lectures_1!A2:F534,2,FALSE()),0)} -> DRAWING FOR ENGINEERS | C4: {=IFERROR(VLOOKUP(I4:I9,Lectures_1!A2:F534,3,FALSE()),0)} -> Darkwah Lawrence | D4: ED2-CHE | E4: {=IFERROR(VLOOKUP(I4:I9,Lectures_1!A2:F534,4,FALSE()),0)} -> 160 | F4: VSLA/303/RMA/RMB/206/304 | G4: =E4*1.1 -> 176 | H4: 45/30/22/22/22/20 | I4: =CONCATENATE(A4,",",D4) -> CHE 258,ED2-CHE
A5: CHE 258 | B5: DRAWING FOR ENGINEERS | C5: Darkwah Lawrence | D5: ED2-PCE | E5: 65 | F5: NEB-FF2/NEB-FF1 | G5: =E5*1.1 -> 71.5 | H5: 25/40 | I5: =CONCATENATE(A5,",",D5) -> CHE 258,ED2-PCE
A6: COE 354 | B6: OPERATING SYSTEMS | C6: Kommey Benjamin | D6: ED3-COE | E6: 265 | F6: PB001/PB014/PB020/PB201/PB214/PB008/PB208/PB212 | G6: =E6*1.1 -> 291.5 | H6: 36/36/36/36/36/30/30/22 | I6: =CONCATENATE(A6,",",D6) -> COE 354,ED3-COE
A7: EE 156 | B7: ELECTRICAL ENG. DRAWING | C7: Kwegyir Daniel | D7: ED1-COE | E7: 262 | F7: NEB-TF/NEB-SF | G7: =E7*1.1 -> 288.2 | H7: 131/131 | I7: =CONCATENATE(A7,",",D7) -> EE 156,ED1-COE
A8: AERO 368 | B8: PROPULSION | C8: Bofah Kwasi Kete | D8: ED3-AERO | E8: 76 | F8: NAF1/A110 | G8: =E8*1.1 -> 83.6 | H8: 46/30 | I8: =CONCATENATE(A8,",",D8) -> AERO 368,ED3-AERO
A9: EE 272 | B9: DIGITAL SYSTEMS | C9: Opoku Daniel | D9: ED2-EE | E9: 340 | F9: PB001/PB014/PB020/PB201/PB214/PB008/PB208/PB212/NEB-FF1/NEB-FF2 | G9: =E9*1.1 -> 374 | H9: 38/38/38/38/38/28/28/25/45/25 | I9: =CONCATENATE(A9,",",D9) -> EE 272,ED2-EE
D10: Total M1-1 | E10: =SUM(E4:E9) -> 1168 | I10: ,Total T1-1
A12: Monday, 17 August 2026 | I12: =A12 -> Monday, 17 August 2026
A13: Session, 2 (12:00 PM - 2:00 PM) | I13: =A13 -> Session, 2 (12:00 PM - 2:00 PM)
A14: CODE | B14: COURSE NAME | C14: EXAMINER | D14: CLASS | E14: # STDS | F14: ROOM NO. | G14: TO PRT | I14: CODE ,CLASS
A15: ME 274 | B15: {=IFERROR(VLOOKUP(I15:I28,Lectures_1!A2:F534,2,FALSE()),0)} -> MACHINE DESIGN PROJECT | C15: {=IFERROR(VLOOKUP(I15:I28,Lectures_1!A2:F534,3,FALSE()),0)} -> Andoh Prince Yaw | D15: ED2-ME | E15: {=IFERROR(VLOOKUP(I15:I28,Lectures_1!A2:F534,4,FALSE()),0)} -> 240 | F15: Computer Based | G15: =E15*1.1 -> 264 | I15: =CONCATENATE(A15,",",D15) -> ME 274,ED2-ME
A16: AERO 274 | B16: AEROSPACE DESIGN PROJECT II | C16: Andoh Prince Yaw | D16: ED2-AERO | E16: 75 | G16: =E16*1.1 -> 82.5 | I16: =CONCATENATE(A16,",",D16) -> AERO 274,ED2-AERO
A17: IE 274 | B17: SECOND YEAR DESIGN PROJECT | C17: Andoh Prince Yaw | D17: ED2-IND | E17: 80 | G17: =E17*1.1 -> 88 | I17: =CONCATENATE(A17,",",D17) -> IE 274,ED2-IND
A18: AME 274 | B18: AUTOMOTIVE DESIGN PROJECT | C18: Andoh Prince Yaw | D18: ED2-AUTO | E18: 82 | G18: =E18*1.1 -> 90.2 | I18: =CONCATENATE(A18,",",D18) -> AME 274,ED2-AUTO
A19: MME 274 | B19: MARINE ENGINEERING DESIGN PROJECT II | C19: Andoh Prince Yaw | D19: ED2-MARI | E19: 37 | G19: =E19*1.1 -> 40.7 | I19: =CONCATENATE(A19,",",D19) -> MME 274,ED2-MARI
A20: PCE 450 | B20: PETROLEUM REFINING ENGINEERING | C20: Kwao-Boateng Emmanuela | D20: ED4-PCE | E20: 55 | F20: VSLA/303 | G20: =E20*1.1 -> 60.5 | H20: 35/20 | I20: =CONCATENATE(A20,",",D20) -> PCE 450,ED4-PCE
A21: PCE 464 | B21: REFINING PROCESSES TECHNOLOGY | C21: Kwao-Boateng Emmanuela | D21: ED4-CHE | E21: 50 | F21: NEB-FF1 | G21: =E21*1.1 -> 55 | H21: 50 | I21: =CONCATENATE(A21,",",D21) -> PCE 464,ED4-CHE
A22: ME 296 | B22: MECHANICAL ENGINEERING LAB. II | C22: Boahen Samuel | D22: ED2-AE | E22: 155 | F22: VSLA/303/RMA/RMB/206/304 | G22: =E22*1.1 -> 170.5 | H22: 40/30/22/22/22/20 | I22: =CONCATENATE(A22,",",D22) -> ME 296,ED2-AE
A23: CHE 362 | B23: SILICATE TECHNOLOGY II | C23: Momade Zsuzsanna Gál | D23: ED3-CHE | E23: 15 | F23: RMA | G23: =E23*1.1 -> 16.5 | H23: 15 | I23: =CONCATENATE(A23,",",D23) -> CHE 362,ED3-CHE
A24: EE 152 | B24: BASIC ELECTRONICS | C24: Kwegyir Daniel | D24: ED1-GEOM | E24: 103 | F24: NEB-SF | G24: =E24*1.1 -> 113.3 | H24: 103 | I24: =CONCATENATE(A24,",",D24) -> EE 152,ED1-GEOM
A25: EE 152 | B25: BASIC ELECTRONICS | C25: Kwegyir Daniel | D25: ED1-GEOL | E25: 125 | F25: NEB-TF | G25: =E25*1.1 -> 137.5 | H25: 125 | I25: =CONCATENATE(A25,",",D25) -> EE 152,ED1-GEOL
A26: CE 154 | B26: PROPERTIES OF CIVIL ENGINEERING MATERIAL | C26: Kankam Charles Kwame | D26: ED1-CE | E26: 245 | F26: PB001/PB014/PB020/PB201/PB214/PB008/PB208/PB212 | G26: =E26*1.1 -> 269.5 | H26: 35/35/35/35/35/25/25/20 | I26: =CONCATENATE(A26,",",D26) -> CE 154,ED1-CE
A27: CE 256 | B27: FLUID MECHANICS | C27: Anornu Geophrey Kwame | D27: ED2-GEOL | E27: 150 | F27: NAF1/A110/EA/VCR/NEB-FF1 | G27: =E27*1.1 -> 165 | H27: 40/30/30/25/25 | I27: =CONCATENATE(A27,",",D27) -> CE 256,ED2-GEOL
A28: CE 256 | B28: FLUID MECHANICS | C28: Anornu Geophrey Kwame | D28: ED2-CE | E28: 250 | F28: PB001/PB014/PB020/PB201/PB214/PB008/PB208/PB212 | G28: =E28*1.1 -> 275 | H28: 36/36/36/36/36/25/25/20 | I28: =CONCATENATE(A28,",",D28) -> CE 256,ED2-CE
D29: Total M1-2 | E29: =SUM(E20:E28) -> 1148 | I29: ,Total T1-2
A31: Monday, 17 August 2026 | I31: =A31 -> Monday, 17 August 2026
A32: Session, 3 (3:00 PM - 5:00 PM) | I32: =A32 -> Session, 3 (3:00 PM - 5:00 PM)
A33: CODE | B33: COURSE NAME | C33: EXAMINER | D33: CLASS | E33: # STDS | F33: ROOM NO. | G33: TO PRT | I33: CODE ,CLASS
A34: ME 374 | B34: {=IFERROR(VLOOKUP(I34:I41,Lectures_1!A2:F534,2,FALSE()),0)} -> MACHINE ELEMENTS DESIGN II | C34: {=IFERROR(VLOOKUP(I34:I41,Lectures_1!A2:F534,3,FALSE()),0)} -> Andoh Prince Yaw | D34: ED3-ME | E34: {=IFERROR(VLOOKUP(I34:I41,Lectures_1!A2:F534,4,FALSE()),0)} -> 222 | F34: COMPUTER BASED | G34: =E34*1.1 -> 244.2 | I34: =CONCATENATE(A34,",",D34) -> ME 374,ED3-ME
A35: ME 464 | B35: INSTRUMENTATION | C35: Adam Faisal Wahib | D35: ED4-ME | E35: 135 | F35: VSLA/303/206/RMA/RMB | G35: =E35*1.1 -> 148.5 | H35: 40/30/22/22/21 | I35: =CONCATENATE(A35,",",D35) -> ME 464,ED4-ME
A36: CE 376 | B36: QUANTITIES AND COST ESTIMATION IN CIVIL ENGINEERING | C36: Osei Jack Banahene | D36: ED3-CE | E36: 230 | F36: NEB-FF1/NEB-FF2/NEB-SF/NEB-TF | G36: =E36*1.1 -> 253 | H36: 50/30/75/75 | I36: =CONCATENATE(A36,",",D36) -> CE 376,ED3-CE
A37: EE 362 | B37: SUBSTATIONS AND TRANSMISSION LINE DESIGN | C37: Antoh Emmanuel Kwaku | D37: ED3-EE | E37: 240 | F37: PB001/PB014/PB020/PB201/PB214/PB008/PB208 | G37: =E37*1.1 -> 264 | H37: 37/37/37/37/37/28/28 | I37: =CONCATENATE(A37,",",D37) -> EE 362,ED3-EE
A38: AME 386 | B38: MANUAL POWER TRAIN | C38: Abu Frimpong Solomon | D38: ED3-AUTO | E38: 40 | F38: PB001/PB014 | G38: =E38*1.1 -> 44 | H38: 20/20 | I38: =CONCATENATE(A38,",",D38) -> AME 386,ED3-AUTO
A39: MME 482 | B39: NAVAL ARCHITECTURE II | C39: Kudzedzi Emmanuel Yaw Mawuko | D39: ED4-MARI | E39: 23 | F39: PB020 | G39: =E39*1.1 -> 25.3 | H39: 23 | I39: =CONCATENATE(A39,",",D39) -> MME 482,ED4-MARI
A40: PE 360 | B40: WELL TESTING | C40: Adenutsi Caspar Daniel | D40: ED3-PE | E40: 80 | F40: NEB-TF/NEB-SF | G40: =E40*1.1 -> 88 | H40: 40/40 | I40: =CONCATENATE(A40,",",D40) -> PE 360,ED3-PE
A41: GE 372 | B41: ANALYSIS OF ERRORS | C41: Collins Fosu | D41: ED3-GEOM | E41: 122 | F41: NAF1/A110/EA/VCR | G41: =E41*1.1 -> 134.2 | H41: 40/30/30/22 | I41: =CONCATENATE(A41,",",D41) -> GE 372,ED3-GEOM
D42: Total M1-2 | E42: =SUM(E34:E41) -> 1092 | I42: ,Total T1-2
A44: Tuesday, 18 August 2026 | I44: =A44 -> Tuesday, 18 August 2026
A45: Session, 1 (8:30 AM - 10:30 AM) | I45: =A45 -> Session, 1 (8:30 AM - 10:30 AM)
A46: CODE | B46: COURSE NAME | C46: EXAMINER | D46: CLASS | E46: # STDS | F46: ROOM NO. | G46: TO PRT | I46: CODE ,COURSE NAME ,# STDS
A47: PHY 170 | B47: {=IFERROR(VLOOKUP(I47:I61,Lectures_1!A2:F534,2,FALSE()),0)} -> GENERAL PHYSICS | C47: {=IFERROR(VLOOKUP(I47:I61,Lectures_1!A2:F534,3,FALSE()),0)} -> Boateng Cyril Dziedzorm | D47: ED1-CHE | E47: {=IFERROR(VLOOKUP(I47:I61,Lectures_1!A2:F534,4,FALSE()),0)} -> 120 | F47: Computer Based | G47: =E47*1.1 -> 132 | I47: =CONCATENATE(A47,",",D47) -> PHY 170,ED1-CHE
A48: PHY 170 | B48: GENERAL PHYSICS | C48: Abavare Eric Kwabena Kyeh | D48: ED1-PCE | E48: 56 | G48: =E48*1.1 -> 61.6 | I48: =CONCATENATE(A48,",",D48) -> PHY 170,ED1-PCE
A49: PHY 170 | B49: GENERAL PHYSICS | C49: Boateng Cyril Dziedzorm | D49: ED1-PE | E49: 130 | G49: =E49*1.1 -> 143 | I49: =CONCATENATE(A49,",",D49) -> PHY 170,ED1-PE
A50: MME 292 | B50: SEAMANSHIP | C50: Larkai Francis Laako | D50: ED2-MARI | E50: 37 | F50: PB020 | G50: =E50*1.1 -> 40.7 | H50: 37 | I50: =CONCATENATE(A50,",",D50) -> MME 292,ED2-MARI
A51: MME 396 | B51: MARINE ENGINEERING LABORATORY III | C51: Tay Godwin Fabiola Kwaku | D51: ED3-MARI | E51: 40 | F51: NEB-FF1 | G51: =E51*1.1 -> 44 | H51: 40 | I51: =CONCATENATE(A51,",",D51) -> MME 396,ED3-MARI
A52: AE 358 | B52: RENEWABLE ENERGY SYSTEMS AND MANAGEMENT | C52: Kemausuor Francis | D52: ED3-AE | E52: 101 | F52: PB001/PB020/PB014 | G52: =E52*1.1 -> 111.1 | H52: 34/34/34 | I52: =CONCATENATE(A52,",",D52) -> AE 358,ED3-AE
A53: ARC 156 | B53: INTRODUCTION TO LIGHTING AND ACOUSTICS | C53: Amos-Abanyie Samuel | D53: ED1-CE | E53: 55 | F53: NAF1/EA | G53: =E53*1.1 -> 60.5 | H53: 35/20 | I53: =CONCATENATE(A53,",",D53) -> ARC 156,ED1-CE
A54: TE 156 | B54: INTRODUCTION TO COMMUNICATION NETWORKS | C54: Agyemang Justice Owusu | D54: ED1-TEL | E54: 130 | F54: NEB-TF | G54: =E54*1.1 -> 143 | H54: 130 | I54: =CONCATENATE(A54,",",D54) -> TE 156,ED1-TEL
A55: PCE 354 | B55: PETROCHEMICAL ENGINEERING LABORATORY II | C55: Bonsu Jude Kwaku | D55: ED3-PCE | E55: 53 | F55: NEB-SF | G55: =E55*1.1 -> 58.3 | H55: 53 | I55: =CONCATENATE(A55,",",D55) -> PCE 354,ED3-PCE
A56: PE 254 | B56: DRAWING FOR ENGINEERS | C56: Jones Twumasi | D56: ED2-PE | E56: 95 | F56: PB201/PB214/PB008 | G56: =E56*1.1 -> 104.5 | H56: 33/32/30 | I56: =CONCATENATE(A56,",",D56) -> PE 254,ED2-PE
A57: BME 372 | B57: BIOINSTRUMENTATION I | C57: Acquah Isaac | D57: ED3-BME | E57: 90 | F57: VSLA/303/RMA/RMB | G57: =E57*1.1 -> 99 | H57: 35/25/15/15 | I57: =CONCATENATE(A57,",",D57) -> BME 372,ED3-BME
A58: GED 468 | B58: GEOSTATISTICS | C58: Nuamah Daniel Oduro Boatey | D58: ED4-GEOL | E58: 72 | F58: NEB-SF | G58: =E58*1.1 -> 79.2 | H58: 72 | I58: =CONCATENATE(A58,",",D58) -> GED 468,ED4-GEOL
A59: AE 458 | B59: CROP LOSSES AND THEIR CONTROL | C59: Darko Joseph Ofei | D59: ED4-AE | E59: 103 | F59: NAF1/EA/A110 | G59: =E59*1.1 -> 113.3 | H59: 43/30/30 | I59: =CONCATENATE(A59,",",D59) -> AE 458,ED4-AE
A60: CE 464 | B60: ENVIRONMENTAL QUALITY ENGINEERING II | C60: Appiah-Effah Eugene | D60: ED4-CE | E60: 115 | F60: VSLA/303/RMA/RMB | G60: =E60*1.1 -> 126.5 | H60: 42/30/22/21 | I60: =CONCATENATE(A60,",",D60) -> CE 464,ED4-CE
A61: AERO 396 | B61: AEROSPACE ENGINEERING LAB II | C61: Oppong David Kofi | D61: ED3-AERO | E61: 76 | F61: NEB-FF1/NEB-FF2 | G61: =E61*1.1 -> 83.6 | H61: 50/26 | I61: =CONCATENATE(A61,",",D61) -> AERO 396,ED3-AERO
D62: Total T1-1 | E62: =SUM(E50:E61) -> 967 | I62: ,Total T1-1
I63: ,
A64: Tuesday, 18 August 2026 | I64: =A64 -> Tuesday, 18 August 2026
A65: Session, 2 (12:00 PM - 2:00 PM) | I65: =A65 -> Session, 2 (12:00 PM - 2:00 PM)
A66: CODE | B66: COURSE NAME | C66: EXAMINER | D66: CLASS | E66: # STDS | F66: ROOM NO. | G66: TO PRT | I66: CODE ,CLASS
A67: COE 254 | B67: {=IFERROR(VLOOKUP(I67:I80,Lectures_1!A2:F534,2,FALSE()),0)} -> OBJECT-ORIENTED PROGRAMMING | C67: {=IFERROR(VLOOKUP(I67:I80,Lectures_1!A2:F534,3,FALSE()),0)} -> Adjaidoo Theresa-Samuelle Maame Atwemaah | D67: ED2-COE | E67: {=IFERROR(VLOOKUP(I67:I80,Lectures_1!A2:F534,4,FALSE()),0)} -> 255 | F67: NEB-TF/NEB-SF | G67: =E67*1.1 -> 280.5 | H67: 170/85 | I67: =CONCATENATE(A67,",",D67) -> COE 254,ED2-COE
A68: COE 254 | B68: OBJECT-ORIENTED PROGRAMMING | C68: Adjaidoo Theresa-Samuelle Maame Atwemaah | D68: ED2-BME | E68: 80 | F68: NEB-SF | G68: =E68*1.1 -> 88 | H68: 80 | I68: =CONCATENATE(A68,",",D68) -> COE 254,ED2-BME
A69: ME 168 | B69: COMPUTER PROGRAMMING FOR ENGINEERS | C69: Dzebre Denis Edem Kwame | D69: ED1-IND | E69: 83 | F69: VSLA/303/206 | G69: =E69*1.1 -> 91.3 | H69: 38/25/20 | I69: =CONCATENATE(A69,",",D69) -> ME 168,ED1-IND
A70: ME 168 | B70: COMPUTER PROGRAMMING FOR ENGINEERS | C70: Dzebre Denis Edem Kwame | D70: ED1-MARI | E70: 46 | F70: PB008/PB208 | G70: =E70*1.1 -> 50.6 | H70: 23/23 | I70: =CONCATENATE(A70,",",D70) -> ME 168,ED1-MARI
A71: MSE 154 | B71: OPTICAL AND THERMAL BEHAVIOUR OF MATERIALS | C71: Nartey Martinson Addo | D71: ED1-METE | E71: 75 | F71: NEB-FF2/NEB-FF1 | G71: =E71*1.1 -> 82.5 | H71: 30/45 | I71: =CONCATENATE(A71,",",D71) -> MSE 154,ED1-METE
A72: MSE 154 | B72: OPTICAL AND THERMAL BEHAVIOUR OF MATERIALS | C72: Nartey Martinson Addo | D72: ED1-MSE | E72: 100 | F72: EA/A110/NAF1 | G72: =E72*1.1 -> 110 | H72: 30/30/40 | I72: =CONCATENATE(A72,",",D72) -> MSE 154,ED1-MSE
A73: ME 482 | B73: MECHANICAL ENGINEERING MATERIALS III | C73: Sackey Samuel Mensah | D73: ED4-ME | E73: 55 | F73: VSLA/303 | G73: =E73*1.1 -> 60.5 | H73: 35/20 | I73: =CONCATENATE(A73,",",D73) -> ME 482,ED4-ME
A74: TE 384 | B74: SWITCHING ENGINEERING IN COMMUNICATION | C74: Obour Agyekum Kwame Opuni-Boachie | D74: ED3-EE | E74: 10 | F74: EA | G74: =E74*1.1 -> 11 | H74: 10 | I74: =CONCATENATE(A74,",",D74) -> TE 384,ED3-EE
A75: TE 356 | B75: SWITCHING ENGINEERING IN COMMUNICATION | C75: Agyekum Kwame Agyeman-Prempeh | D75: ED3-TEL | E75: 140 | F75: PB001/PB014/PB201/PB214 | G75: =E75*1.1 -> 154 | H75: 35/35/35/35 | I75: =CONCATENATE(A75,",",D75) -> TE 356,ED3-TEL
A76: AERO 452 | B76: AERODYNAMICS II | C76: Bofah Kwasi Kete | D76: ED4-AERO | E76: 61 | F76: PB214/PB020 | G76: =E76*1.1 -> 67.1 | H76: 31/30 | I76: =CONCATENATE(A76,",",D76) -> AERO 452,ED4-AERO
A77: METE 256 | B77: ASSAYING | C77: Koomson Bennetta | D77: ED2-METE | E77: 57 | F77: NAF1/A110 | G77: =E77*1.1 -> 62.7 | H77: 35/22 | I77: =CONCATENATE(A77,",",D77) -> METE 256,ED2-METE
A78: IE 368 | B78: OPERATIONS RESEARCH II | C78: Asiedu Charlotte | D78: ED3-IND | E78: 70 | F78: PB001/PB014 | G78: =E78*1.1 -> 77 | H78: 35/35 | I78: =CONCATENATE(A78,",",D78) -> IE 368,ED3-IND
A79: CHE 368 | B79: FOOD PROCESSING TECHNOLOGY | C79: Anang Daniel Adjah | D79: ED3-CHE | E79: 50 | F79: PB208/PB008 | G79: =E79*1.1 -> 55 | H79: 25/25 | I79: =CONCATENATE(A79,",",D79) -> CHE 368,ED3-CHE
A80: IE 452 | B80: AUTOMATION AND PRODUCTION SYSTEM | C80: Sackey Samuel Mensah | D80: ED4-IND | E80: 69 | F80: PB020/PB201 | G80: =E80*1.1 -> 75.9 | H80: 35/34 | I80: =CONCATENATE(A80,",",D80) -> IE 452,ED4-IND
D81: Total T1-2 | E81: =SUM(E67:E80) -> 1151 | I81: ,Total T1-2
A82: Tuesday, 18 August 2026 | I82: =A82 -> Tuesday, 18 August 2026
A83: Session, 3 (3:00 PM - 5:00 PM) | I83: =A83 -> Session, 3 (3:00 PM - 5:00 PM)
A84: CODE | B84: COURSE NAME | C84: EXAMINER | D84: CLASS | E84: # STDS | F84: ROOM NO. | G84: TO PRT | I84: CODE ,CLASS
A85: BME 166 | B85: {=IFERROR(VLOOKUP(I85:I94,Lectures_1!A2:F534,2,FALSE()),0)} -> BIOCHEMISTRY | C85: {=IFERROR(VLOOKUP(I85:I94,Lectures_1!A2:F534,3,FALSE()),0)} -> Charles Apprey | D85: ED1-BME | E85: {=IFERROR(VLOOKUP(I85:I94,Lectures_1!A2:F534,4,FALSE()),0)} -> 136 | F85: PB001/PB020/PB201/PB214 | G85: =E85*1.1 -> 149.6 | H85: 34/34/34/34 | I85: =CONCATENATE(A85,",",D85) -> BME 166,ED1-BME
A86: MSE 458 | B86: PROCESS DYNAMICS AND CONTROL | C86: Adjaottor Albert Amatey | D86: ED4-MSE | E86: 60 | F86: NEB-SF | G86: =E86*1.1 -> 66 | H86: 60 | I86: =CONCATENATE(A86,",",D86) -> MSE 458,ED4-MSE
A87: MSE 458 | B87: PROCESS DYNANICS AND CONTROL | C87: Adjaottor Albert Amatey | D87: ED4-METE | E87: 55 | F87: VSLA/304 | G87: =E87*1.1 -> 60.5 | H87: 40/15 | I87: =CONCATENATE(A87,",",D87) -> MSE 458,ED4-METE
A88: EE 188 | B88: ELECTRICAL MEASUREMENTS & INSTRUMENTATION | C88: Nicholas Kwesi Prah II | D88: ED1-EE | E88: 295 | F88: PB001/PB014/PB020/PB201/PB214/PB008/PB208/PB212/NEB-TF | G88: =E88*1.1 -> 324.5 | H88: 36/36/36/36/36/30/30/25/30 | I88: =CONCATENATE(A88,",",D88) -> EE 188,ED1-EE
A89: GE 286 | B89: PRINCIPLES OF SURVEYING | C89: Akwasi Afrifa Acheampong | D89: ED2-AE | E89: 155 | F89: VSLA/303/206/RMA/RMB/304 | G89: =E89*1.1 -> 170.5 | H89: 40/30/22/22/22/20 | I89: =CONCATENATE(A89,",",D89) -> GE 286,ED2-AE
A90: PE 466 | B90: FUNDAMENTALS OF PETROLEUM LAW | C90: Amoah Enoch Kwabena | D90: ED4-PE | E90: 99 | F90: NAF1/EA/A110 | G90: =E90*1.1 -> 108.9 | H90: 40/30/30 | I90: =CONCATENATE(A90,",",D90) -> PE 466,ED4-PE
A91: MSE 254 | B91: INTRODUCTION TO CERAMICS | C91: Andrews Anthony | D91: ED2-MSE | E91: 83 | F91: NAF1/A110/EA | G91: =E91*1.1 -> 91.3 | H91: 36/24/23 | I91: =CONCATENATE(A91,",",D91) -> MSE 254,ED2-MSE
A92: MSE 364 | B92: MATERIALS CHARACTERIZATION LABORATORY | C92: Arthur Emmanuel Kwesi | D92: ED3-MSE | E92: 85 | F92: PB014/PB008/PB208 | G92: =E92*1.1 -> 93.5 | H92: 35/25/25 | I92: =CONCATENATE(A92,",",D92) -> MSE 364,ED3-MSE
A93: METE 358 | B93: METALLURGICAL CHARACTERIZATION LABORATORY | C93: Arthur Emmanuel Kwesi | D93: ED3-METE | E93: 87 | F93: 303/RMA/RMA/206 | G93: =E93*1.1 -> 95.7 | H93: 25/21/21/20 | I93: =CONCATENATE(A93,",",D93) -> METE 358,ED3-METE
A94: EE 468 | B94: POWER SYSTEMS PROTECTION | C94: Frimpong Emmanuel Asuming | D94: ED4-EE | E94: 205 | F94: NEB-TF/NEB-SF/NEB-FF1 | G94: =E94*1.1 -> 225.5 | H94: 78/77/50 | I94: =CONCATENATE(A94,",",D94) -> EE 468,ED4-EE
D95: Total T1-3 | E95: =SUM(E86:E94) -> 1124 | I95: ,Total T1-3
A96: Wednesday, 19 August 2026 | I96: =A96 -> Wednesday, 19 August 2026
A97: Session, 1 (8:30 AM - 10:30 AM) | I97: =A97 -> Session, 1 (8:30 AM - 10:30 AM)
A98: CODE | B98: COURSE NAME | C98: EXAMINER | D98: CLASS | E98: # STDS | F98: ROOM NO. | G98: TO PRT | I98: CODE ,CLASS
A99: PL 252 | B99: {=IFERROR(VLOOKUP(I99:I107,Lectures_1!A2:F534,2,FALSE()),0)} -> PLANNING THE PHYSICAL ENVIRONMENT | C99: {=IFERROR(VLOOKUP(I99:I107,Lectures_1!A2:F534,3,FALSE()),0)} -> Aboagye Prince Anokye | D99: ED3-GEOM | E99: {=IFERROR(VLOOKUP(I99:I107,Lectures_1!A2:F534,4,FALSE()),0)} -> 122 | F99: NAF1/EA/A110/VCR | G99: =E99*1.1 -> 134.2 | H99: 40/30/30/22 | I99: =CONCATENATE(A99,",",D99) -> PL 252,ED3-GEOM
A100: ME 264 | B100: MECHANISMS SYNTHESIS AND ANALYSIS I | C100: Ampofo Joshua | D100: ED2-ME | E100: 240 | F100: PB001/PB014/PB020/PB201/PB214/PB008/PB208/PB212 | G100: =E100*1.1 -> 264 | H100: 34/34/34/34/34/25/25/20 | I100: =CONCATENATE(A100,",",D100) -> ME 264,ED2-ME
A101: ME 264 | B101: MECHANISMS SYNTHESIS AND ANALYSIS I | C101: Ampofo Joshua | D101: ED2-AERO | E101: 75 | F101: NEB-TF | G101: =E101*1.1 -> 82.5 | H101: 75 | I101: =CONCATENATE(A101,",",D101) -> ME 264,ED2-AERO
A102: ME 264 | B102: MECHANISMS SYNTHESIS AND ANALYSIS I | C102: Ampofo Joshua | D102: ED2-IND | E102: 80 | F102: VSLA/303/206 | G102: =E102*1.1 -> 88 | H102: 35/25/20 | I102: =CONCATENATE(A102,",",D102) -> ME 264,ED2-IND
A103: ME 264 | B103: MECHANISMS SYNTHESIS AND ANALYSIS I | C103: Ampofo Joshua | D103: ED2-AUTO | E103: 82 | F103: NEB-SF/NEB-FF1 | G103: =E103*1.1 -> 90.2 | H103: 52/30 | I103: =CONCATENATE(A103,",",D103) -> ME 264,ED2-AUTO
...

Sheet TT
A1: Monday, 17 August 2026 | I1: =A1 -> Monday, 17 August 2026
A2: Session, 1 (8:30 AM - 10:30 AM) | I2: =A2 -> Session, 1 (8:30 AM - 10:30 AM)
A3: CODE | B3: COURSE NAME | C3: EXAMINER | D3: CLASS | E3: # STDS | F3: ROOM NO. | G3: TO PRT | I3: CODE ,COURSE NAME ,# STDS
A4: CHE 258 | B4: {=IFERROR(VLOOKUP(I4:I9,Lectures_1!A2:F534,2,FALSE()),0)} -> DRAWING FOR ENGINEERS | C4: {=IFERROR(VLOOKUP(I4:I9,Lectures_1!A2:F534,3,FALSE()),0)} -> Darkwah Lawrence | D4: ED2-CHE | E4: {=IFERROR(VLOOKUP(I4:I9,Lectures_1!A2:F534,4,FALSE()),0)} -> 160 | F4: VSLA/303/RMA/RMB/206/304 | G4: =E4*1.1 -> 176 | H4: 45/30/22/22/22/20 | I4: =CONCATENATE(A4,",",D4) -> CHE 258,ED2-CHE
A5: CHE 258 | B5: DRAWING FOR ENGINEERS | C5: Darkwah Lawrence | D5: ED2-PCE | E5: 65 | F5: NEB-FF2/NEB-FF1 | G5: =E5*1.1 -> 71.5 | H5: 25/40 | I5: =CONCATENATE(A5,",",D5) -> CHE 258,ED2-PCE
A6: COE 354 | B6: OPERATING SYSTEMS | C6: Kommey Benjamin | D6: ED3-COE | E6: 265 | F6: PB001/PB014/PB020/PB201/PB214/PB008/PB208/PB212 | G6: =E6*1.1 -> 291.5 | H6: 36/36/36/36/36/30/30/22 | I6: =CONCATENATE(A6,",",D6) -> COE 354,ED3-COE
A7: EE 156 | B7: ELECTRICAL ENG. DRAWING | C7: Kwegyir Daniel | D7: ED1-COE | E7: 262 | F7: BYOD1/BYOD2 | G7: =E7*1.1 -> 288.2 | H7: 131/131 | I7: =CONCATENATE(A7,",",D7) -> EE 156,ED1-COE
A8: AERO 368 | B8: PROPULSION | C8: Bofah Kwasi Kete | D8: ED3-AERO | E8: 76 | F8: NAF1/A110 | G8: =E8*1.1 -> 83.6 | H8: 46/30 | I8: =CONCATENATE(A8,",",D8) -> AERO 368,ED3-AERO
A9: EE 272 | B9: DIGITAL SYSTEMS | C9: Opoku Daniel | D9: ED2-EE | E9: 340 | F9: PB001/PB014/PB020/PB201/PB214/PB008/PB208/PB212/NEB-FF1/NEB-FF2 | G9: =E9*1.1 -> 374 | H9: 38/38/38/38/38/28/28/25/45/25 | I9: =CONCATENATE(A9,",",D9) -> EE 272,ED2-EE
D10: Total M1-1 | E10: =SUM(E4:E9) -> 1168 | I10: ,Total T1-1
A12: Monday, 17 August 2026 | I12: =A12 -> Monday, 17 August 2026
A13: Session, 2 (12:00 PM - 2:00 PM) | I13: =A13 -> Session, 2 (12:00 PM - 2:00 PM)
A14: CODE | B14: COURSE NAME | C14: EXAMINER | D14: CLASS | E14: # STDS | F14: ROOM NO. | G14: TO PRT | I14: CODE ,CLASS
A15: ME 274 | B15: {=IFERROR(VLOOKUP(I15:I28,Lectures_1!A2:F534,2,FALSE()),0)} -> MACHINE DESIGN PROJECT | C15: {=IFERROR(VLOOKUP(I15:I28,Lectures_1!A2:F534,3,FALSE()),0)} -> Andoh Prince Yaw | D15: ED2-ME | E15: {=IFERROR(VLOOKUP(I15:I28,Lectures_1!A2:F534,4,FALSE()),0)} -> 240 | F15: Computer Based | G15: =E15*1.1 -> 264 | I15: =CONCATENATE(A15,",",D15) -> ME 274,ED2-ME
A16: AERO 274 | B16: AEROSPACE DESIGN PROJECT II | C16: Andoh Prince Yaw | D16: ED2-AERO | E16: 75 | G16: =E16*1.1 -> 82.5 | I16: =CONCATENATE(A16,",",D16) -> AERO 274,ED2-AERO
A17: IE 274 | B17: SECOND YEAR DESIGN PROJECT | C17: Andoh Prince Yaw | D17: ED2-IND | E17: 80 | G17: =E17*1.1 -> 88 | I17: =CONCATENATE(A17,",",D17) -> IE 274,ED2-IND
A18: AME 274 | B18: AUTOMOTIVE DESIGN PROJECT | C18: Andoh Prince Yaw | D18: ED2-AUTO | E18: 82 | G18: =E18*1.1 -> 90.2 | I18: =CONCATENATE(A18,",",D18) -> AME 274,ED2-AUTO
A19: MME 274 | B19: MARINE ENGINEERING DESIGN PROJECT II | C19: Andoh Prince Yaw | D19: ED2-MARI | E19: 37 | G19: =E19*1.1 -> 40.7 | I19: =CONCATENATE(A19,",",D19) -> MME 274,ED2-MARI
A20: PCE 450 | B20: PETROLEUM REFINING ENGINEERING | C20: Kwao-Boateng Emmanuela | D20: ED4-PCE | E20: 55 | F20: VSLA/303 | G20: =E20*1.1 -> 60.5 | H20: 35/20 | I20: =CONCATENATE(A20,",",D20) -> PCE 450,ED4-PCE
A21: PCE 464 | B21: REFINING PROCESSES TECHNOLOGY | C21: Kwao-Boateng Emmanuela | D21: ED4-CHE | E21: 50 | F21: NEB-FF1 | G21: =E21*1.1 -> 55 | H21: 50 | I21: =CONCATENATE(A21,",",D21) -> PCE 464,ED4-CHE
A22: ME 296 | B22: MECHANICAL ENGINEERING LAB. II | C22: Boahen Samuel | D22: ED2-AE | E22: 155 | F22: VSLA/303/RMA/RMB/206/304 | G22: =E22*1.1 -> 170.5 | H22: 40/30/22/22/22/20 | I22: =CONCATENATE(A22,",",D22) -> ME 296,ED2-AE
A23: CHE 362 | B23: SILICATE TECHNOLOGY II | C23: Momade Zsuzsanna Gál | D23: ED3-CHE | E23: 15 | F23: RMA | G23: =E23*1.1 -> 16.5 | H23: 15 | I23: =CONCATENATE(A23,",",D23) -> CHE 362,ED3-CHE
A24: EE 152 | B24: BASIC ELECTRONICS | C24: Kwegyir Daniel | D24: ED1-GEOM | E24: 103 | F24: BYOD2 | G24: =E24*1.1 -> 113.3 | H24: 103 | I24: =CONCATENATE(A24,",",D24) -> EE 152,ED1-GEOM
A25: EE 152 | B25: BASIC ELECTRONICS | C25: Kwegyir Daniel | D25: ED1-GEOL | E25: 125 | F25: BYOD1 | G25: =E25*1.1 -> 137.5 | H25: 125 | I25: =CONCATENATE(A25,",",D25) -> EE 152,ED1-GEOL
A26: CE 154 | B26: PROPERTIES OF CIVIL ENGINEERING MATERIAL | C26: Kankam Charles Kwame | D26: ED1-CE | E26: 245 | F26: PB001/PB014/PB020/PB201/PB214/PB008/PB208/PB212 | G26: =E26*1.1 -> 269.5 | H26: 35/35/35/35/35/25/25/20 | I26: =CONCATENATE(A26,",",D26) -> CE 154,ED1-CE
A27: CE 256 | B27: FLUID MECHANICS | C27: Anornu Geophrey Kwame | D27: ED2-GEOL | E27: 150 | F27: NAF1/A110/EA/VCR/NEB-FF1 | G27: =E27*1.1 -> 165 | H27: 40/30/30/25/25 | I27: =CONCATENATE(A27,",",D27) -> CE 256,ED2-GEOL
A28: CE 256 | B28: FLUID MECHANICS | C28: Anornu Geophrey Kwame | D28: ED2-CE | E28: 250 | F28: PB001/PB014/PB020/PB201/PB214/PB008/PB208/PB212 | G28: =E28*1.1 -> 275 | H28: 36/36/36/36/36/25/25/20 | I28: =CONCATENATE(A28,",",D28) -> CE 256,ED2-CE
D29: Total M1-2 | E29: =SUM(E20:E28) -> 1148 | I29: ,Total T1-2
A31: Monday, 17 August 2026 | I31: =A31 -> Monday, 17 August 2026
A32: Session, 3 (3:00 PM - 5:00 PM) | I32: =A32 -> Session, 3 (3:00 PM - 5:00 PM)
A33: CODE | B33: COURSE NAME | C33: EXAMINER | D33: CLASS | E33: # STDS | F33: ROOM NO. | G33: TO PRT | I33: CODE ,CLASS
A34: ME 374 | B34: {=IFERROR(VLOOKUP(I34:I41,Lectures_1!A2:F534,2,FALSE()),0)} -> MACHINE ELEMENTS DESIGN II | C34: {=IFERROR(VLOOKUP(I34:I41,Lectures_1!A2:F534,3,FALSE()),0)} -> Andoh Prince Yaw | D34: ED3-ME | E34: {=IFERROR(VLOOKUP(I34:I41,Lectures_1!A2:F534,4,FALSE()),0)} -> 222 | F34: COMPUTER BASED | G34: =E34*1.1 -> 244.2 | I34: =CONCATENATE(A34,",",D34) -> ME 374,ED3-ME
A35: ME 464 | B35: INSTRUMENTATION | C35: Adam Faisal Wahib | D35: ED4-ME | E35: 135 | F35: VSLA/303/206/RMA/RMB | G35: =E35*1.1 -> 148.5 | H35: 40/30/22/22/21 | I35: =CONCATENATE(A35,",",D35) -> ME 464,ED4-ME
A36: CE 376 | B36: QUANTITIES AND COST ESTIMATION IN CIVIL ENGINEERING | C36: Osei Jack Banahene | D36: ED3-CE | E36: 230 | F36: NEB-FF1/NEB-FF2/NEB-SF/NEB-TF | G36: =E36*1.1 -> 253 | H36: 50/30/75/75 | I36: =CONCATENATE(A36,",",D36) -> CE 376,ED3-CE
A37: EE 362 | B37: SUBSTATIONS AND TRANSMISSION LINE DESIGN | C37: Antoh Emmanuel Kwaku | D37: ED3-EE | E37: 240 | F37: PB001/PB014/PB020/PB201/PB214/PB008/PB208 | G37: =E37*1.1 -> 264 | H37: 37/37/37/37/37/28/28 | I37: =CONCATENATE(A37,",",D37) -> EE 362,ED3-EE
A38: AME 386 | B38: MANUAL POWER TRAIN | C38: Abu Frimpong Solomon | D38: ED3-AUTO | E38: 40 | F38: PB001/PB014 | G38: =E38*1.1 -> 44 | H38: 20/20 | I38: =CONCATENATE(A38,",",D38) -> AME 386,ED3-AUTO
A39: MME 482 | B39: NAVAL ARCHITECTURE II | C39: Kudzedzi Emmanuel Yaw Mawuko | D39: ED4-MARI | E39: 23 | F39: PB020 | G39: =E39*1.1 -> 25.3 | H39: 23 | I39: =CONCATENATE(A39,",",D39) -> MME 482,ED4-MARI
A40: PE 360 | B40: WELL TESTING | C40: Adenutsi Caspar Daniel | D40: ED3-PE | E40: 80 | F40: NEB-TF/NEB-SF | G40: =E40*1.1 -> 88 | H40: 40/40 | I40: =CONCATENATE(A40,",",D40) -> PE 360,ED3-PE
A41: GE 372 | B41: ANALYSIS OF ERRORS | C41: Collins Fosu | D41: ED3-GEOM | E41: 122 | F41: NAF1/A110/EA/VCR | G41: =E41*1.1 -> 134.2 | H41: 40/30/30/22 | I41: =CONCATENATE(A41,",",D41) -> GE 372,ED3-GEOM
D42: Total M1-2 | E42: =SUM(E34:E41) -> 1092 | I42: ,Total T1-2
A44: Tuesday, 18 August 2026 | I44: =A44 -> Tuesday, 18 August 2026
A45: Session, 1 (8:30 AM - 10:30 AM) | I45: =A45 -> Session, 1 (8:30 AM - 10:30 AM)
A46: CODE | B46: COURSE NAME | C46: EXAMINER | D46: CLASS | E46: # STDS | F46: ROOM NO. | G46: TO PRT | I46: CODE ,COURSE NAME ,# STDS
A47: PHY 170 | B47: {=IFERROR(VLOOKUP(I47:I60,Lectures_1!A2:F534,2,FALSE()),0)} -> GENERAL PHYSICS | C47: {=IFERROR(VLOOKUP(I47:I60,Lectures_1!A2:F534,3,FALSE()),0)} -> Boateng Cyril Dziedzorm | D47: ED1-CHE | E47: {=IFERROR(VLOOKUP(I47:I60,Lectures_1!A2:F534,4,FALSE()),0)} -> 120 | F47: Computer Based | G47: =E47*1.1 -> 132 | I47: =CONCATENATE(A47,",",D47) -> PHY 170,ED1-CHE
A48: PHY 170 | B48: GENERAL PHYSICS | C48: Abavare Eric Kwabena Kyeh | D48: ED1-PCE | E48: 56 | G48: =E48*1.1 -> 61.6 | I48: =CONCATENATE(A48,",",D48) -> PHY 170,ED1-PCE
A49: PHY 170 | B49: GENERAL PHYSICS | C49: Boateng Cyril Dziedzorm | D49: ED1-PE | E49: 130 | G49: =E49*1.1 -> 143 | I49: =CONCATENATE(A49,",",D49) -> PHY 170,ED1-PE
A50: MME 292 | B50: SEAMANSHIP | C50: Larkai Francis Laako | D50: ED2-MARI | E50: 37 | F50: PB020 | G50: =E50*1.1 -> 40.7 | H50: 37 | I50: =CONCATENATE(A50,",",D50) -> MME 292,ED2-MARI
A51: MME 396 | B51: MARINE ENGINEERING LABORATORY III | C51: Tay Godwin Fabiola Kwaku | D51: ED3-MARI | E51: 40 | F51: NEB-FF1 | G51: =E51*1.1 -> 44 | H51: 40 | I51: =CONCATENATE(A51,",",D51) -> MME 396,ED3-MARI
A52: AE 358 | B52: RENEWABLE ENERGY SYSTEMS AND MANAGEMENT | C52: Kemausuor Francis | D52: ED3-AE | E52: 101 | F52: PB001/PB020/PB014 | G52: =E52*1.1 -> 111.1 | H52: 34/34/34 | I52: =CONCATENATE(A52,",",D52) -> AE 358,ED3-AE
A53: ARC 156 | B53: INTRODUCTION TO LIGHTING AND ACOUSTICS | C53: Amos-Abanyie Samuel | D53: ED1-CE | E53: 55 | F53: NEB-SF | G53: =E53*1.1 -> 60.5 | H53: 55 | I53: =CONCATENATE(A53,",",D53) -> ARC 156,ED1-CE
A54: TE 156 | B54: INTRODUCTION TO COMMUNICATION NETWORKS | C54: Agyemang Justice Owusu | D54: ED1-TEL | E54: 130 | F54: BYOD1 | G54: =E54*1.1 -> 143 | H54: 130 | I54: =CONCATENATE(A54,",",D54) -> TE 156,ED1-TEL
A55: PCE 354 | B55: PETROCHEMICAL ENGINEERING LABORATORY II | C55: Bonsu Jude Kwaku | D55: ED3-PCE | E55: 53 | F55: BYOD2 | G55: =E55*1.1 -> 58.3 | H55: 53 | I55: =CONCATENATE(A55,",",D55) -> PCE 354,ED3-PCE
A56: PE 254 | B56: DRAWING FOR ENGINEERS | C56: Jones Twumasi | D56: ED2-PE | E56: 95 | F56: PB201/PB214/PB008 | G56: =E56*1.1 -> 104.5 | H56: 33/32/30 | I56: =CONCATENATE(A56,",",D56) -> PE 254,ED2-PE
A57: BME 372 | B57: BIOINSTRUMENTATION I | C57: Acquah Isaac | D57: ED3-BME | E57: 90 | F57: VSLA/303/RMA/RMB | G57: =E57*1.1 -> 99 | H57: 35/25/15/15 | I57: =CONCATENATE(A57,",",D57) -> BME 372,ED3-BME
A58: AE 458 | B58: CROP LOSSES AND THEIR CONTROL | C58: Darko Joseph Ofei | D58: ED4-AE | E58: 103 | F58: NAF1/EA/A110 | G58: =E58*1.1 -> 113.3 | H58: 43/30/30 | I58: =CONCATENATE(A58,",",D58) -> AE 458,ED4-AE
A59: CE 464 | B59: ENVIRONMENTAL QUALITY ENGINEERING II | C59: Appiah-Effah Eugene | D59: ED4-CE | E59: 115 | F59: VSLA/303/RMA/RMB | G59: =E59*1.1 -> 126.5 | H59: 42/30/22/21 | I59: =CONCATENATE(A59,",",D59) -> CE 464,ED4-CE
A60: AERO 396 | B60: AEROSPACE ENGINEERING LAB II | C60: Oppong David Kofi | D60: ED3-AERO | E60: 76 | F60: NEB-FF1/NEB-FF2 | G60: =E60*1.1 -> 83.6 | H60: 50/26 | I60: =CONCATENATE(A60,",",D60) -> AERO 396,ED3-AERO
D61: Total T1-1 | E61: =SUM(E50:E60) -> 895 | I61: ,Total T1-1
I62: ,
A63: Tuesday, 18 August 2026 | I63: =A63 -> Tuesday, 18 August 2026
A64: Session, 2 (12:00 PM - 2:00 PM) | I64: =A64 -> Session, 2 (12:00 PM - 2:00 PM)
A65: CODE | B65: COURSE NAME | C65: EXAMINER | D65: CLASS | E65: # STDS | F65: ROOM NO. | G65: TO PRT | I65: CODE ,CLASS
A66: COE 254 | B66: {=IFERROR(VLOOKUP(I66:I79,Lectures_1!A2:F534,2,FALSE()),0)} -> OBJECT-ORIENTED PROGRAMMING | C66: {=IFERROR(VLOOKUP(I66:I79,Lectures_1!A2:F534,3,FALSE()),0)} -> Adjaidoo Theresa-Samuelle Maame Atwemaah | D66: ED2-COE | E66: {=IFERROR(VLOOKUP(I66:I79,Lectures_1!A2:F534,4,FALSE()),0)} -> 255 | F66: BYOD1 | G66: =E66*1.1 -> 280.5 | H66: 170/85 | I66: =CONCATENATE(A66,",",D66) -> COE 254,ED2-COE
A67: COE 254 | B67: OBJECT-ORIENTED PROGRAMMING | C67: Adjaidoo Theresa-Samuelle Maame Atwemaah | D67: ED2-BME | E67: 80 | F67: BYOD2 | G67: =E67*1.1 -> 88 | H67: 80 | I67: =CONCATENATE(A67,",",D67) -> COE 254,ED2-BME
A68: ME 168 | B68: COMPUTER PROGRAMMING FOR ENGINEERS | C68: Dzebre Denis Edem Kwame | D68: ED1-IND | E68: 83 | F68: VSLA/303/206 | G68: =E68*1.1 -> 91.3 | H68: 38/25/20 | I68: =CONCATENATE(A68,",",D68) -> ME 168,ED1-IND
A69: ME 168 | B69: COMPUTER PROGRAMMING FOR ENGINEERS | C69: Dzebre Denis Edem Kwame | D69: ED1-MARI | E69: 46 | F69: PB008/PB208 | G69: =E69*1.1 -> 50.6 | H69: 23/23 | I69: =CONCATENATE(A69,",",D69) -> ME 168,ED1-MARI
A70: MSE 154 | B70: OPTICAL AND THERMAL BEHAVIOUR OF MATERIALS | C70: Nartey Martinson Addo | D70: ED1-METE | E70: 75 | F70: NEB-FF2/NEB-FF1 | G70: =E70*1.1 -> 82.5 | H70: 30/45 | I70: =CONCATENATE(A70,",",D70) -> MSE 154,ED1-METE
A71: MSE 154 | B71: OPTICAL AND THERMAL BEHAVIOUR OF MATERIALS | C71: Nartey Martinson Addo | D71: ED1-MSE | E71: 100 | F71: EA/A110/NAF1 | G71: =E71*1.1 -> 110 | H71: 30/30/40 | I71: =CONCATENATE(A71,",",D71) -> MSE 154,ED1-MSE
A72: ME 482 | B72: MECHANICAL ENGINEERING MATERIALS III | C72: Sackey Samuel Mensah | D72: ED4-ME | E72: 55 | F72: VSLA/303 | G72: =E72*1.1 -> 60.5 | H72: 35/20 | I72: =CONCATENATE(A72,",",D72) -> ME 482,ED4-ME
A73: TE 384 | B73: SWITCHING ENGINEERING IN COMMUNICATION | C73: Obour Agyekum Kwame Opuni-Boachie | D73: ED3-EE | E73: 10 | F73: EA | G73: =E73*1.1 -> 11 | H73: 10 | I73: =CONCATENATE(A73,",",D73) -> TE 384,ED3-EE
A74: TE 356 | B74: SWITCHING ENGINEERING IN COMMUNICATION | C74: Agyekum Kwame Agyeman-Prempeh | D74: ED3-TEL | E74: 140 | F74: PB001/PB014/PB201/PB214 | G74: =E74*1.1 -> 154 | H74: 35/35/35/35 | I74: =CONCATENATE(A74,",",D74) -> TE 356,ED3-TEL
A75: AERO 452 | B75: AERODYNAMICS II | C75: Bofah Kwasi Kete | D75: ED4-AERO | E75: 61 | F75: PB214/PB020 | G75: =E75*1.1 -> 67.1 | H75: 31/30 | I75: =CONCATENATE(A75,",",D75) -> AERO 452,ED4-AERO
A76: METE 256 | B76: ASSAYING | C76: Koomson Bennetta | D76: ED2-METE | E76: 57 | F76: NAF1/A110 | G76: =E76*1.1 -> 62.7 | H76: 35/22 | I76: =CONCATENATE(A76,",",D76) -> METE 256,ED2-METE
A77: IE 368 | B77: OPERATIONS RESEARCH II | C77: Asiedu Charlotte | D77: ED3-IND | E77: 70 | F77: PB001/PB014 | G77: =E77*1.1 -> 77 | H77: 35/35 | I77: =CONCATENATE(A77,",",D77) -> IE 368,ED3-IND
A78: CHE 368 | B78: FOOD PROCESSING TECHNOLOGY | C78: Anang Daniel Adjah | D78: ED3-CHE | E78: 50 | F78: PB208/PB008 | G78: =E78*1.1 -> 55 | H78: 25/25 | I78: =CONCATENATE(A78,",",D78) -> CHE 368,ED3-CHE
A79: IE 452 | B79: AUTOMATION AND PRODUCTION SYSTEM | C79: Sackey Samuel Mensah | D79: ED4-IND | E79: 69 | F79: PB020/PB201 | G79: =E79*1.1 -> 75.9 | H79: 35/34 | I79: =CONCATENATE(A79,",",D79) -> IE 452,ED4-IND
D80: Total T1-2 | E80: =SUM(E66:E79) -> 1151 | I80: ,Total T1-2
A81: Tuesday, 18 August 2026 | I81: =A81 -> Tuesday, 18 August 2026
A82: Session, 3 (3:00 PM - 5:00 PM) | I82: =A82 -> Session, 3 (3:00 PM - 5:00 PM)
A83: CODE | B83: COURSE NAME | C83: EXAMINER | D83: CLASS | E83: # STDS | F83: ROOM NO. | G83: TO PRT | I83: CODE ,CLASS
A84: BME 166 | B84: {=IFERROR(VLOOKUP(I84:I93,Lectures_1!A2:F534,2,FALSE()),0)} -> BIOCHEMISTRY | C84: {=IFERROR(VLOOKUP(I84:I93,Lectures_1!A2:F534,3,FALSE()),0)} -> Charles Apprey | D84: ED1-BME | E84: {=IFERROR(VLOOKUP(I84:I93,Lectures_1!A2:F534,4,FALSE()),0)} -> 136 | F84: PB001/PB020/PB201/PB214 | G84: =E84*1.1 -> 149.6 | H84: 34/34/34/34 | I84: =CONCATENATE(A84,",",D84) -> BME 166,ED1-BME
A85: MSE 458 | B85: PROCESS DYNAMICS AND CONTROL | C85: Adjaottor Albert Amatey | D85: ED4-MSE | E85: 60 | F85: NEB-SF | G85: =E85*1.1 -> 66 | H85: 60 | I85: =CONCATENATE(A85,",",D85) -> MSE 458,ED4-MSE
A86: MSE 458 | B86: PROCESS DYNANICS AND CONTROL | C86: Adjaottor Albert Amatey | D86: ED4-METE | E86: 55 | F86: VSLA/304 | G86: =E86*1.1 -> 60.5 | H86: 40/15 | I86: =CONCATENATE(A86,",",D86) -> MSE 458,ED4-METE
A87: EE 188 | B87: ELECTRICAL MEASUREMENTS & INSTRUMENTATION | C87: Nicholas Kwesi Prah II | D87: ED1-EE | E87: 295 | F87: PB001/PB014/PB020/PB201/PB214/PB008/PB208/PB212/NEB-TF | G87: =E87*1.1 -> 324.5 | H87: 36/36/36/36/36/30/30/25/30 | I87: =CONCATENATE(A87,",",D87) -> EE 188,ED1-EE
A88: GE 286 | B88: PRINCIPLES OF SURVEYING | C88: Akwasi Afrifa Acheampong | D88: ED2-AE | E88: 155 | F88: VSLA/303/206/RMA/RMB/304 | G88: =E88*1.1 -> 170.5 | H88: 40/30/22/22/22/20 | I88: =CONCATENATE(A88,",",D88) -> GE 286,ED2-AE
A89: PE 466 | B89: FUNDAMENTALS OF PETROLEUM LAW | C89: Amoah Enoch Kwabena | D89: ED4-PE | E89: 99 | F89: NAF1/EA/A110 | G89: =E89*1.1 -> 108.9 | H89: 40/30/30 | I89: =CONCATENATE(A89,",",D89) -> PE 466,ED4-PE
A90: MSE 254 | B90: INTRODUCTION TO CERAMICS | C90: Andrews Anthony | D90: ED2-MSE | E90: 83 | F90: NAF1/A110/EA | G90: =E90*1.1 -> 91.3 | H90: 36/24/23 | I90: =CONCATENATE(A90,",",D90) -> MSE 254,ED2-MSE
A91: MSE 364 | B91: MATERIALS CHARACTERIZATION LABORATORY | C91: Arthur Emmanuel Kwesi | D91: ED3-MSE | E91: 85 | F91: PB014/PB008/PB208 | G91: =E91*1.1 -> 93.5 | H91: 35/25/25 | I91: =CONCATENATE(A91,",",D91) -> MSE 364,ED3-MSE
A92: METE 358 | B92: METALLURGICAL CHARACTERIZATION LABORATORY | C92: Arthur Emmanuel Kwesi | D92: ED3-METE | E92: 87 | F92: 303/RMA/RMA/206 | G92: =E92*1.1 -> 95.7 | H92: 25/21/21/20 | I92: =CONCATENATE(A92,",",D92) -> METE 358,ED3-METE
A93: EE 468 | B93: POWER SYSTEMS PROTECTION | C93: Frimpong Emmanuel Asuming | D93: ED4-EE | E93: 205 | F93: NEB-TF/NEB-SF/NEB-FF1 | G93: =E93*1.1 -> 225.5 | H93: 78/77/50 | I93: =CONCATENATE(A93,",",D93) -> EE 468,ED4-EE
D94: Total T1-3 | E94: =SUM(E85:E93) -> 1124 | I94: ,Total T1-3
A95: Wednesday, 19 August 2026 | I95: =A95 -> Wednesday, 19 August 2026
A96: Session, 1 (8:30 AM - 10:30 AM) | I96: =A96 -> Session, 1 (8:30 AM - 10:30 AM)
A97: CODE | B97: COURSE NAME | C97: EXAMINER | D97: CLASS | E97: # STDS | F97: ROOM NO. | G97: TO PRT | I97: CODE ,CLASS
A98: PL 252 | B98: {=IFERROR(VLOOKUP(I98:I106,Lectures_1!A2:F534,2,FALSE()),0)} -> PLANNING THE PHYSICAL ENVIRONMENT | C98: {=IFERROR(VLOOKUP(I98:I106,Lectures_1!A2:F534,3,FALSE()),0)} -> Aboagye Prince Anokye | D98: ED3-GEOM | E98: {=IFERROR(VLOOKUP(I98:I106,Lectures_1!A2:F534,4,FALSE()),0)} -> 122 | F98: NAF1/EA/A110/VCR | G98: =E98*1.1 -> 134.2 | H98: 40/30/30/22 | I98: =CONCATENATE(A98,",",D98) -> PL 252,ED3-GEOM
A99: ME 264 | B99: MECHANISMS SYNTHESIS AND ANALYSIS I | C99: Ampofo Joshua | D99: ED2-ME | E99: 240 | F99: PB001/PB014/PB020/PB201/PB214/PB008/PB208/PB212 | G99: =E99*1.1 -> 264 | H99: 34/34/34/34/34/25/25/20 | I99: =CONCATENATE(A99,",",D99) -> ME 264,ED2-ME
A100: ME 264 | B100: MECHANISMS SYNTHESIS AND ANALYSIS I | C100: Ampofo Joshua | D100: ED2-AERO | E100: 75 | F100: NEB-TF | G100: =E100*1.1 -> 82.5 | H100: 75 | I100: =CONCATENATE(A100,",",D100) -> ME 264,ED2-AERO
A101: ME 264 | B101: MECHANISMS SYNTHESIS AND ANALYSIS I | C101: Ampofo Joshua | D101: ED2-IND | E101: 80 | F101: VSLA/303/206 | G101: =E101*1.1 -> 88 | H101: 35/25/20 | I101: =CONCATENATE(A101,",",D101) -> ME 264,ED2-IND
A102: ME 264 | B102: MECHANISMS SYNTHESIS AND ANALYSIS I | C102: Ampofo Joshua | D102: ED2-AUTO | E102: 82 | F102: NEB-SF/NEB-FF1 | G102: =E102*1.1 -> 90.2 | H102: 52/30 | I102: =CONCATENATE(A102,",",D102) -> ME 264,ED2-AUTO
A103: MME 264 | B103: MARINE MECHANISMS, SYSTHESIS AND ANALYSIS | C103: Ampofo Joshua | D103: ED2-MARI | E103: 37 | F103: NAF1 | G103: =E103*1.1 -> 40.7 | H103: 37 | I103: =CONCATENATE(A103,",",D103) -> MME 264,ED2-MARI
...

Sheet TALLY
B1: M1 | E1: T1 | H1: W1 | K1: H1 | N1: F1 | Q1: M2 | T1: T2 | W1: W2 | Z1: H2 | AC1: F2 | AF1: M3 | AI1: T3 | AL1: W3 | AO1: H3 | AR1: F3
B2: S1 | C2: S2 | D2: S3 | E2: S1 | F2: S2 | G2: S3 | H2: S1 | I2: S2 | J2: S3 | K2: S1 | L2: S2 | M2: S3 | N2: S1 | O2: S2 | P2: S3 | Q2: S1 | R2: S2 | S2: S3 | T2: S1 | U2: S2 | V2: S3 | W2: S1 | X2: S2 | Y2: S3 | Z2: S1 | AA2: S2 | AB2: S3 | AC2: S1 | AD2: S2 | AE2: S3 | AF2: S1 | AG2: S2 | AH2: S3 | AI2: S1 | AJ2: S2 | AK2: S3 | AL2: S1 | AM2: S2 | AN2: S3 | AO2: S1 | AP2: S2 | AQ2: S3 | AR2: S1 | AS2: S2 | AT2: S3 | AV2: M1 | AW2: T1 | AX2: W1 | AY2: H1 | AZ2: F1 | BA2: M2 | BB2: T2 | BC2: W2 | BD2: H2 | BE2: F2 | BF2: M3 | BG2: T3 | BH2: W3 | BI2: H3 | BJ2: F3
A3: ED1-AE | B3: =COUNTIF(TT!$D$4:$D$9,TALLY!A3) -> 0 | C3: =COUNTIF(TT!$D$15:$D$28,TALLY!A3) -> 0 | D3: =COUNTIF(TT!$D$34:$D$41,TALLY!A3) -> 0 | E3: =COUNTIF(TT!$D$47:$D$60,TALLY!A3) -> 0 | F3: =COUNTIF(TT!$D$66:$D$79,TALLY!A3) -> 0 | G3: =COUNTIF(TT!$D$84:$D$93,TALLY!A3) -> 0 | H3: =COUNTIF(TT!$D$98:$D$106,TALLY!A3) -> 0 | I3: =COUNTIF(TT!$D$111:$D$121,TALLY!A3) -> 1 | J3: =COUNTIF(TT!$D$126:$D$134,TALLY!A3) -> 0 | K3: =COUNTIF(TT!$D$139:$D$151,TALLY!A3) -> 0 | L3: =COUNTIF(TT!$D$156:$D$164,TALLY!A3) -> 0 | M3: =COUNTIF(TT!$D$169:$D$180,TALLY!A3) -> 0 | N3: =COUNTIF(TT!$D$185:$D$197,TALLY!A3) -> 1 | O3: =COUNTIF(TT!$D$202:$D$208,TALLY!A3) -> 0 | P3: =COUNTIF(TT!$D$213:$D$220,TALLY!A3) -> 0 | Q3: =COUNTIF(TT!$D$225:$D$239,TALLY!A3) -> 0 | R3: =COUNTIF(TT!$D$244:$D$254,TALLY!A3) -> 0 | S3: =COUNTIF(TT!$D$259:$D$268,TALLY!A3) -> 0 | T3: =COUNTIF(TT!$D$271:$D$282,TALLY!A3) -> 0 | U3: =COUNTIF(TT!$D$287:$D$298,TALLY!A3) -> 1 | V3: =COUNTIF(TT!$D$303:$D$311,TALLY!A3) -> 0 | W3: =COUNTIF(TT!$D$316:$D$337,TALLY!A3) -> 0 | X3: =COUNTIF(TT!$D$342:$D$350,TALLY!A3) -> 1 | Y3: =COUNTIF(TT!$D$357:$D$365,TALLY!A3) -> 0 | Z3: =COUNTIF(TT!$D$370:$D$377,TALLY!A3) -> 0 | AA3: =COUNTIF(TT!$D$382:$D$393,TALLY!A3) -> 0 | AB3: =COUNTIF(TT!$D$398:$D$408,TALLY!A3) -> 0 | AC3: =COUNTIF(TT!$D$413:$D$425,TALLY!A3) -> 1 | AD3: =COUNTIF(TT!$D$430:$D$433,TALLY!A3) -> 0 | AE3: =COUNTIF(TT!$D$454:$D$466,TALLY!A3) -> 0 | AF3: =COUNTIF(TT!$D$471:$D$480,TALLY!A3) -> 1 | AG3: =COUNTIF(TT!$D$487:$D$496,TALLY!A3) -> 0 | AH3: =COUNTIF(TT!$D$501:$D$517,TALLY!A3) -> 0 | AI3: =COUNTIF(TT!$D$522:$D$533,TALLY!A3) -> 0 | AJ3: =COUNTIF(TT!$D$538:$D$550,TALLY!A3) -> 0 | AK3: =COUNTIF(TT!$D$555:$D$569,TALLY!A3) -> 0 | AL3: =COUNTIF(TT!$D$574:$D$582,TALLY!A3) -> 1 | AM3: =COUNTIF(TT!$D$587:$D$593,TALLY!A3) -> 0 | AN3: =COUNTIF(TT!$D$598:$D$606,TALLY!A3) -> 0 | AO3: =COUNTIF(TT!$D$611:$D$620,TALLY!A3) -> 0 | AP3: =COUNTIF(TT!$D$627:$D$639,TALLY!A3) -> 0 | AQ3: =COUNTIF(TT!$D$645:$D$657,TALLY!A3) -> 0 | AR3: =COUNTIF(TT!$D$663:$D$671,TALLY!A3) -> 1 | AS3: =COUNTIF(TT!$D$677:$D$685,TALLY!A3) -> 0 | AT3: =COUNTIF(TT!$D$689:$D$698,TALLY!A3) -> 0 | AU3: ED1-AE | AV3: =SUM($B3:$D3) -> 0 | AW3: =SUM($E3:$G3) -> 0 | AX3: =SUM($H3:$J3) -> 1 | AY3: =SUM($K3:$M3) -> 0 | AZ3: =SUM($N3:$P3) -> 1 | BA3: =SUM($Q3:$S3) -> 0 | BB3: =SUM($T3:$V3) -> 1 | BC3: =SUM($W3:$Y3) -> 1 | BD3: =SUM($Z3:$AB3) -> 0 | BE3: =SUM($AC3:$AE3) -> 1 | BF3: =SUM($AF3:$AH3) -> 1 | BG3: =SUM($AI3:$AK3) -> 0 | BH3: =SUM($AL3:$AN3) -> 1 | BI3: =SUM($AO3:$AQ3) -> 0 | BJ3: =SUM($AR3:$AT3) -> 1 | BK3: =SUM(AV3:BJ3) -> 8
A4: ED1-AERO | B4: =COUNTIF(TT!$D$4:$D$9,TALLY!A4) -> 0 | C4: =COUNTIF(TT!$D$15:$D$28,TALLY!A4) -> 0 | D4: =COUNTIF(TT!$D$34:$D$41,TALLY!A4) -> 0 | E4: =COUNTIF(TT!$D$47:$D$60,TALLY!A4) -> 0 | F4: =COUNTIF(TT!$D$66:$D$79,TALLY!A4) -> 0 | G4: =COUNTIF(TT!$D$84:$D$93,TALLY!A4) -> 0 | H4: =COUNTIF(TT!$D$98:$D$106,TALLY!A4) -> 0 | I4: =COUNTIF(TT!$D$111:$D$121,TALLY!A4) -> 0 | J4: =COUNTIF(TT!$D$126:$D$134,TALLY!A4) -> 0 | K4: =COUNTIF(TT!$D$139:$D$151,TALLY!A4) -> 1 | L4: =COUNTIF(TT!$D$156:$D$164,TALLY!A4) -> 0 | M4: =COUNTIF(TT!$D$169:$D$180,TALLY!A4) -> 0 | N4: =COUNTIF(TT!$D$185:$D$197,TALLY!A4) -> 0 | O4: =COUNTIF(TT!$D$202:$D$208,TALLY!A4) -> 0 | P4: =COUNTIF(TT!$D$213:$D$220,TALLY!A4) -> 0 | Q4: =COUNTIF(TT!$D$225:$D$239,TALLY!A4) -> 0 | R4: =COUNTIF(TT!$D$244:$D$254,TALLY!A4) -> 0 | S4: =COUNTIF(TT!$D$259:$D$268,TALLY!A4) -> 1 | T4: =COUNTIF(TT!$D$271:$D$282,TALLY!A4) -> 0 | U4: =COUNTIF(TT!$D$287:$D$298,TALLY!A4) -> 1 | V4: =COUNTIF(TT!$D$303:$D$311,TALLY!A4) -> 0 | W4: =COUNTIF(TT!$D$316:$D$337,TALLY!A4) -> 0 | X4: =COUNTIF(TT!$D$342:$D$350,TALLY!A4) -> 0 | Y4: =COUNTIF(TT!$D$357:$D$365,TALLY!A4) -> 0 | Z4: =COUNTIF(TT!$D$370:$D$377,TALLY!A4) -> 0 | AA4: =COUNTIF(TT!$D$382:$D$393,TALLY!A4) -> 0 | AB4: =COUNTIF(TT!$D$398:$D$408,TALLY!A4) -> 0 | AC4: =COUNTIF(TT!$D$413:$D$425,TALLY!A4) -> 1 | AD4: =COUNTIF(TT!$D$430:$D$433,TALLY!A4) -> 0 | AE4: =COUNTIF(TT!$D$454:$D$466,TALLY!A4) -> 0 | AF4: =COUNTIF(TT!$D$471:$D$480,TALLY!A4) -> 0 | AG4: =COUNTIF(TT!$D$487:$D$496,TALLY!A4) -> 0 | AH4: =COUNTIF(TT!$D$501:$D$517,TALLY!A4) -> 0 | AI4: =COUNTIF(TT!$D$522:$D$533,TALLY!A4) -> 0 | AJ4: =COUNTIF(TT!$D$538:$D$550,TALLY!A4) -> 1 | AK4: =COUNTIF(TT!$D$555:$D$569,TALLY!A4) -> 0 | AL4: =COUNTIF(TT!$D$574:$D$582,TALLY!A4) -> 0 | AM4: =COUNTIF(TT!$D$587:$D$593,TALLY!A4) -> 0 | AN4: =COUNTIF(TT!$D$598:$D$606,TALLY!A4) -> 0 | AO4: =COUNTIF(TT!$D$611:$D$620,TALLY!A4) -> 1 | AP4: =COUNTIF(TT!$D$627:$D$639,TALLY!A4) -> 0 | AQ4: =COUNTIF(TT!$D$645:$D$657,TALLY!A4) -> 0 | AR4: =COUNTIF(TT!$D$663:$D$671,TALLY!A4) -> 1 | AS4: =COUNTIF(TT!$D$677:$D$685,TALLY!A4) -> 0 | AT4: =COUNTIF(TT!$D$689:$D$698,TALLY!A4) -> 0 | AU4: ED1-AERO | AV4: =SUM($B4:$D4) -> 0 | AW4: =SUM($E4:$G4) -> 0 | AX4: =SUM($H4:$J4) -> 0 | AY4: =SUM($K4:$M4) -> 1 | AZ4: =SUM($N4:$P4) -> 0 | BA4: =SUM($Q4:$S4) -> 1 | BB4: =SUM($T4:$V4) -> 1 | BC4: =SUM($W4:$Y4) -> 0 | BD4: 0 | BE4: =SUM($AC4:$AE4) -> 1 | BF4: =SUM($AF4:$AH4) -> 0 | BG4: =SUM($AI4:$AK4) -> 1 | BH4: =SUM($AL4:$AN4) -> 0 | BI4: =SUM($AO4:$AQ4) -> 1 | BJ4: =SUM($AR4:$AT4) -> 1 | BK4: =SUM(AV4:BJ4) -> 7
A5: ED1-AUTO | B5: =COUNTIF(TT!$D$4:$D$9,TALLY!A5) -> 0 | C5: =COUNTIF(TT!$D$15:$D$28,TALLY!A5) -> 0 | D5: =COUNTIF(TT!$D$34:$D$41,TALLY!A5) -> 0 | E5: =COUNTIF(TT!$D$47:$D$60,TALLY!A5) -> 0 | F5: =COUNTIF(TT!$D$66:$D$79,TALLY!A5) -> 0 | G5: =COUNTIF(TT!$D$84:$D$93,TALLY!A5) -> 0 | H5: =COUNTIF(TT!$D$98:$D$106,TALLY!A5) -> 0 | I5: =COUNTIF(TT!$D$111:$D$121,TALLY!A5) -> 1 | J5: =COUNTIF(TT!$D$126:$D$134,TALLY!A5) -> 0 | K5: =COUNTIF(TT!$D$139:$D$151,TALLY!A5) -> 0 | L5: =COUNTIF(TT!$D$156:$D$164,TALLY!A5) -> 0 | M5: =COUNTIF(TT!$D$169:$D$180,TALLY!A5) -> 0 | N5: =COUNTIF(TT!$D$185:$D$197,TALLY!A5) -> 0 | O5: =COUNTIF(TT!$D$202:$D$208,TALLY!A5) -> 0 | P5: =COUNTIF(TT!$D$213:$D$220,TALLY!A5) -> 0 | Q5: =COUNTIF(TT!$D$225:$D$239,TALLY!A5) -> 0 | R5: =COUNTIF(TT!$D$244:$D$254,TALLY!A5) -> 0 | S5: =COUNTIF(TT!$D$259:$D$268,TALLY!A5) -> 0 | T5: =COUNTIF(TT!$D$271:$D$282,TALLY!A5) -> 0 | U5: =COUNTIF(TT!$D$287:$D$298,TALLY!A5) -> 1 | V5: =COUNTIF(TT!$D$303:$D$311,TALLY!A5) -> 0 | W5: =COUNTIF(TT!$D$316:$D$337,TALLY!A5) -> 0 | X5: =COUNTIF(TT!$D$342:$D$350,TALLY!A5) -> 0 | Y5: =COUNTIF(TT!$D$357:$D$365,TALLY!A5) -> 0 | Z5: =COUNTIF(TT!$D$370:$D$377,TALLY!A5) -> 0 | AA5: =COUNTIF(TT!$D$382:$D$393,TALLY!A5) -> 0 | AB5: =COUNTIF(TT!$D$398:$D$408,TALLY!A5) -> 0 | AC5: =COUNTIF(TT!$D$413:$D$425,TALLY!A5) -> 0 | AD5: =COUNTIF(TT!$D$430:$D$433,TALLY!A5) -> 1 | AE5: =COUNTIF(TT!$D$454:$D$466,TALLY!A5) -> 0 | AF5: =COUNTIF(TT!$D$471:$D$480,TALLY!A5) -> 1 | AG5: =COUNTIF(TT!$D$487:$D$496,TALLY!A5) -> 0 | AH5: =COUNTIF(TT!$D$501:$D$517,TALLY!A5) -> 0 | AI5: =COUNTIF(TT!$D$522:$D$533,TALLY!A5) -> 1 | AJ5: =COUNTIF(TT!$D$538:$D$550,TALLY!A5) -> 0 | AK5: =COUNTIF(TT!$D$555:$D$569,TALLY!A5) -> 0 | AL5: =COUNTIF(TT!$D$574:$D$582,TALLY!A5) -> 0 | AM5: =COUNTIF(TT!$D$587:$D$593,TALLY!A5) -> 0 | AN5: =COUNTIF(TT!$D$598:$D$606,TALLY!A5) -> 0 | AO5: =COUNTIF(TT!$D$611:$D$620,TALLY!A5) -> 1 | AP5: =COUNTIF(TT!$D$627:$D$639,TALLY!A5) -> 0 | AQ5: =COUNTIF(TT!$D$645:$D$657,TALLY!A5) -> 0 | AR5: =COUNTIF(TT!$D$663:$D$671,TALLY!A5) -> 0 | AS5: =COUNTIF(TT!$D$677:$D$685,TALLY!A5) -> 1 | AT5: =COUNTIF(TT!$D$689:$D$698,TALLY!A5) -> 0 | AU5: ED1-AUTO | AV5: =SUM($B5:$D5) -> 0 | AW5: =SUM($E5:$G5) -> 0 | AX5: =SUM($H5:$J5) -> 1 | AY5: =SUM($K5:$M5) -> 0 | AZ5: =SUM($N5:$P5) -> 0 | BA5: =SUM($Q5:$S5) -> 0 | BB5: =SUM($T5:$V5) -> 1 | BC5: =SUM($W5:$Y5) -> 0 | BD5: =SUM($Z5:$AB5) -> 0 | BE5: =SUM($AC5:$AE5) -> 1 | BF5: =SUM($AF5:$AH5) -> 1 | BG5: =SUM($AI5:$AK5) -> 1 | BH5: =SUM($AL5:$AN5) -> 0 | BI5: =SUM($AO5:$AQ5) -> 1 | BJ5: =SUM($AR5:$AT5) -> 1 | BK5: =SUM(AV5:BJ5) -> 7
A6: ED1-BME | B6: =COUNTIF(TT!$D$4:$D$9,TALLY!A6) -> 0 | C6: =COUNTIF(TT!$D$15:$D$28,TALLY!A6) -> 0 | D6: =COUNTIF(TT!$D$34:$D$41,TALLY!A6) -> 0 | E6: =COUNTIF(TT!$D$47:$D$60,TALLY!A6) -> 0 | F6: =COUNTIF(TT!$D$66:$D$79,TALLY!A6) -> 0 | G6: =COUNTIF(TT!$D$84:$D$93,TALLY!A6) -> 1 | H6: =COUNTIF(TT!$D$98:$D$106,TALLY!A6) -> 0 | I6: =COUNTIF(TT!$D$111:$D$121,TALLY!A6) -> 0 | J6: =COUNTIF(TT!$D$126:$D$134,TALLY!A6) -> 0 | K6: =COUNTIF(TT!$D$139:$D$151,TALLY!A6) -> 0 | L6: =COUNTIF(TT!$D$156:$D$164,TALLY!A6) -> 1 | M6: =COUNTIF(TT!$D$169:$D$180,TALLY!A6) -> 0 | N6: =COUNTIF(TT!$D$185:$D$197,TALLY!A6) -> 0 | O6: =COUNTIF(TT!$D$202:$D$208,TALLY!A6) -> 0 | P6: =COUNTIF(TT!$D$213:$D$220,TALLY!A6) -> 0 | Q6: =COUNTIF(TT!$D$225:$D$239,TALLY!A6) -> 0 | R6: =COUNTIF(TT!$D$244:$D$254,TALLY!A6) -> 1 | S6: =COUNTIF(TT!$D$259:$D$268,TALLY!A6) -> 0 | T6: =COUNTIF(TT!$D$271:$D$282,TALLY!A6) -> 0 | U6: =COUNTIF(TT!$D$287:$D$298,TALLY!A6) -> 0 | V6: =COUNTIF(TT!$D$303:$D$311,TALLY!A6) -> 0 | W6: =COUNTIF(TT!$D$316:$D$337,TALLY!A6) -> 0 | X6: =COUNTIF(TT!$D$342:$D$350,TALLY!A6) -> 1 | Y6: =COUNTIF(TT!$D$357:$D$365,TALLY!A6) -> 0 | Z6: =COUNTIF(TT!$D$370:$D$377,TALLY!A6) -> 0 | AA6: =COUNTIF(TT!$D$382:$D$393,TALLY!A6) -> 0 | AB6: =COUNTIF(TT!$D$398:$D$408,TALLY!A6) -> 0 | AC6: =COUNTIF(TT!$D$413:$D$425,TALLY!A6) -> 1 | AD6: =COUNTIF(TT!$D$430:$D$433,TALLY!A6) -> 0 | AE6: =COUNTIF(TT!$D$454:$D$466,TALLY!A6) -> 0 | AF6: =COUNTIF(TT!$D$471:$D$480,TALLY!A6) -> 0 | AG6: =COUNTIF(TT!$D$487:$D$496,TALLY!A6) -> 0 | AH6: =COUNTIF(TT!$D$501:$D$517,TALLY!A6) -> 0 | AI6: =COUNTIF(TT!$D$522:$D$533,TALLY!A6) -> 1 | AJ6: =COUNTIF(TT!$D$538:$D$550,TALLY!A6) -> 0 | AK6: =COUNTIF(TT!$D$555:$D$569,TALLY!A6) -> 0 | AL6: =COUNTIF(TT!$D$574:$D$582,TALLY!A6) -> 0 | AM6: =COUNTIF(TT!$D$587:$D$593,TALLY!A6) -> 0 | AN6: =COUNTIF(TT!$D$598:$D$606,TALLY!A6) -> 0 | AO6: =COUNTIF(TT!$D$611:$D$620,TALLY!A6) -> 0 | AP6: =COUNTIF(TT!$D$627:$D$639,TALLY!A6) -> 0 | AQ6: =COUNTIF(TT!$D$645:$D$657,TALLY!A6) -> 0 | AR6: =COUNTIF(TT!$D$663:$D$671,TALLY!A6) -> 1 | AS6: =COUNTIF(TT!$D$677:$D$685,TALLY!A6) -> 0 | AT6: =COUNTIF(TT!$D$689:$D$698,TALLY!A6) -> 0 | AU6: ED1-BME | AV6: =SUM($B6:$D6) -> 0 | AW6: =SUM($E6:$G6) -> 1 | AX6: =SUM($H6:$J6) -> 0 | AY6: =SUM($K6:$M6) -> 1 | AZ6: =SUM($N6:$P6) -> 0 | BA6: =SUM($Q6:$S6) -> 1 | BB6: =SUM($T6:$V6) -> 0 | BC6: =SUM($W6:$Y6) -> 1 | BD6: =SUM($Z6:$AB6) -> 0 | BE6: =SUM($AC6:$AE6) -> 1 | BF6: =SUM($AF6:$AH6) -> 0 | BG6: =SUM($AI6:$AK6) -> 1 | BH6: =SUM($AL6:$AN6) -> 0 | BI6: =SUM($AO6:$AQ6) -> 0 | BJ6: =SUM($AR6:$AT6) -> 1 | BK6: =SUM(AV6:BJ6) -> 7
A7: ED1-CE | B7: =COUNTIF(TT!$D$4:$D$9,TALLY!A7) -> 0 | C7: =COUNTIF(TT!$D$15:$D$28,TALLY!A7) -> 1 | D7: =COUNTIF(TT!$D$34:$D$41,TALLY!A7) -> 0 | E7: =COUNTIF(TT!$D$47:$D$60,TALLY!A7) -> 1 | F7: =COUNTIF(TT!$D$66:$D$79,TALLY!A7) -> 0 | G7: =COUNTIF(TT!$D$84:$D$93,TALLY!A7) -> 0 | H7: =COUNTIF(TT!$D$98:$D$106,TALLY!A7) -> 0 | I7: =COUNTIF(TT!$D$111:$D$121,TALLY!A7) -> 0 | J7: =COUNTIF(TT!$D$126:$D$134,TALLY!A7) -> 0 | K7: =COUNTIF(TT!$D$139:$D$151,TALLY!A7) -> 0 | L7: =COUNTIF(TT!$D$156:$D$164,TALLY!A7) -> 1 | M7: =COUNTIF(TT!$D$169:$D$180,TALLY!A7) -> 0 | N7: =COUNTIF(TT!$D$185:$D$197,TALLY!A7) -> 0 | O7: =COUNTIF(TT!$D$202:$D$208,TALLY!A7) -> 1 | P7: =COUNTIF(TT!$D$213:$D$220,TALLY!A7) -> 0 | Q7: =COUNTIF(TT!$D$225:$D$239,TALLY!A7) -> 1 | R7: =COUNTIF(TT!$D$244:$D$254,TALLY!A7) -> 0 | S7: =COUNTIF(TT!$D$259:$D$268,TALLY!A7) -> 0 | T7: =COUNTIF(TT!$D$271:$D$282,TALLY!A7) -> 0 | U7: =COUNTIF(TT!$D$287:$D$298,TALLY!A7) -> 0 | V7: =COUNTIF(TT!$D$303:$D$311,TALLY!A7) -> 0 | W7: =COUNTIF(TT!$D$316:$D$337,TALLY!A7) -> 0 | X7: =COUNTIF(TT!$D$342:$D$350,TALLY!A7) -> 0 | Y7: =COUNTIF(TT!$D$357:$D$365,TALLY!A7) -> 0 | Z7: =COUNTIF(TT!$D$370:$D$377,TALLY!A7) -> 0 | AA7: =COUNTIF(TT!$D$382:$D$393,TALLY!A7) -> 0 | AB7: =COUNTIF(TT!$D$398:$D$408,TALLY!A7) -> 0 | AC7: =COUNTIF(TT!$D$413:$D$425,TALLY!A7) -> 1 | AD7: =COUNTIF(TT!$D$430:$D$433,TALLY!A7) -> 0 | AE7: =COUNTIF(TT!$D$454:$D$466,TALLY!A7) -> 0 | AF7: =COUNTIF(TT!$D$471:$D$480,TALLY!A7) -> 0 | AG7: =COUNTIF(TT!$D$487:$D$496,TALLY!A7) -> 0 | AH7: =COUNTIF(TT!$D$501:$D$517,TALLY!A7) -> 1 | AI7: =COUNTIF(TT!$D$522:$D$533,TALLY!A7) -> 0 | AJ7: =COUNTIF(TT!$D$538:$D$550,TALLY!A7) -> 0 | AK7: =COUNTIF(TT!$D$555:$D$569,TALLY!A7) -> 0 | AL7: =COUNTIF(TT!$D$574:$D$582,TALLY!A7) -> 1 | AM7: =COUNTIF(TT!$D$587:$D$593,TALLY!A7) -> 0 | AN7: =COUNTIF(TT!$D$598:$D$606,TALLY!A7) -> 0 | AO7: =COUNTIF(TT!$D$611:$D$620,TALLY!A7) -> 0 | AP7: =COUNTIF(TT!$D$627:$D$639,TALLY!A7) -> 0 | AQ7: =COUNTIF(TT!$D$645:$D$657,TALLY!A7) -> 0 | AR7: =COUNTIF(TT!$D$663:$D$671,TALLY!A7) -> 1 | AS7: =COUNTIF(TT!$D$677:$D$685,TALLY!A7) -> 0 | AT7: =COUNTIF(TT!$D$689:$D$698,TALLY!A7) -> 0 | AU7: ED1-CE | AV7: =SUM($B7:$D7) -> 1 | AW7: =SUM($E7:$G7) -> 1 | AX7: =SUM($H7:$J7) -> 0 | AY7: =SUM($K7:$M7) -> 1 | AZ7: =SUM($N7:$P7) -> 1 | BA7: =SUM($Q7:$S7) -> 1 | BB7: =SUM($T7:$V7) -> 0 | BC7: =SUM($W7:$Y7) -> 0 | BD7: =SUM($Z7:$AB7) -> 0 | BE7: =SUM($AC7:$AE7) -> 1 | BF7: =SUM($AF7:$AH7) -> 1 | BG7: =SUM($AI7:$AK7) -> 0 | BH7: =SUM($AL7:$AN7) -> 1 | BI7: =SUM($AO7:$AQ7) -> 0 | BJ7: =SUM($AR7:$AT7) -> 1 | BK7: =SUM(AV7:BJ7) -> 9
A8: ED1-CHE | B8: =COUNTIF(TT!$D$4:$D$9,TALLY!A8) -> 0 | C8: =COUNTIF(TT!$D$15:$D$28,TALLY!A8) -> 0 | D8: =COUNTIF(TT!$D$34:$D$41,TALLY!A8) -> 0 | E8: =COUNTIF(TT!$D$47:$D$60,TALLY!A8) -> 1 | F8: =COUNTIF(TT!$D$66:$D$79,TALLY!A8) -> 0 | G8: =COUNTIF(TT!$D$84:$D$93,TALLY!A8) -> 0 | H8: =COUNTIF(TT!$D$98:$D$106,TALLY!A8) -> 0 | I8: =COUNTIF(TT!$D$111:$D$121,TALLY!A8) -> 0 | J8: =COUNTIF(TT!$D$126:$D$134,TALLY!A8) -> 0 | K8: =COUNTIF(TT!$D$139:$D$151,TALLY!A8) -> 1 | L8: =COUNTIF(TT!$D$156:$D$164,TALLY!A8) -> 0 | M8: =COUNTIF(TT!$D$169:$D$180,TALLY!A8) -> 0 | N8: =COUNTIF(TT!$D$185:$D$197,TALLY!A8) -> 0 | O8: =COUNTIF(TT!$D$202:$D$208,TALLY!A8) -> 0 | P8: =COUNTIF(TT!$D$213:$D$220,TALLY!A8) -> 1 | Q8: =COUNTIF(TT!$D$225:$D$239,TALLY!A8) -> 0 | R8: =COUNTIF(TT!$D$244:$D$254,TALLY!A8) -> 0 | S8: =COUNTIF(TT!$D$259:$D$268,TALLY!A8) -> 0 | T8: =COUNTIF(TT!$D$271:$D$282,TALLY!A8) -> 0 | U8: =COUNTIF(TT!$D$287:$D$298,TALLY!A8) -> 0 | V8: =COUNTIF(TT!$D$303:$D$311,TALLY!A8) -> 0 | W8: =COUNTIF(TT!$D$316:$D$337,TALLY!A8) -> 1 | X8: =COUNTIF(TT!$D$342:$D$350,TALLY!A8) -> 0 | Y8: =COUNTIF(TT!$D$357:$D$365,TALLY!A8) -> 0 | Z8: =COUNTIF(TT!$D$370:$D$377,TALLY!A8) -> 0 | AA8: =COUNTIF(TT!$D$382:$D$393,TALLY!A8) -> 0 | AB8: =COUNTIF(TT!$D$398:$D$408,TALLY!A8) -> 0 | AC8: =COUNTIF(TT!$D$413:$D$425,TALLY!A8) -> 1 | AD8: =COUNTIF(TT!$D$430:$D$433,TALLY!A8) -> 0 | AE8: =COUNTIF(TT!$D$454:$D$466,TALLY!A8) -> 0 | AF8: =COUNTIF(TT!$D$471:$D$480,TALLY!A8) -> 1 | AG8: =COUNTIF(TT!$D$487:$D$496,TALLY!A8) -> 0 | AH8: =COUNTIF(TT!$D$501:$D$517,TALLY!A8) -> 0 | AI8: =COUNTIF(TT!$D$522:$D$533,TALLY!A8) -> 0 | AJ8: =COUNTIF(TT!$D$538:$D$550,TALLY!A8) -> 0 | AK8: =COUNTIF(TT!$D$555:$D$569,TALLY!A8) -> 0 | AL8: =COUNTIF(TT!$D$574:$D$582,TALLY!A8) -> 0 | AM8: =COUNTIF(TT!$D$587:$D$593,TALLY!A8) -> 0 | AN8: =COUNTIF(TT!$D$598:$D$606,TALLY!A8) -> 0 | AO8: =COUNTIF(TT!$D$611:$D$620,TALLY!A8) -> 0 | AP8: =COUNTIF(TT!$D$627:$D$639,TALLY!A8) -> 0 | AQ8: =COUNTIF(TT!$D$645:$D$657,TALLY!A8) -> 0 | AR8: =COUNTIF(TT!$D$663:$D$671,TALLY!A8) -> 0 | AS8: =COUNTIF(TT!$D$677:$D$685,TALLY!A8) -> 1 | AT8: =COUNTIF(TT!$D$689:$D$698,TALLY!A8) -> 0 | AU8: ED1-CHE | AV8: =SUM($B8:$D8) -> 0 | AW8: =SUM($E8:$G8) -> 1 | AX8: =SUM($H8:$J8) -> 0 | AY8: =SUM($K8:$M8) -> 1 | AZ8: =SUM($N8:$P8) -> 1 | BA8: =SUM($Q8:$S8) -> 0 | BB8: =SUM($T8:$V8) -> 0 | BC8: =SUM($W8:$Y8) -> 1 | BD8: =SUM($Z8:$AB8) -> 0 | BE8: =SUM($AC8:$AE8) -> 1 | BF8: =SUM($AF8:$AH8) -> 1 | BG8: =SUM($AI8:$AK8) -> 0 | BH8: =SUM($AL8:$AN8) -> 0 | BI8: =SUM($AO8:$AQ8) -> 0 | BJ8: =SUM($AR8:$AT8) -> 1 | BK8: =SUM(AV8:BJ8) -> 7
A9: ED1-COE | B9: =COUNTIF(TT!$D$4:$D$9,TALLY!A9) -> 1 | C9: =COUNTIF(TT!$D$15:$D$28,TALLY!A9) -> 0 | D9: =COUNTIF(TT!$D$34:$D$41,TALLY!A9) -> 0 | E9: =COUNTIF(TT!$D$47:$D$60,TALLY!A9) -> 0 | F9: =COUNTIF(TT!$D$66:$D$79,TALLY!A9) -> 0 | G9: =COUNTIF(TT!$D$84:$D$93,TALLY!A9) -> 0 | H9: =COUNTIF(TT!$D$98:$D$106,TALLY!A9) -> 0 | I9: =COUNTIF(TT!$D$111:$D$121,TALLY!A9) -> 0 | J9: =COUNTIF(TT!$D$126:$D$134,TALLY!A9) -> 1 | K9: =COUNTIF(TT!$D$139:$D$151,TALLY!A9) -> 0 | L9: =COUNTIF(TT!$D$156:$D$164,TALLY!A9) -> 0 | M9: =COUNTIF(TT!$D$169:$D$180,TALLY!A9) -> 0 | N9: =COUNTIF(TT!$D$185:$D$197,TALLY!A9) -> 0 | O9: =COUNTIF(TT!$D$202:$D$208,TALLY!A9) -> 0 | P9: =COUNTIF(TT!$D$213:$D$220,TALLY!A9) -> 0 | Q9: =COUNTIF(TT!$D$225:$D$239,TALLY!A9) -> 0 | R9: =COUNTIF(TT!$D$244:$D$254,TALLY!A9) -> 0 | S9: =COUNTIF(TT!$D$259:$D$268,TALLY!A9) -> 0 | T9: =COUNTIF(TT!$D$271:$D$282,TALLY!A9) -> 0 | U9: =COUNTIF(TT!$D$287:$D$298,TALLY!A9) -> 1 | V9: =COUNTIF(TT!$D$303:$D$311,TALLY!A9) -> 0 | W9: =COUNTIF(TT!$D$316:$D$337,TALLY!A9) -> 0 | X9: =COUNTIF(TT!$D$342:$D$350,TALLY!A9) -> 0 | Y9: =COUNTIF(TT!$D$357:$D$365,TALLY!A9) -> 0 | Z9: =COUNTIF(TT!$D$370:$D$377,TALLY!A9) -> 0 | AA9: =COUNTIF(TT!$D$382:$D$393,TALLY!A9) -> 0 | AB9: =COUNTIF(TT!$D$398:$D$408,TALLY!A9) -> 0 | AC9: =COUNTIF(TT!$D$413:$D$425,TALLY!A9) -> 1 | AD9: =COUNTIF(TT!$D$430:$D$433,TALLY!A9) -> 0 | AE9: =COUNTIF(TT!$D$454:$D$466,TALLY!A9) -> 0 | AF9: =COUNTIF(TT!$D$471:$D$480,TALLY!A9) -> 0 | AG9: =COUNTIF(TT!$D$487:$D$496,TALLY!A9) -> 0 | AH9: =COUNTIF(TT!$D$501:$D$517,TALLY!A9) -> 0 | AI9: =COUNTIF(TT!$D$522:$D$533,TALLY!A9) -> 0 | AJ9: =COUNTIF(TT!$D$538:$D$550,TALLY!A9) -> 0 | AK9: =COUNTIF(TT!$D$555:$D$569,TALLY!A9) -> 0 | AL9: =COUNTIF(TT!$D$574:$D$582,TALLY!A9) -> 0 | AM9: =COUNTIF(TT!$D$587:$D$593,TALLY!A9) -> 0 | AN9: =COUNTIF(TT!$D$598:$D$606,TALLY!A9) -> 1 | AO9: =COUNTIF(TT!$D$611:$D$620,TALLY!A9) -> 0 | AP9: =COUNTIF(TT!$D$627:$D$639,TALLY!A9) -> 0 | AQ9: =COUNTIF(TT!$D$645:$D$657,TALLY!A9) -> 0 | AR9: =COUNTIF(TT!$D$663:$D$671,TALLY!A9) -> 1 | AS9: =COUNTIF(TT!$D$677:$D$685,TALLY!A9) -> 0 | AT9: =COUNTIF(TT!$D$689:$D$698,TALLY!A9) -> 0 | AU9: ED1-COE | AV9: =SUM($B9:$D9) -> 1 | AW9: =SUM($E9:$G9) -> 0 | AX9: =SUM($H9:$J9) -> 1 | AY9: =SUM($K9:$M9) -> 0 | AZ9: =SUM($N9:$P9) -> 0 | BA9: =SUM($Q9:$S9) -> 0 | BB9: =SUM($T9:$V9) -> 1 | BC9: =SUM($W9:$Y9) -> 0 | BD9: =SUM($Z9:$AB9) -> 0 | BE9: =SUM($AC9:$AE9) -> 1 | BF9: =SUM($AF9:$AH9) -> 0 | BG9: =SUM($AI9:$AK9) -> 0 | BH9: =SUM($AL9:$AN9) -> 1 | BI9: =SUM($AO9:$AQ9) -> 0 | BJ9: =SUM($AR9:$AT9) -> 1 | BK9: =SUM(AV9:BJ9) -> 6
A10: ED1-EE | B10: =COUNTIF(TT!$D$4:$D$9,TALLY!A10) -> 0 | C10: =COUNTIF(TT!$D$15:$D$28,TALLY!A10) -> 0 | D10: =COUNTIF(TT!$D$34:$D$41,TALLY!A10) -> 0 | E10: =COUNTIF(TT!$D$47:$D$60,TALLY!A10) -> 0 | F10: =COUNTIF(TT!$D$66:$D$79,TALLY!A10) -> 0 | G10: =COUNTIF(TT!$D$84:$D$93,TALLY!A10) -> 1 | H10: =COUNTIF(TT!$D$98:$D$106,TALLY!A10) -> 0 | I10: =COUNTIF(TT!$D$111:$D$121,TALLY!A10) -> 0 | J10: =COUNTIF(TT!$D$126:$D$134,TALLY!A10) -> 0 | K10: =COUNTIF(TT!$D$139:$D$151,TALLY!A10) -> 1 | L10: =COUNTIF(TT!$D$156:$D$164,TALLY!A10) -> 0 | M10: =COUNTIF(TT!$D$169:$D$180,TALLY!A10) -> 0 | N10: =COUNTIF(TT!$D$185:$D$197,TALLY!A10) -> 0 | O10: =COUNTIF(TT!$D$202:$D$208,TALLY!A10) -> 0 | P10: =COUNTIF(TT!$D$213:$D$220,TALLY!A10) -> 1 | Q10: =COUNTIF(TT!$D$225:$D$239,TALLY!A10) -> 0 | R10: =COUNTIF(TT!$D$244:$D$254,TALLY!A10) -> 1 | S10: =COUNTIF(TT!$D$259:$D$268,TALLY!A10) -> 0 | T10: =COUNTIF(TT!$D$271:$D$282,TALLY!A10) -> 0 | U10: =COUNTIF(TT!$D$287:$D$298,TALLY!A10) -> 0 | V10: =COUNTIF(TT!$D$303:$D$311,TALLY!A10) -> 0 | W10: =COUNTIF(TT!$D$316:$D$337,TALLY!A10) -> 0 | X10: =COUNTIF(TT!$D$342:$D$350,TALLY!A10) -> 0 | Y10: =COUNTIF(TT!$D$357:$D$365,TALLY!A10) -> 0 | Z10: =COUNTIF(TT!$D$370:$D$377,TALLY!A10) -> 1 | AA10: =COUNTIF(TT!$D$382:$D$393,TALLY!A10) -> 0 | AB10: =COUNTIF(TT!$D$398:$D$408,TALLY!A10) -> 0 | AC10: =COUNTIF(TT!$D$413:$D$425,TALLY!A10) -> 0 | AD10: =COUNTIF(TT!$D$430:$D$433,TALLY!A10) -> 1 | AE10: =COUNTIF(TT!$D$454:$D$466,TALLY!A10) -> 0 | AF10: =COUNTIF(TT!$D$471:$D$480,TALLY!A10) -> 0 | AG10: =COUNTIF(TT!$D$487:$D$496,TALLY!A10) -> 0 | AH10: =COUNTIF(TT!$D$501:$D$517,TALLY!A10) -> 0 | AI10: =COUNTIF(TT!$D$522:$D$533,TALLY!A10) -> 1 | AJ10: =COUNTIF(TT!$D$538:$D$550,TALLY!A10) -> 0 | AK10: =COUNTIF(TT!$D$555:$D$569,TALLY!A10) -> 0 | AL10: =COUNTIF(TT!$D$574:$D$582,TALLY!A10) -> 0 | AM10: =COUNTIF(TT!$D$587:$D$593,TALLY!A10) -> 0 | AN10: =COUNTIF(TT!$D$598:$D$606,TALLY!A10) -> 0 | AO10: =COUNTIF(TT!$D$611:$D$620,TALLY!A10) -> 0 | AP10: =COUNTIF(TT!$D$627:$D$639,TALLY!A10) -> 0 | AQ10: =COUNTIF(TT!$D$645:$D$657,TALLY!A10) -> 0 | AR10: =COUNTIF(TT!$D$663:$D$671,TALLY!A10) -> 0 | AS10: =COUNTIF(TT!$D$677:$D$685,TALLY!A10) -> 1 | AT10: =COUNTIF(TT!$D$689:$D$698,TALLY!A10) -> 0 | AU10: ED1-EE | AV10: =SUM($B10:$D10) -> 0 | AW10: =SUM($E10:$G10) -> 1 | AX10: =SUM($H10:$J10) -> 0 | AY10: =SUM($K10:$M10) -> 1 | AZ10: =SUM($N10:$P10) -> 1 | BA10: =SUM($Q10:$S10) -> 1 | BB10: =SUM($T10:$V10) -> 0 | BC10: =SUM($W10:$Y10) -> 0 | BD10: =SUM($Z10:$AB10) -> 1 | BE10: =SUM($AC10:$AE10) -> 1 | BF10: =SUM($AF10:$AH10) -> 0 | BG10: =SUM($AI10:$AK10) -> 1 | BH10: =SUM($AL10:$AN10) -> 0 | BI10: =SUM($AO10:$AQ10) -> 0 | BJ10: =SUM($AR10:$AT10) -> 1 | BK10: =SUM(AV10:BJ10) -> 8
A11: ED1-GEOL | B11: =COUNTIF(TT!$D$4:$D$9,TALLY!A11) -> 0 | C11: =COUNTIF(TT!$D$15:$D$28,TALLY!A11) -> 1 | D11: =COUNTIF(TT!$D$34:$D$41,TALLY!A11) -> 0 | E11: =COUNTIF(TT!$D$47:$D$60,TALLY!A11) -> 0 | F11: =COUNTIF(TT!$D$66:$D$79,TALLY!A11) -> 0 | G11: =COUNTIF(TT!$D$84:$D$93,TALLY!A11) -> 0 | H11: =COUNTIF(TT!$D$98:$D$106,TALLY!A11) -> 0 | I11: =COUNTIF(TT!$D$111:$D$121,TALLY!A11) -> 0 | J11: =COUNTIF(TT!$D$126:$D$134,TALLY!A11) -> 0 | K11: =COUNTIF(TT!$D$139:$D$151,TALLY!A11) -> 1 | L11: =COUNTIF(TT!$D$156:$D$164,TALLY!A11) -> 0 | M11: =COUNTIF(TT!$D$169:$D$180,TALLY!A11) -> 0 | N11: =COUNTIF(TT!$D$185:$D$197,TALLY!A11) -> 0 | O11: =COUNTIF(TT!$D$202:$D$208,TALLY!A11) -> 0 | P11: =COUNTIF(TT!$D$213:$D$220,TALLY!A11) -> 0 | Q11: =COUNTIF(TT!$D$225:$D$239,TALLY!A11) -> 1 | R11: =COUNTIF(TT!$D$244:$D$254,TALLY!A11) -> 0 | S11: =COUNTIF(TT!$D$259:$D$268,TALLY!A11) -> 0 | T11: =COUNTIF(TT!$D$271:$D$282,TALLY!A11) -> 0 | U11: =COUNTIF(TT!$D$287:$D$298,TALLY!A11) -> 0 | V11: =COUNTIF(TT!$D$303:$D$311,TALLY!A11) -> 0 | W11: =COUNTIF(TT!$D$316:$D$337,TALLY!A11) -> 0 | X11: =COUNTIF(TT!$D$342:$D$350,TALLY!A11) -> 0 | Y11: =COUNTIF(TT!$D$357:$D$365,TALLY!A11) -> 0 | Z11: =COUNTIF(TT!$D$370:$D$377,TALLY!A11) -> 0 | AA11: =COUNTIF(TT!$D$382:$D$393,TALLY!A11) -> 0 | AB11: =COUNTIF(TT!$D$398:$D$408,TALLY!A11) -> 1 | AC11: =COUNTIF(TT!$D$413:$D$425,TALLY!A11) -> 0 | AD11: =COUNTIF(TT!$D$430:$D$433,TALLY!A11) -> 0 | AE11: =COUNTIF(TT!$D$454:$D$466,TALLY!A11) -> 0 | AF11: =COUNTIF(TT!$D$471:$D$480,TALLY!A11) -> 0 | AG11: =COUNTIF(TT!$D$487:$D$496,TALLY!A11) -> 0 | AH11: =COUNTIF(TT!$D$501:$D$517,TALLY!A11) -> 1 | AI11: =COUNTIF(TT!$D$522:$D$533,TALLY!A11) -> 1 | AJ11: =COUNTIF(TT!$D$538:$D$550,TALLY!A11) -> 0 | AK11: =COUNTIF(TT!$D$555:$D$569,TALLY!A11) -> 0 | AL11: =COUNTIF(TT!$D$574:$D$582,TALLY!A11) -> 1 | AM11: =COUNTIF(TT!$D$587:$D$593,TALLY!A11) -> 0 | AN11: =COUNTIF(TT!$D$598:$D$606,TALLY!A11) -> 0 | AO11: =COUNTIF(TT!$D$611:$D$620,TALLY!A11) -> 0 | AP11: =COUNTIF(TT!$D$627:$D$639,TALLY!A11) -> 0 | AQ11: =COUNTIF(TT!$D$645:$D$657,TALLY!A11) -> 1 | AR11: =COUNTIF(TT!$D$663:$D$671,TALLY!A11) -> 1 | AS11: =COUNTIF(TT!$D$677:$D$685,TALLY!A11) -> 0 | AT11: =COUNTIF(TT!$D$689:$D$698,TALLY!A11) -> 0 | AU11: ED1-GEOL | AV11: =SUM($B11:$D11) -> 1 | AW11: =SUM($E11:$G11) -> 0 | AX11: =SUM($H11:$J11) -> 0 | AY11: =SUM($K11:$M11) -> 1 | AZ11: =SUM($N11:$P11) -> 0 | BA11: =SUM($Q11:$S11) -> 1 | BB11: =SUM($T11:$V11) -> 0 | BC11: =SUM($W11:$Y11) -> 0 | BD11: =SUM($Z11:$AB11) -> 1 | BE11: =SUM($AC11:$AE11) -> 0 | BF11: =SUM($AF11:$AH11) -> 1 | BG11: =SUM($AI11:$AK11) -> 1 | BH11: =SUM($AL11:$AN11) -> 1 | BI11: =SUM($AO11:$AQ11) -> 1 | BJ11: =SUM($AR11:$AT11) -> 1 | BK11: =SUM(AV11:BJ11) -> 9
A12: ED1-GEOM | B12: =COUNTIF(TT!$D$4:$D$9,TALLY!A12) -> 0 | C12: =COUNTIF(TT!$D$15:$D$28,TALLY!A12) -> 1 | D12: =COUNTIF(TT!$D$34:$D$41,TALLY!A12) -> 0 | E12: =COUNTIF(TT!$D$47:$D$60,TALLY!A12) -> 0 | F12: =COUNTIF(TT!$D$66:$D$79,TALLY!A12) -> 0 | G12: =COUNTIF(TT!$D$84:$D$93,TALLY!A12) -> 0 | H12: =COUNTIF(TT!$D$98:$D$106,TALLY!A12) -> 0 | I12: =COUNTIF(TT!$D$111:$D$121,TALLY!A12) -> 0 | J12: =COUNTIF(TT!$D$126:$D$134,TALLY!A12) -> 0 | K12: =COUNTIF(TT!$D$139:$D$151,TALLY!A12) -> 0 | L12: =COUNTIF(TT!$D$156:$D$164,TALLY!A12) -> 1 | M12: =COUNTIF(TT!$D$169:$D$180,TALLY!A12) -> 0 | N12: =COUNTIF(TT!$D$185:$D$197,TALLY!A12) -> 0 | O12: =COUNTIF(TT!$D$202:$D$208,TALLY!A12) -> 0 | P12: =COUNTIF(TT!$D$213:$D$220,TALLY!A12) -> 0 | Q12: =COUNTIF(TT!$D$225:$D$239,TALLY!A12) -> 0 | R12: =COUNTIF(TT!$D$244:$D$254,TALLY!A12) -> 0 | S12: =COUNTIF(TT!$D$259:$D$268,TALLY!A12) -> 0 | T12: =COUNTIF(TT!$D$271:$D$282,TALLY!A12) -> 0 | U12: =COUNTIF(TT!$D$287:$D$298,TALLY!A12) -> 0 | V12: =COUNTIF(TT!$D$303:$D$311,TALLY!A12) -> 0 | W12: =COUNTIF(TT!$D$316:$D$337,TALLY!A12) -> 0 | X12: =COUNTIF(TT!$D$342:$D$350,TALLY!A12) -> 0 | Y12: =COUNTIF(TT!$D$357:$D$365,TALLY!A12) -> 0 | Z12: =COUNTIF(TT!$D$370:$D$377,TALLY!A12) -> 0 | AA12: =COUNTIF(TT!$D$382:$D$393,TALLY!A12) -> 0 | AB12: =COUNTIF(TT!$D$398:$D$408,TALLY!A12) -> 0 | AC12: =COUNTIF(TT!$D$413:$D$425,TALLY!A12) -> 0 | AD12: =COUNTIF(TT!$D$430:$D$433,TALLY!A12) -> 0 | AE12: =COUNTIF(TT!$D$454:$D$466,TALLY!A12) -> 0 | AF12: =COUNTIF(TT!$D$471:$D$480,TALLY!A12) -> 0 | AG12: =COUNTIF(TT!$D$487:$D$496,TALLY!A12) -> 0 | AH12: =COUNTIF(TT!$D$501:$D$517,TALLY!A12) -> 0 | AI12: =COUNTIF(TT!$D$522:$D$533,TALLY!A12) -> 0 | AJ12: =COUNTIF(TT!$D$538:$D$550,TALLY!A12) -> 1 | AK12: =COUNTIF(TT!$D$555:$D$569,TALLY!A12) -> 0 | AL12: =COUNTIF(TT!$D$574:$D$582,TALLY!A12) -> 0 | AM12: =COUNTIF(TT!$D$587:$D$593,TALLY!A12) -> 0 | AN12: =COUNTIF(TT!$D$598:$D$606,TALLY!A12) -> 0 | AO12: =COUNTIF(TT!$D$611:$D$620,TALLY!A12) -> 0 | AP12: =COUNTIF(TT!$D$627:$D$639,TALLY!A12) -> 0 | AQ12: =COUNTIF(TT!$D$645:$D$657,TALLY!A12) -> 1 | AR12: =COUNTIF(TT!$D$663:$D$671,TALLY!A12) -> 0 | AS12: =COUNTIF(TT!$D$677:$D$685,TALLY!A12) -> 1 | AT12: =COUNTIF(TT!$D$689:$D$698,TALLY!A12) -> 0 | AU12: ED1-GEOM | AV12: =SUM($B12:$D12) -> 1 | AW12: =SUM($E12:$G12) -> 0 | AX12: =SUM($H12:$J12) -> 0 | AY12: =SUM($K12:$M12) -> 1 | AZ12: =SUM($N12:$P12) -> 0 | BA12: =SUM($Q12:$S12) -> 0 | BB12: =SUM($T12:$V12) -> 0 | BC12: =SUM($W12:$Y12) -> 0 | BD12: =SUM($Z12:$AB12) -> 0 | BE12: =SUM($AC12:$AE12) -> 0 | BF12: =SUM($AF12:$AH12) -> 0 | BG12: =SUM($AI12:$AK12) -> 1 | BH12: =SUM($AL12:$AN12) -> 0 | BI12: =SUM($AO12:$AQ12) -> 1 | BJ12: =SUM($AR12:$AT12) -> 1 | BK12: =SUM(AV12:BJ12) -> 5
A13: ED1-IND | B13: =COUNTIF(TT!$D$4:$D$9,TALLY!A13) -> 0 | C13: =COUNTIF(TT!$D$15:$D$28,TALLY!A13) -> 0 | D13: =COUNTIF(TT!$D$34:$D$41,TALLY!A13) -> 0 | E13: =COUNTIF(TT!$D$47:$D$60,TALLY!A13) -> 0 | F13: =COUNTIF(TT!$D$66:$D$79,TALLY!A13) -> 1 | G13: =COUNTIF(TT!$D$84:$D$93,TALLY!A13) -> 0 | H13: =COUNTIF(TT!$D$98:$D$106,TALLY!A13) -> 0 | I13: =COUNTIF(TT!$D$111:$D$121,TALLY!A13) -> 1 | J13: =COUNTIF(TT!$D$126:$D$134,TALLY!A13) -> 0 | K13: =COUNTIF(TT!$D$139:$D$151,TALLY!A13) -> 0 | L13: =COUNTIF(TT!$D$156:$D$164,TALLY!A13) -> 0 | M13: =COUNTIF(TT!$D$169:$D$180,TALLY!A13) -> 0 | N13: =COUNTIF(TT!$D$185:$D$197,TALLY!A13) -> 0 | O13: =COUNTIF(TT!$D$202:$D$208,TALLY!A13) -> 0 | P13: =COUNTIF(TT!$D$213:$D$220,TALLY!A13) -> 0 | Q13: =COUNTIF(TT!$D$225:$D$239,TALLY!A13) -> 0 | R13: =COUNTIF(TT!$D$244:$D$254,TALLY!A13) -> 0 | S13: =COUNTIF(TT!$D$259:$D$268,TALLY!A13) -> 0 | T13: =COUNTIF(TT!$D$271:$D$282,TALLY!A13) -> 0 | U13: =COUNTIF(TT!$D$287:$D$298,TALLY!A13) -> 1 | V13: =COUNTIF(TT!$D$303:$D$311,TALLY!A13) -> 0 | W13: =COUNTIF(TT!$D$316:$D$337,TALLY!A13) -> 0 | X13: =COUNTIF(TT!$D$342:$D$350,TALLY!A13) -> 0 | Y13: =COUNTIF(TT!$D$357:$D$365,TALLY!A13) -> 0 | Z13: =COUNTIF(TT!$D$370:$D$377,TALLY!A13) -> 0 | AA13: =COUNTIF(TT!$D$382:$D$393,TALLY!A13) -> 0 | AB13: =COUNTIF(TT!$D$398:$D$408,TALLY!A13) -> 0 | AC13: =COUNTIF(TT!$D$413:$D$425,TALLY!A13) -> 0 | AD13: =COUNTIF(TT!$D$430:$D$433,TALLY!A13) -> 1 | AE13: =COUNTIF(TT!$D$454:$D$466,TALLY!A13) -> 0 | AF13: =COUNTIF(TT!$D$471:$D$480,TALLY!A13) -> 0 | AG13: =COUNTIF(TT!$D$487:$D$496,TALLY!A13) -> 0 | AH13: =COUNTIF(TT!$D$501:$D$517,TALLY!A13) -> 0 | AI13: =COUNTIF(TT!$D$522:$D$533,TALLY!A13) -> 0 | AJ13: =COUNTIF(TT!$D$538:$D$550,TALLY!A13) -> 1 | AK13: =COUNTIF(TT!$D$555:$D$569,TALLY!A13) -> 0 | AL13: =COUNTIF(TT!$D$574:$D$582,TALLY!A13) -> 0 | AM13: =COUNTIF(TT!$D$587:$D$593,TALLY!A13) -> 0 | AN13: =COUNTIF(TT!$D$598:$D$606,TALLY!A13) -> 0 | AO13: =COUNTIF(TT!$D$611:$D$620,TALLY!A13) -> 1 | AP13: =COUNTIF(TT!$D$627:$D$639,TALLY!A13) -> 0 | AQ13: =COUNTIF(TT!$D$645:$D$657,TALLY!A13) -> 0 | AR13: =COUNTIF(TT!$D$663:$D$671,TALLY!A13) -> 1 | AS13: =COUNTIF(TT!$D$677:$D$685,TALLY!A13) -> 0 | AT13: =COUNTIF(TT!$D$689:$D$698,TALLY!A13) -> 0 | AU13: ED1-IND | AV13: =SUM($B13:$D13) -> 0 | AW13: =SUM($E13:$G13) -> 1 | AX13: =SUM($H13:$J13) -> 1 | AY13: =SUM($K13:$M13) -> 0 | AZ13: =SUM($N13:$P13) -> 0 | BA13: =SUM($Q13:$S13) -> 0 | BB13: =SUM($T13:$V13) -> 1 | BC13: =SUM($W13:$Y13) -> 0 | BD13: =SUM($Z13:$AB13) -> 0 | BE13: =SUM($AC13:$AE13) -> 1 | BF13: =SUM($AF13:$AH13) -> 0 | BG13: =SUM($AI13:$AK13) -> 1 | BH13: =SUM($AL13:$AN13) -> 0 | BI13: =SUM($AO13:$AQ13) -> 1 | BJ13: =SUM($AR13:$AT13) -> 1 | BK13: =SUM(AV13:BJ13) -> 7
A14: ED1-MARI | B14: =COUNTIF(TT!$D$4:$D$9,TALLY!A14) -> 0 | C14: =COUNTIF(TT!$D$15:$D$28,TALLY!A14) -> 0 | D14: =COUNTIF(TT!$D$34:$D$41,TALLY!A14) -> 0 | E14: =COUNTIF(TT!$D$47:$D$60,TALLY!A14) -> 0 | F14: =COUNTIF(TT!$D$66:$D$79,TALLY!A14) -> 1 | G14: =COUNTIF(TT!$D$84:$D$93,TALLY!A14) -> 0 | H14: =COUNTIF(TT!$D$98:$D$106,TALLY!A14) -> 0 | I14: =COUNTIF(TT!$D$111:$D$121,TALLY!A14) -> 1 | J14: =COUNTIF(TT!$D$126:$D$134,TALLY!A14) -> 0 | K14: =COUNTIF(TT!$D$139:$D$151,TALLY!A14) -> 0 | L14: =COUNTIF(TT!$D$156:$D$164,TALLY!A14) -> 0 | M14: =COUNTIF(TT!$D$169:$D$180,TALLY!A14) -> 0 | N14: =COUNTIF(TT!$D$185:$D$197,TALLY!A14) -> 0 | O14: =COUNTIF(TT!$D$202:$D$208,TALLY!A14) -> 0 | P14: =COUNTIF(TT!$D$213:$D$220,TALLY!A14) -> 0 | Q14: =COUNTIF(TT!$D$225:$D$239,TALLY!A14) -> 1 | R14: =COUNTIF(TT!$D$244:$D$254,TALLY!A14) -> 0 | S14: =COUNTIF(TT!$D$259:$D$268,TALLY!A14) -> 0 | T14: =COUNTIF(TT!$D$271:$D$282,TALLY!A14) -> 0 | U14: =COUNTIF(TT!$D$287:$D$298,TALLY!A14) -> 1 | V14: =COUNTIF(TT!$D$303:$D$311,TALLY!A14) -> 0 | W14: =COUNTIF(TT!$D$316:$D$337,TALLY!A14) -> 0 | X14: =COUNTIF(TT!$D$342:$D$350,TALLY!A14) -> 0 | Y14: =COUNTIF(TT!$D$357:$D$365,TALLY!A14) -> 0 | Z14: =COUNTIF(TT!$D$370:$D$377,TALLY!A14) -> 0 | AA14: =COUNTIF(TT!$D$382:$D$393,TALLY!A14) -> 0 | AB14: =COUNTIF(TT!$D$398:$D$408,TALLY!A14) -> 0 | AC14: =COUNTIF(TT!$D$413:$D$425,TALLY!A14) -> 0 | AD14: =COUNTIF(TT!$D$430:$D$433,TALLY!A14) -> 0 | AE14: =COUNTIF(TT!$D$454:$D$466,TALLY!A14) -> 1 | AF14: =COUNTIF(TT!$D$471:$D$480,TALLY!A14) -> 0 | AG14: =COUNTIF(TT!$D$487:$D$496,TALLY!A14) -> 0 | AH14: =COUNTIF(TT!$D$501:$D$517,TALLY!A14) -> 0 | AI14: =COUNTIF(TT!$D$522:$D$533,TALLY!A14) -> 0 | AJ14: =COUNTIF(TT!$D$538:$D$550,TALLY!A14) -> 1 | AK14: =COUNTIF(TT!$D$555:$D$569,TALLY!A14) -> 0 | AL14: =COUNTIF(TT!$D$574:$D$582,TALLY!A14) -> 0 | AM14: =COUNTIF(TT!$D$587:$D$593,TALLY!A14) -> 0 | AN14: =COUNTIF(TT!$D$598:$D$606,TALLY!A14) -> 0 | AO14: =COUNTIF(TT!$D$611:$D$620,TALLY!A14) -> 1 | AP14: =COUNTIF(TT!$D$627:$D$639,TALLY!A14) -> 0 | AQ14: =COUNTIF(TT!$D$645:$D$657,TALLY!A14) -> 0 | AR14: =COUNTIF(TT!$D$663:$D$671,TALLY!A14) -> 1 | AS14: =COUNTIF(TT!$D$677:$D$685,TALLY!A14) -> 0 | AT14: =COUNTIF(TT!$D$689:$D$698,TALLY!A14) -> 0 | AU14: ED1-MARI | AV14: =SUM($B14:$D14) -> 0 | AW14: =SUM($E14:$G14) -> 1 | AX14: =SUM($H14:$J14) -> 1 | AY14: =SUM($K14:$M14) -> 0 | AZ14: =SUM($N14:$P14) -> 0 | BA14: =SUM($Q14:$S14) -> 1 | BB14: =SUM($T14:$V14) -> 1 | BC14: =SUM($W14:$Y14) -> 0 | BD14: =SUM($Z14:$AB14) -> 0 | BE14: =SUM($AC14:$AE14) -> 1 | BF14: =SUM($AF14:$AH14) -> 0 | BG14: =SUM($AI14:$AK14) -> 1 | BH14: =SUM($AL14:$AN14) -> 0 | BI14: =SUM($AO14:$AQ14) -> 1 | BJ14: =SUM($AR14:$AT14) -> 1 | BK14: =SUM(AV14:BJ14) -> 8
A15: ED1-ME | B15: =COUNTIF(TT!$D$4:$D$9,TALLY!A15) -> 0 | C15: =COUNTIF(TT!$D$15:$D$28,TALLY!A15) -> 0 | D15: =COUNTIF(TT!$D$34:$D$41,TALLY!A15) -> 0 | E15: =COUNTIF(TT!$D$47:$D$60,TALLY!A15) -> 0 | F15: =COUNTIF(TT!$D$66:$D$79,TALLY!A15) -> 0 | G15: =COUNTIF(TT!$D$84:$D$93,TALLY!A15) -> 0 | H15: =COUNTIF(TT!$D$98:$D$106,TALLY!A15) -> 0 | I15: =COUNTIF(TT!$D$111:$D$121,TALLY!A15) -> 1 | J15: =COUNTIF(TT!$D$126:$D$134,TALLY!A15) -> 0 | K15: =COUNTIF(TT!$D$139:$D$151,TALLY!A15) -> 0 | L15: =COUNTIF(TT!$D$156:$D$164,TALLY!A15) -> 0 | M15: =COUNTIF(TT!$D$169:$D$180,TALLY!A15) -> 0 | N15: =COUNTIF(TT!$D$185:$D$197,TALLY!A15) -> 0 | O15: =COUNTIF(TT!$D$202:$D$208,TALLY!A15) -> 0 | P15: =COUNTIF(TT!$D$213:$D$220,TALLY!A15) -> 1 | Q15: =COUNTIF(TT!$D$225:$D$239,TALLY!A15) -> 0 | R15: =COUNTIF(TT!$D$244:$D$254,TALLY!A15) -> 0 | S15: =COUNTIF(TT!$D$259:$D$268,TALLY!A15) -> 1 | T15: =COUNTIF(TT!$D$271:$D$282,TALLY!A15) -> 0 | U15: =COUNTIF(TT!$D$287:$D$298,TALLY!A15) -> 0 | V15: =COUNTIF(TT!$D$303:$D$311,TALLY!A15) -> 0 | W15: =COUNTIF(TT!$D$316:$D$337,TALLY!A15) -> 0 | X15: =COUNTIF(TT!$D$342:$D$350,TALLY!A15) -> 0 | Y15: =COUNTIF(TT!$D$357:$D$365,TALLY!A15) -> 0 | Z15: =COUNTIF(TT!$D$370:$D$377,TALLY!A15) -> 0 | AA15: =COUNTIF(TT!$D$382:$D$393,TALLY!A15) -> 0 | AB15: =COUNTIF(TT!$D$398:$D$408,TALLY!A15) -> 0 | AC15: =COUNTIF(TT!$D$413:$D$425,TALLY!A15) -> 0 | AD15: =COUNTIF(TT!$D$430:$D$433,TALLY!A15) -> 0 | AE15: =COUNTIF(TT!$D$454:$D$466,TALLY!A15) -> 1 | AF15: =COUNTIF(TT!$D$471:$D$480,TALLY!A15) -> 0 | AG15: =COUNTIF(TT!$D$487:$D$496,TALLY!A15) -> 0 | AH15: =COUNTIF(TT!$D$501:$D$517,TALLY!A15) -> 0 | AI15: =COUNTIF(TT!$D$522:$D$533,TALLY!A15) -> 0 | AJ15: =COUNTIF(TT!$D$538:$D$550,TALLY!A15) -> 1 | AK15: =COUNTIF(TT!$D$555:$D$569,TALLY!A15) -> 0 | AL15: =COUNTIF(TT!$D$574:$D$582,TALLY!A15) -> 0 | AM15: =COUNTIF(TT!$D$587:$D$593,TALLY!A15) -> 0 | AN15: =COUNTIF(TT!$D$598:$D$606,TALLY!A15) -> 0 | AO15: =COUNTIF(TT!$D$611:$D$620,TALLY!A15) -> 1 | AP15: =COUNTIF(TT!$D$627:$D$639,TALLY!A15) -> 0 | AQ15: =COUNTIF(TT!$D$645:$D$657,TALLY!A15) -> 0 | AR15: =COUNTIF(TT!$D$663:$D$671,TALLY!A15) -> 0 | AS15: =COUNTIF(TT!$D$677:$D$685,TALLY!A15) -> 1 | AT15: =COUNTIF(TT!$D$689:$D$698,TALLY!A15) -> 0 | AU15: ED1-ME | AV15: =SUM($B15:$D15) -> 0 | AW15: =SUM($E15:$G15) -> 0 | AX15: =SUM($H15:$J15) -> 1 | AY15: =SUM($K15:$M15) -> 0 | AZ15: =SUM($N15:$P15) -> 1 | BA15: =SUM($Q15:$S15) -> 1 | BB15: =SUM($T15:$V15) -> 0 | BC15: =SUM($W15:$Y15) -> 0 | BD15: =SUM($Z15:$AB15) -> 0 | BE15: =SUM($AC15:$AE15) -> 1 | BF15: =SUM($AF15:$AH15) -> 0 | BG15: =SUM($AI15:$AK15) -> 1 | BH15: =SUM($AL15:$AN15) -> 0 | BI15: =SUM($AO15:$AQ15) -> 1 | BJ15: =SUM($AR15:$AT15) -> 1 | BK15: =SUM(AV15:BJ15) -> 7
A16: ED1-METE | B16: =COUNTIF(TT!$D$4:$D$9,TALLY!A16) -> 0 | C16: =COUNTIF(TT!$D$15:$D$28,TALLY!A16) -> 0 | D16: =COUNTIF(TT!$D$34:$D$41,TALLY!A16) -> 0 | E16: =COUNTIF(TT!$D$47:$D$60,TALLY!A16) -> 0 | F16: =COUNTIF(TT!$D$66:$D$79,TALLY!A16) -> 1 | G16: =COUNTIF(TT!$D$84:$D$93,TALLY!A16) -> 0 | H16: =COUNTIF(TT!$D$98:$D$106,TALLY!A16) -> 0 | I16: =COUNTIF(TT!$D$111:$D$121,TALLY!A16) -> 1 | J16: =COUNTIF(TT!$D$126:$D$134,TALLY!A16) -> 0 | K16: =COUNTIF(TT!$D$139:$D$151,TALLY!A16) -> 0 | L16: =COUNTIF(TT!$D$156:$D$164,TALLY!A16) -> 0 | M16: =COUNTIF(TT!$D$169:$D$180,TALLY!A16) -> 0 | N16: =COUNTIF(TT!$D$185:$D$197,TALLY!A16) -> 0 | O16: =COUNTIF(TT!$D$202:$D$208,TALLY!A16) -> 0 | P16: =COUNTIF(TT!$D$213:$D$220,TALLY!A16) -> 0 | Q16: =COUNTIF(TT!$D$225:$D$239,TALLY!A16) -> 0 | R16: =COUNTIF(TT!$D$244:$D$254,TALLY!A16) -> 0 | S16: =COUNTIF(TT!$D$259:$D$268,TALLY!A16) -> 0 | T16: =COUNTIF(TT!$D$271:$D$282,TALLY!A16) -> 0 | U16: =COUNTIF(TT!$D$287:$D$298,TALLY!A16) -> 0 | V16: =COUNTIF(TT!$D$303:$D$311,TALLY!A16) -> 1 | W16: =COUNTIF(TT!$D$316:$D$337,TALLY!A16) -> 0 | X16: =COUNTIF(TT!$D$342:$D$350,TALLY!A16) -> 0 | Y16: =COUNTIF(TT!$D$357:$D$365,TALLY!A16) -> 0 | Z16: =COUNTIF(TT!$D$370:$D$377,TALLY!A16) -> 0 | AA16: =COUNTIF(TT!$D$382:$D$393,TALLY!A16) -> 1 | AB16: =COUNTIF(TT!$D$398:$D$408,TALLY!A16) -> 0 | AC16: =COUNTIF(TT!$D$413:$D$425,TALLY!A16) -> 0 | AD16: =COUNTIF(TT!$D$430:$D$433,TALLY!A16) -> 0 | AE16: =COUNTIF(TT!$D$454:$D$466,TALLY!A16) -> 1 | AF16: =COUNTIF(TT!$D$471:$D$480,TALLY!A16) -> 0 | AG16: =COUNTIF(TT!$D$487:$D$496,TALLY!A16) -> 0 | AH16: =COUNTIF(TT!$D$501:$D$517,TALLY!A16) -> 0 | AI16: =COUNTIF(TT!$D$522:$D$533,TALLY!A16) -> 0 | AJ16: =COUNTIF(TT!$D$538:$D$550,TALLY!A16) -> 0 | AK16: =COUNTIF(TT!$D$555:$D$569,TALLY!A16) -> 1 | AL16: =COUNTIF(TT!$D$574:$D$582,TALLY!A16) -> 0 | AM16: =COUNTIF(TT!$D$587:$D$593,TALLY!A16) -> 0 | AN16: =COUNTIF(TT!$D$598:$D$606,TALLY!A16) -> 0 | AO16: =COUNTIF(TT!$D$611:$D$620,TALLY!A16) -> 0 | AP16: =COUNTIF(TT!$D$627:$D$639,TALLY!A16) -> 1 | AQ16: =COUNTIF(TT!$D$645:$D$657,TALLY!A16) -> 0 | AR16: =COUNTIF(TT!$D$663:$D$671,TALLY!A16) -> 0 | AS16: =COUNTIF(TT!$D$677:$D$685,TALLY!A16) -> 1 | AT16: =COUNTIF(TT!$D$689:$D$698,TALLY!A16) -> 0 | AU16: ED1-METE | AV16: =SUM($B16:$D16) -> 0 | AW16: =SUM($E16:$G16) -> 1 | AX16: =SUM($H16:$J16) -> 1 | AY16: =SUM($K16:$M16) -> 0 | AZ16: =SUM($N16:$P16) -> 0 | BA16: =SUM($Q16:$S16) -> 0 | BB16: =SUM($T16:$V16) -> 1 | BC16: =SUM($W16:$Y16) -> 0 | BD16: =SUM($Z16:$AB16) -> 1 | BE16: =SUM($AC16:$AE16) -> 1 | BF16: =SUM($AF16:$AH16) -> 0 | BG16: =SUM($AI16:$AK16) -> 1 | BH16: =SUM($AL16:$AN16) -> 0 | BI16: =SUM($AO16:$AQ16) -> 1 | BJ16: =SUM($AR16:$AT16) -> 1 | BK16: =SUM(AV16:BJ16) -> 8
... A50: ED3-MARI | B50: =COUNTIF(TT!$D$4:$D$9,TALLY!A50) -> 0 | C50: =COUNTIF(TT!$D$15:$D$28,TALLY!A50) -> 0 | D50: =COUNTIF(TT!$D$34:$D$41,TALLY!A50) -> 0 | E50: =COUNTIF(TT!$D$47:$D$60,TALLY!A50) -> 1 | F50: =COUNTIF(TT!$D$66:$D$79,TALLY!A50) -> 0 | G50: =COUNTIF(TT!$D$84:$D$93,TALLY!A50) -> 0 | H50: =COUNTIF(TT!$D$98:$D$106,TALLY!A50) -> 0 | I50: =COUNTIF(TT!$D$111:$D$121,TALLY!A50) -> 0 | J50: =COUNTIF(TT!$D$126:$D$134,TALLY!A50) -> 1 | K50: =COUNTIF(TT!$D$139:$D$151,TALLY!A50) -> 0 | L50: =COUNTIF(TT!$D$156:$D$164,TALLY!A50) -> 0 | M50: =COUNTIF(TT!$D$169:$D$180,TALLY!A50) -> 0 | N50: =COUNTIF(TT!$D$185:$D$197,TALLY!A50) -> 0 | O50: =COUNTIF(TT!$D$202:$D$208,TALLY!A50) -> 0 | P50: =COUNTIF(TT!$D$213:$D$220,TALLY!A50) -> 1 | Q50: =COUNTIF(TT!$D$225:$D$239,TALLY!A50) -> 0 | R50: =COUNTIF(TT!$D$244:$D$254,TALLY!A50) -> 0 | S50: =COUNTIF(TT!$D$259:$D$268,TALLY!A50) -> 0 | T50: =COUNTIF(TT!$D$271:$D$282,TALLY!A50) -> 0 | U50: =COUNTIF(TT!$D$287:$D$298,TALLY!A50) -> 0 | V50: =COUNTIF(TT!$D$303:$D$311,TALLY!A50) -> 0 | W50: =COUNTIF(TT!$D$316:$D$337,TALLY!A50) -> 1 | X50: =COUNTIF(TT!$D$342:$D$350,TALLY!A50) -> 0 | Y50: =COUNTIF(TT!$D$357:$D$365,TALLY!A50) -> 0 | Z50: =COUNTIF(TT!$D$370:$D$377,TALLY!A50) -> 0 | AA50: =COUNTIF(TT!$D$382:$D$393,TALLY!A50) -> 1 | AB50: =COUNTIF(TT!$D$398:$D$408,TALLY!A50) -> 0 | AC50: =COUNTIF(TT!$D$413:$D$425,TALLY!A50) -> 0 | AD50: =COUNTIF(TT!$D$430:$D$433,TALLY!A50) -> 0 | AE50: =COUNTIF(TT!$D$454:$D$466,TALLY!A50) -> 1 | AF50: =COUNTIF(TT!$D$471:$D$480,TALLY!A50) -> 0 | AG50: =COUNTIF(TT!$D$487:$D$496,TALLY!A50) -> 0 | AH50: =COUNTIF(TT!$D$501:$D$517,TALLY!A50) -> 0 | AI50: =COUNTIF(TT!$D$522:$D$533,TALLY!A50) -> 0 | AJ50: =COUNTIF(TT!$D$538:$D$550,TALLY!A50) -> 0 | AK50: =COUNTIF(TT!$D$555:$D$569,TALLY!A50) -> 1 | AL50: =COUNTIF(TT!$D$574:$D$582,TALLY!A50) -> 0 | AM50: =COUNTIF(TT!$D$587:$D$593,TALLY!A50) -> 0 | AN50: =COUNTIF(TT!$D$598:$D$606,TALLY!A50) -> 0 | AO50: =COUNTIF(TT!$D$611:$D$620,TALLY!A50) -> 0 | AP50: =COUNTIF(TT!$D$627:$D$639,TALLY!A50) -> 0 | AQ50: =COUNTIF(TT!$D$645:$D$657,TALLY!A50) -> 0 | AR50: =COUNTIF(TT!$D$663:$D$671,TALLY!A50) -> 0 | AS50: =COUNTIF(TT!$D$677:$D$685,TALLY!A50) -> 0 | AT50: =COUNTIF(TT!$D$689:$D$698,TALLY!A50) -> 1 | AU50: ED3-MARI | AV50: =SUM($B50:$D50) -> 0 | AW50: =SUM($E50:$G50) -> 1 | AX50: =SUM($H50:$J50) -> 1 | AY50: =SUM($K50:$M50) -> 0 | AZ50: =SUM($N50:$P50) -> 1 | BA50: =SUM($Q50:$S50) -> 0 | BB50: =SUM($T50:$V50) -> 0 | BC50: =SUM($W50:$Y50) -> 1 | BD50: =SUM($Z50:$AB50) -> 1 | BE50: =SUM($AC50:$AE50) -> 1 | BF50: =SUM($AF50:$AH50) -> 0 | BG50: =SUM($AI50:$AK50) -> 1 | BH50: =SUM($AL50:$AN50) -> 0 | BI50: =SUM($AO50:$AQ50) -> 0 | BJ50: =SUM($AR50:$AT50) -> 1 | BK50: =SUM(AV50:BJ50) -> 8
A51: ED3-ME | B51: =COUNTIF(TT!$D$4:$D$9,TALLY!A51) -> 0 | C51: =COUNTIF(TT!$D$15:$D$28,TALLY!A51) -> 0 | D51: =COUNTIF(TT!$D$34:$D$41,TALLY!A51) -> 1 | E51: =COUNTIF(TT!$D$47:$D$60,TALLY!A51) -> 0 | F51: =COUNTIF(TT!$D$66:$D$79,TALLY!A51) -> 0 | G51: =COUNTIF(TT!$D$84:$D$93,TALLY!A51) -> 0 | H51: =COUNTIF(TT!$D$98:$D$106,TALLY!A51) -> 0 | I51: =COUNTIF(TT!$D$111:$D$121,TALLY!A51) -> 0 | J51: =COUNTIF(TT!$D$126:$D$134,TALLY!A51) -> 1 | K51: =COUNTIF(TT!$D$139:$D$151,TALLY!A51) -> 0 | L51: =COUNTIF(TT!$D$156:$D$164,TALLY!A51) -> 0 | M51: =COUNTIF(TT!$D$169:$D$180,TALLY!A51) -> 0 | N51: =COUNTIF(TT!$D$185:$D$197,TALLY!A51) -> 0 | O51: =COUNTIF(TT!$D$202:$D$208,TALLY!A51) -> 0 | P51: =COUNTIF(TT!$D$213:$D$220,TALLY!A51) -> 0 | Q51: =COUNTIF(TT!$D$225:$D$239,TALLY!A51) -> 0 | R51: =COUNTIF(TT!$D$244:$D$254,TALLY!A51) -> 0 | S51: =COUNTIF(TT!$D$259:$D$268,TALLY!A51) -> 0 | T51: =COUNTIF(TT!$D$271:$D$282,TALLY!A51) -> 0 | U51: =COUNTIF(TT!$D$287:$D$298,TALLY!A51) -> 0 | V51: =COUNTIF(TT!$D$303:$D$311,TALLY!A51) -> 0 | W51: =COUNTIF(TT!$D$316:$D$337,TALLY!A51) -> 1 | X51: =COUNTIF(TT!$D$342:$D$350,TALLY!A51) -> 0 | Y51: =COUNTIF(TT!$D$357:$D$365,TALLY!A51) -> 0 | Z51: =COUNTIF(TT!$D$370:$D$377,TALLY!A51) -> 0 | AA51: =COUNTIF(TT!$D$382:$D$393,TALLY!A51) -> 1 | AB51: =COUNTIF(TT!$D$398:$D$408,TALLY!A51) -> 0 | AC51: =COUNTIF(TT!$D$413:$D$425,TALLY!A51) -> 0 | AD51: =COUNTIF(TT!$D$430:$D$447,TALLY!A51) -> 0 | AE51: =COUNTIF(TT!$D$454:$D$466,TALLY!A51) -> 0 | AF51: =COUNTIF(TT!$D$471:$D$480,TALLY!A51) -> 1 | AG51: =COUNTIF(TT!$D$487:$D$496,TALLY!A51) -> 0 | AH51: =COUNTIF(TT!$D$501:$D$517,TALLY!A51) -> 0 | AI51: =COUNTIF(TT!$D$522:$D$533,TALLY!A51) -> 0 | AJ51: =COUNTIF(TT!$D$538:$D$550,TALLY!A51) -> 0 | AK51: =COUNTIF(TT!$D$555:$D$569,TALLY!A51) -> 0 | AL51: =COUNTIF(TT!$D$574:$D$582,TALLY!A51) -> 0 | AM51: =COUNTIF(TT!$D$587:$D$593,TALLY!A51) -> 0 | AN51: =COUNTIF(TT!$D$598:$D$606,TALLY!A51) -> 1 | AO51: =COUNTIF(TT!$D$611:$D$620,TALLY!A51) -> 0 | AP51: =COUNTIF(TT!$D$627:$D$639,TALLY!A51) -> 0 | AQ51: =COUNTIF(TT!$D$645:$D$657,TALLY!A51) -> 0 | AR51: =COUNTIF(TT!$D$663:$D$671,TALLY!A51) -> 0 | AS51: =COUNTIF(TT!$D$677:$D$685,TALLY!A51) -> 0 | AT51: =COUNTIF(TT!$D$689:$D$698,TALLY!A51) -> 1 | AU51: ED3-ME | AV51: =SUM($B51:$D51) -> 1 | AW51: =SUM($E51:$G51) -> 0 | AX51: =SUM($H51:$J51) -> 1 | AY51: =SUM($K51:$M51) -> 0 | AZ51: =SUM($N51:$P51) -> 0 | BA51: =SUM($Q51:$S51) -> 0 | BB51: =SUM($T51:$V51) -> 0 | BC51: =SUM($W51:$Y51) -> 1 | BD51: =SUM($Z51:$AB51) -> 1 | BE51: =SUM($AC51:$AE51) -> 0 | BF51: =SUM($AF51:$AH51) -> 1 | BG51: =SUM($AI51:$AK51) -> 0 | BH51: =SUM($AL51:$AN51) -> 1 | BI51: =SUM($AO51:$AQ51) -> 0 | BJ51: =SUM($AR51:$AT51) -> 1 | BK51: =SUM(AV51:BJ51) -> 7
A52: ED3-METE | B52: =COUNTIF(TT!$D$4:$D$9,TALLY!A52) -> 0 | C52: =COUNTIF(TT!$D$15:$D$28,TALLY!A52) -> 0 | D52: =COUNTIF(TT!$D$34:$D$41,TALLY!A52) -> 0 | E52: =COUNTIF(TT!$D$47:$D$60,TALLY!A52) -> 0 | F52: =COUNTIF(TT!$D$66:$D$79,TALLY!A52) -> 0 | G52: =COUNTIF(TT!$D$84:$D$93,TALLY!A52) -> 1 | H52: =COUNTIF(TT!$D$98:$D$106,TALLY!A52) -> 0 | I52: =COUNTIF(TT!$D$111:$D$121,TALLY!A52) -> 0 | J52: =COUNTIF(TT!$D$126:$D$134,TALLY!A52) -> 0 | K52: =COUNTIF(TT!$D$139:$D$151,TALLY!A52) -> 0 | L52: =COUNTIF(TT!$D$156:$D$164,TALLY!A52) -> 0 | M52: =COUNTIF(TT!$D$169:$D$180,TALLY!A52) -> 1 | N52: =COUNTIF(TT!$D$185:$D$197,TALLY!A52) -> 0 | O52: =COUNTIF(TT!$D$202:$D$208,TALLY!A52) -> 0 | P52: =COUNTIF(TT!$D$213:$D$220,TALLY!A52) -> 0 | Q52: =COUNTIF(TT!$D$225:$D$239,TALLY!A52) -> 0 | R52: =COUNTIF(TT!$D$244:$D$254,TALLY!A52) -> 0 | S52: =COUNTIF(TT!$D$259:$D$268,TALLY!A52) -> 1 | T52: =COUNTIF(TT!$D$271:$D$282,TALLY!A52) -> 0 | U52: =COUNTIF(TT!$D$287:$D$298,TALLY!A52) -> 0 | V52: =COUNTIF(TT!$D$303:$D$311,TALLY!A52) -> 0 | W52: =COUNTIF(TT!$D$316:$D$337,TALLY!A52) -> 0 | X52: =COUNTIF(TT!$D$342:$D$350,TALLY!A52) -> 1 | Y52: =COUNTIF(TT!$D$357:$D$365,TALLY!A52) -> 0 | Z52: =COUNTIF(TT!$D$370:$D$377,TALLY!A52) -> 0 | AA52: =COUNTIF(TT!$D$382:$D$393,TALLY!A52) -> 0 | AB52: =COUNTIF(TT!$D$398:$D$408,TALLY!A52) -> 0 | AC52: =COUNTIF(TT!$D$413:$D$425,TALLY!A52) -> 0 | AD52: =COUNTIF(TT!$D$430:$D$447,TALLY!A52) -> 0 | AE52: =COUNTIF(TT!$D$454:$D$466,TALLY!A52) -> 0 | AF52: =COUNTIF(TT!$D$471:$D$480,TALLY!A52) -> 1 | AG52: =COUNTIF(TT!$D$487:$D$496,TALLY!A52) -> 0 | AH52: =COUNTIF(TT!$D$501:$D$517,TALLY!A52) -> 0 | AI52: =COUNTIF(TT!$D$522:$D$533,TALLY!A52) -> 0 | AJ52: =COUNTIF(TT!$D$538:$D$550,TALLY!A52) -> 0 | AK52: =COUNTIF(TT!$D$555:$D$569,TALLY!A52) -> 0 | AL52: =COUNTIF(TT!$D$574:$D$582,TALLY!A52) -> 0 | AM52: =COUNTIF(TT!$D$587:$D$593,TALLY!A52) -> 0 | AN52: =COUNTIF(TT!$D$598:$D$606,TALLY!A52) -> 0 | AO52: =COUNTIF(TT!$D$611:$D$620,TALLY!A52) -> 0 | AP52: =COUNTIF(TT!$D$627:$D$639,TALLY!A52) -> 1 | AQ52: =COUNTIF(TT!$D$645:$D$657,TALLY!A52) -> 0 | AR52: =COUNTIF(TT!$D$663:$D$671,TALLY!A52) -> 0 | AS52: =COUNTIF(TT!$D$677:$D$685,TALLY!A52) -> 0 | AT52: =COUNTIF(TT!$D$689:$D$698,TALLY!A52) -> 0 | AU52: ED3-METE | AV52: =SUM($B52:$D52) -> 0 | AW52: =SUM($E52:$G52) -> 1 | AX52: =SUM($H52:$J52) -> 0 | AY52: =SUM($K52:$M52) -> 1 | AZ52: =SUM($N52:$P52) -> 0 | BA52: =SUM($Q52:$S52) -> 1 | BB52: =SUM($T52:$V52) -> 0 | BC52: =SUM($W52:$Y52) -> 1 | BD52: =SUM($Z52:$AB52) -> 0 | BE52: =SUM($AC52:$AE52) -> 0 | BF52: =SUM($AF52:$AH52) -> 1 | BG52: =SUM($AI52:$AK52) -> 0 | BH52: =SUM($AL52:$AN52) -> 0 | BI52: =SUM($AO52:$AQ52) -> 1 | BJ52: =SUM($AR52:$AT52) -> 0 | BK52: =SUM(AV52:BJ52) -> 6
A53: ED3-MSE | B53: =COUNTIF(TT!$D$4:$D$9,TALLY!A53) -> 0 | C53: =COUNTIF(TT!$D$15:$D$28,TALLY!A53) -> 0 | D53: =COUNTIF(TT!$D$34:$D$41,TALLY!A53) -> 0 | E53: =COUNTIF(TT!$D$47:$D$60,TALLY!A53) -> 0 | F53: =COUNTIF(TT!$D$66:$D$79,TALLY!A53) -> 0 | G53: =COUNTIF(TT!$D$84:$D$93,TALLY!A53) -> 1 | H53: =COUNTIF(TT!$D$98:$D$106,TALLY!A53) -> 0 | I53: =COUNTIF(TT!$D$111:$D$121,TALLY!A53) -> 0 | J53: =COUNTIF(TT!$D$126:$D$134,TALLY!A53) -> 0 | K53: =COUNTIF(TT!$D$139:$D$151,TALLY!A53) -> 0 | L53: =COUNTIF(TT!$D$156:$D$164,TALLY!A53) -> 0 | M53: =COUNTIF(TT!$D$169:$D$180,TALLY!A53) -> 1 | N53: =COUNTIF(TT!$D$185:$D$197,TALLY!A53) -> 0 | O53: =COUNTIF(TT!$D$202:$D$208,TALLY!A53) -> 0 | P53: =COUNTIF(TT!$D$213:$D$220,TALLY!A53) -> 0 | Q53: =COUNTIF(TT!$D$225:$D$239,TALLY!A53) -> 0 | R53: =COUNTIF(TT!$D$244:$D$254,TALLY!A53) -> 1 | S53: =COUNTIF(TT!$D$259:$D$268,TALLY!A53) -> 0 | T53: =COUNTIF(TT!$D$271:$D$282,TALLY!A53) -> 0 | U53: =COUNTIF(TT!$D$287:$D$298,TALLY!A53) -> 0 | V53: =COUNTIF(TT!$D$303:$D$311,TALLY!A53) -> 0 | W53: =COUNTIF(TT!$D$316:$D$337,TALLY!A53) -> 0 | X53: =COUNTIF(TT!$D$342:$D$350,TALLY!A53) -> 1 | Y53: =COUNTIF(TT!$D$357:$D$365,TALLY!A53) -> 0 | Z53: =COUNTIF(TT!$D$370:$D$377,TALLY!A53) -> 0 | AA53: =COUNTIF(TT!$D$382:$D$393,TALLY!A53) -> 0 | AB53: =COUNTIF(TT!$D$398:$D$408,TALLY!A53) -> 1 | AC53: =COUNTIF(TT!$D$413:$D$425,TALLY!A53) -> 0 | AD53: =COUNTIF(TT!$D$430:$D$447,TALLY!A53) -> 0 | AE53: =COUNTIF(TT!$D$454:$D$466,TALLY!A53) -> 0 | AF53: =COUNTIF(TT!$D$471:$D$480,TALLY!A53) -> 0 | AG53: =COUNTIF(TT!$D$487:$D$496,TALLY!A53) -> 0 | AH53: =COUNTIF(TT!$D$501:$D$517,TALLY!A53) -> 1 | AI53: =COUNTIF(TT!$D$522:$D$533,TALLY!A53) -> 0 | AJ53: =COUNTIF(TT!$D$538:$D$550,TALLY!A53) -> 0 | AK53: =COUNTIF(TT!$D$555:$D$569,TALLY!A53) -> 0 | AL53: =COUNTIF(TT!$D$574:$D$582,TALLY!A53) -> 0 | AM53: =COUNTIF(TT!$D$587:$D$593,TALLY!A53) -> 0 | AN53: =COUNTIF(TT!$D$598:$D$606,TALLY!A53) -> 0 | AO53: =COUNTIF(TT!$D$611:$D$620,TALLY!A53) -> 0 | AP53: =COUNTIF(TT!$D$627:$D$639,TALLY!A53) -> 1 | AQ53: =COUNTIF(TT!$D$645:$D$657,TALLY!A53) -> 0 | AR53: =COUNTIF(TT!$D$663:$D$671,TALLY!A53) -> 0 | AS53: =COUNTIF(TT!$D$677:$D$685,TALLY!A53) -> 0 | AT53: =COUNTIF(TT!$D$689:$D$698,TALLY!A53) -> 0 | AU53: ED3-MSE | AV53: =SUM($B53:$D53) -> 0 | AW53: =SUM($E53:$G53) -> 1 | AX53: =SUM($H53:$J53) -> 0 | AY53: =SUM($K53:$M53) -> 1 | AZ53: =SUM($N53:$P53) -> 0 | BA53: =SUM($Q53:$S53) -> 1 | BB53: =SUM($T53:$V53) -> 0 | BC53: =SUM($W53:$Y53) -> 1 | BD53: =SUM($Z53:$AB53) -> 1 | BE53: =SUM($AC53:$AE53) -> 0 | BF53: =SUM($AF53:$AH53) -> 1 | BG53: =SUM($AI53:$AK53) -> 0 | BH53: =SUM($AL53:$AN53) -> 0 | BI53: =SUM($AO53:$AQ53) -> 1 | BJ53: =SUM($AR53:$AT53) -> 0 | BK53: =SUM(AV53:BJ53) -> 7
A54: ED3-PCE | B54: =COUNTIF(TT!$D$4:$D$9,TALLY!A54) -> 0 | C54: =COUNTIF(TT!$D$15:$D$28,TALLY!A54) -> 0 | D54: =COUNTIF(TT!$D$34:$D$41,TALLY!A54) -> 0 | E54: =COUNTIF(TT!$D$47:$D$60,TALLY!A54) -> 1 | F54: =COUNTIF(TT!$D$66:$D$79,TALLY!A54) -> 0 | G54: =COUNTIF(TT!$D$84:$D$93,TALLY!A54) -> 0 | H54: =COUNTIF(TT!$D$98:$D$106,TALLY!A54) -> 0 | I54: =COUNTIF(TT!$D$111:$D$121,TALLY!A54) -> 0 | J54: =COUNTIF(TT!$D$126:$D$134,TALLY!A54) -> 0 | K54: =COUNTIF(TT!$D$139:$D$151,TALLY!A54) -> 0 | L54: =COUNTIF(TT!$D$156:$D$164,TALLY!A54) -> 1 | M54: =COUNTIF(TT!$D$169:$D$180,TALLY!A54) -> 0 | N54: =COUNTIF(TT!$D$185:$D$197,TALLY!A54) -> 0 | O54: =COUNTIF(TT!$D$202:$D$208,TALLY!A54) -> 0 | P54: =COUNTIF(TT!$D$213:$D$220,TALLY!A54) -> 0 | Q54: =COUNTIF(TT!$D$225:$D$239,TALLY!A54) -> 1 | R54: =COUNTIF(TT!$D$244:$D$254,TALLY!A54) -> 0 | S54: =COUNTIF(TT!$D$259:$D$268,TALLY!A54) -> 0 | T54: =COUNTIF(TT!$D$271:$D$282,TALLY!A54) -> 0 | U54: =COUNTIF(TT!$D$287:$D$298,TALLY!A54) -> 0 | V54: =COUNTIF(TT!$D$303:$D$311,TALLY!A54) -> 1 | W54: =COUNTIF(TT!$D$316:$D$337,TALLY!A54) -> 0 | X54: =COUNTIF(TT!$D$342:$D$350,TALLY!A54) -> 1 | Y54: =COUNTIF(TT!$D$357:$D$365,TALLY!A54) -> 0 | Z54: =COUNTIF(TT!$D$370:$D$377,TALLY!A54) -> 0 | AA54: =COUNTIF(TT!$D$382:$D$393,TALLY!A54) -> 0 | AB54: =COUNTIF(TT!$D$398:$D$408,TALLY!A54) -> 1 | AC54: =COUNTIF(TT!$D$413:$D$425,TALLY!A54) -> 0 | AD54: =COUNTIF(TT!$D$430:$D$447,TALLY!A54) -> 0 | AE54: =COUNTIF(TT!$D$454:$D$466,TALLY!A54) -> 0 | AF54: =COUNTIF(TT!$D$471:$D$480,TALLY!A54) -> 1 | AG54: =COUNTIF(TT!$D$487:$D$496,TALLY!A54) -> 0 | AH54: =COUNTIF(TT!$D$501:$D$517,TALLY!A54) -> 0 | AI54: =COUNTIF(TT!$D$522:$D$533,TALLY!A54) -> 0 | AJ54: =COUNTIF(TT!$D$538:$D$550,TALLY!A54) -> 0 | AK54: =COUNTIF(TT!$D$555:$D$569,TALLY!A54) -> 1 | AL54: =COUNTIF(TT!$D$574:$D$582,TALLY!A54) -> 0 | AM54: =COUNTIF(TT!$D$587:$D$593,TALLY!A54) -> 0 | AN54: =COUNTIF(TT!$D$598:$D$606,TALLY!A54) -> 0 | AO54: =COUNTIF(TT!$D$611:$D$620,TALLY!A54) -> 0 | AP54: =COUNTIF(TT!$D$627:$D$639,TALLY!A54) -> 1 | AQ54: =COUNTIF(TT!$D$645:$D$657,TALLY!A54) -> 0 | AR54: =COUNTIF(TT!$D$663:$D$671,TALLY!A54) -> 0 | AS54: =COUNTIF(TT!$D$677:$D$685,TALLY!A54) -> 0 | AT54: =COUNTIF(TT!$D$689:$D$698,TALLY!A54) -> 0 | AU54: ED3-PCE | AV54: =SUM($B54:$D54) -> 0 | AW54: =SUM($E54:$G54) -> 1 | AX54: =SUM($H54:$J54) -> 0 | AY54: =SUM($K54:$M54) -> 1 | AZ54: =SUM($N54:$P54) -> 0 | BA54: =SUM($Q54:$S54) -> 1 | BB54: =SUM($T54:$V54) -> 1 | BC54: =SUM($W54:$Y54) -> 1 | BD54: =SUM($Z54:$AB54) -> 1 | BE54: =SUM($AC54:$AE54) -> 0 | BF54: =SUM($AF54:$AH54) -> 1 | BG54: =SUM($AI54:$AK54) -> 1 | BH54: =SUM($AL54:$AN54) -> 0 | BI54: =SUM($AO54:$AQ54) -> 1 | BJ54: =SUM($AR54:$AT54) -> 0 | BK54: =SUM(AV54:BJ54) -> 9
A55: ED3-PE | B55: =COUNTIF(TT!$D$4:$D$9,TALLY!A55) -> 0 | C55: =COUNTIF(TT!$D$15:$D$28,TALLY!A55) -> 0 | D55: =COUNTIF(TT!$D$34:$D$41,TALLY!A55) -> 1 | E55: =COUNTIF(TT!$D$47:$D$60,TALLY!A55) -> 0 | F55: =COUNTIF(TT!$D$66:$D$79,TALLY!A55) -> 0 | G55: =COUNTIF(TT!$D$84:$D$93,TALLY!A55) -> 0 | H55: =COUNTIF(TT!$D$98:$D$106,TALLY!A55) -> 0 | I55: =COUNTIF(TT!$D$111:$D$121,TALLY!A55) -> 1 | J55: =COUNTIF(TT!$D$126:$D$134,TALLY!A55) -> 0 | K55: =COUNTIF(TT!$D$139:$D$151,TALLY!A55) -> 0 | L55: =COUNTIF(TT!$D$156:$D$164,TALLY!A55) -> 0 | M55: =COUNTIF(TT!$D$169:$D$180,TALLY!A55) -> 1 | N55: =COUNTIF(TT!$D$185:$D$197,TALLY!A55) -> 0 | O55: =COUNTIF(TT!$D$202:$D$208,TALLY!A55) -> 0 | P55: =COUNTIF(TT!$D$213:$D$220,TALLY!A55) -> 0 | Q55: =COUNTIF(TT!$D$225:$D$239,TALLY!A55) -> 0 | R55: =COUNTIF(TT!$D$244:$D$254,TALLY!A55) -> 0 | S55: =COUNTIF(TT!$D$259:$D$268,TALLY!A55) -> 0 | T55: =COUNTIF(TT!$D$271:$D$282,TALLY!A55) -> 1 | U55: =COUNTIF(TT!$D$287:$D$298,TALLY!A55) -> 0 | V55: =COUNTIF(TT!$D$303:$D$311,TALLY!A55) -> 0 | W55: =COUNTIF(TT!$D$316:$D$337,TALLY!A55) -> 0 | X55: =COUNTIF(TT!$D$342:$D$350,TALLY!A55) -> 0 | Y55: =COUNTIF(TT!$D$357:$D$365,TALLY!A55) -> 0 | Z55: =COUNTIF(TT!$D$370:$D$377,TALLY!A55) -> 0 | AA55: =COUNTIF(TT!$D$382:$D$393,TALLY!A55) -> 1 | AB55: =COUNTIF(TT!$D$398:$D$408,TALLY!A55) -> 0 | AC55: =COUNTIF(TT!$D$413:$D$425,TALLY!A55) -> 0 | AD55: =COUNTIF(TT!$D$430:$D$447,TALLY!A55) -> 0 | AE55: =COUNTIF(TT!$D$454:$D$466,TALLY!A55) -> 0 | AF55: =COUNTIF(TT!$D$471:$D$480,TALLY!A55) -> 0 | AG55: =COUNTIF(TT!$D$487:$D$496,TALLY!A55) -> 0 | AH55: =COUNTIF(TT!$D$501:$D$517,TALLY!A55) -> 1 | AI55: =COUNTIF(TT!$D$522:$D$533,TALLY!A55) -> 0 | AJ55: =COUNTIF(TT!$D$538:$D$550,TALLY!A55) -> 0 | AK55: =COUNTIF(TT!$D$555:$D$569,TALLY!A55) -> 0 | AL55: =COUNTIF(TT!$D$574:$D$582,TALLY!A55) -> 0 | AM55: =COUNTIF(TT!$D$587:$D$593,TALLY!A55) -> 1 | AN55: =COUNTIF(TT!$D$598:$D$606,TALLY!A55) -> 0 | AO55: =COUNTIF(TT!$D$611:$D$620,TALLY!A55) -> 0 | AP55: =COUNTIF(TT!$D$627:$D$639,TALLY!A55) -> 1 | AQ55: =COUNTIF(TT!$D$645:$D$657,TALLY!A55) -> 0 | AR55: =COUNTIF(TT!$D$663:$D$671,TALLY!A55) -> 0 | AS55: =COUNTIF(TT!$D$677:$D$685,TALLY!A55) -> 0 | AT55: =COUNTIF(TT!$D$689:$D$698,TALLY!A55) -> 0 | AU55: ED3-PE | AV55: =SUM($B55:$D55) -> 1 | AW55: =SUM($E55:$G55) -> 0 | AX55: =SUM($H55:$J55) -> 1 | AY55: =SUM($K55:$M55) -> 1 | AZ55: =SUM($N55:$P55) -> 0 | BA55: =SUM($Q55:$S55) -> 0 | BB55: =SUM($T55:$V55) -> 1 | BC55: =SUM($W55:$Y55) -> 0 | BD55: =SUM($Z55:$AB55) -> 1 | BE55: =SUM($AC55:$AE55) -> 0 | BF55: =SUM($AF55:$AH55) -> 1 | BG55: =SUM($AI55:$AK55) -> 0 | BH55: =SUM($AL55:$AN55) -> 1 | BI55: =SUM($AO55:$AQ55) -> 1 | BJ55: =SUM($AR55:$AT55) -> 0 | BK55: =SUM(AV55:BJ55) -> 8
A56: ED3-TEL | B56: =COUNTIF(TT!$D$4:$D$9,TALLY!A56) -> 0 | C56: =COUNTIF(TT!$D$15:$D$28,TALLY!A56) -> 0 | D56: =COUNTIF(TT!$D$34:$D$41,TALLY!A56) -> 0 | E56: =COUNTIF(TT!$D$47:$D$60,TALLY!A56) -> 0 | F56: =COUNTIF(TT!$D$66:$D$79,TALLY!A56) -> 1 | G56: =COUNTIF(TT!$D$84:$D$93,TALLY!A56) -> 0 | H56: =COUNTIF(TT!$D$98:$D$106,TALLY!A56) -> 0 | I56: =COUNTIF(TT!$D$111:$D$121,TALLY!A56) -> 0 | J56: =COUNTIF(TT!$D$126:$D$134,TALLY!A56) -> 0 | K56: =COUNTIF(TT!$D$139:$D$151,TALLY!A56) -> 1 | L56: =COUNTIF(TT!$D$156:$D$164,TALLY!A56) -> 0 | M56: =COUNTIF(TT!$D$169:$D$180,TALLY!A56) -> 0 | N56: =COUNTIF(TT!$D$185:$D$197,TALLY!A56) -> 0 | O56: =COUNTIF(TT!$D$202:$D$208,TALLY!A56) -> 0 | P56: =COUNTIF(TT!$D$213:$D$220,TALLY!A56) -> 0 | Q56: =COUNTIF(TT!$D$225:$D$239,TALLY!A56) -> 0 | R56: =COUNTIF(TT!$D$244:$D$254,TALLY!A56) -> 0 | S56: =COUNTIF(TT!$D$259:$D$268,TALLY!A56) -> 0 | T56: =COUNTIF(TT!$D$271:$D$282,TALLY!A56) -> 0 | U56: =COUNTIF(TT!$D$287:$D$298,TALLY!A56) -> 0 | V56: =COUNTIF(TT!$D$303:$D$311,TALLY!A56) -> 0 | W56: =COUNTIF(TT!$D$316:$D$337,TALLY!A56) -> 1 | X56: =COUNTIF(TT!$D$342:$D$350,TALLY!A56) -> 0 | Y56: =COUNTIF(TT!$D$357:$D$365,TALLY!A56) -> 0 | Z56: =COUNTIF(TT!$D$370:$D$377,TALLY!A56) -> 0 | AA56: =COUNTIF(TT!$D$382:$D$393,TALLY!A56) -> 0 | AB56: =COUNTIF(TT!$D$398:$D$408,TALLY!A56) -> 1 | AC56: =COUNTIF(TT!$D$413:$D$425,TALLY!A56) -> 0 | AD56: =COUNTIF(TT!$D$430:$D$447,TALLY!A56) -> 0 | AE56: =COUNTIF(TT!$D$454:$D$466,TALLY!A56) -> 0 | AF56: =COUNTIF(TT!$D$471:$D$480,TALLY!A56) -> 1 | AG56: =COUNTIF(TT!$D$487:$D$496,TALLY!A56) -> 0 | AH56: =COUNTIF(TT!$D$501:$D$517,TALLY!A56) -> 0 | AI56: =COUNTIF(TT!$D$522:$D$533,TALLY!A56) -> 0 | AJ56: =COUNTIF(TT!$D$538:$D$550,TALLY!A56) -> 0 | AK56: =COUNTIF(TT!$D$555:$D$569,TALLY!A56) -> 0 | AL56: =COUNTIF(TT!$D$574:$D$582,TALLY!A56) -> 0 | AM56: =COUNTIF(TT!$D$587:$D$593,TALLY!A56) -> 1 | AN56: =COUNTIF(TT!$D$598:$D$606,TALLY!A56) -> 0 | AO56: =COUNTIF(TT!$D$611:$D$620,TALLY!A56) -> 0 | AP56: =COUNTIF(TT!$D$627:$D$639,TALLY!A56) -> 0 | AQ56: =COUNTIF(TT!$D$645:$D$657,TALLY!A56) -> 0 | AR56: =COUNTIF(TT!$D$663:$D$671,TALLY!A56) -> 0 | AS56: =COUNTIF(TT!$D$677:$D$685,TALLY!A56) -> 0 | AT56: =COUNTIF(TT!$D$689:$D$698,TALLY!A56) -> 0 | AU56: ED3-TEL | AV56: =SUM($B56:$D56) -> 0 | AW56: =SUM($E56:$G56) -> 1 | AX56: =SUM($H56:$J56) -> 0 | AY56: =SUM($K56:$M56) -> 1 | AZ56: =SUM($N56:$P56) -> 0 | BA56: =SUM($Q56:$S56) -> 0 | BB56: =SUM($T56:$V56) -> 0 | BC56: =SUM($W56:$Y56) -> 1 | BD56: =SUM($Z56:$AB56) -> 1 | BE56: =SUM($AC56:$AE56) -> 0 | BF56: =SUM($AF56:$AH56) -> 1 | BG56: =SUM($AI56:$AK56) -> 0 | BH56: =SUM($AL56:$AN56) -> 1 | BI56: =SUM($AO56:$AQ56) -> 0 | BJ56: =SUM($AR56:$AT56) -> 0 | BK56: =SUM(AV56:BJ56) -> 6
A57: ED4-AE | B57: =COUNTIF(TT!$D$4:$D$9,TALLY!A57) -> 0 | C57: =COUNTIF(TT!$D$15:$D$28,TALLY!A57) -> 0 | D57: =COUNTIF(TT!$D$34:$D$41,TALLY!A57) -> 0 | E57: =COUNTIF(TT!$D$47:$D$60,TALLY!A57) -> 1 | F57: =COUNTIF(TT!$D$66:$D$79,TALLY!A57) -> 0 | G57: =COUNTIF(TT!$D$84:$D$93,TALLY!A57) -> 0 | H57: =COUNTIF(TT!$D$98:$D$106,TALLY!A57) -> 0 | I57: =COUNTIF(TT!$D$111:$D$121,TALLY!A57) -> 0 | J57: =COUNTIF(TT!$D$126:$D$134,TALLY!A57) -> 0 | K57: =COUNTIF(TT!$D$139:$D$151,TALLY!A57) -> 0 | L57: =COUNTIF(TT!$D$156:$D$164,TALLY!A57) -> 0 | M57: =COUNTIF(TT!$D$169:$D$180,TALLY!A57) -> 1 | N57: =COUNTIF(TT!$D$185:$D$197,TALLY!A57) -> 0 | O57: =COUNTIF(TT!$D$202:$D$208,TALLY!A57) -> 0 | P57: =COUNTIF(TT!$D$213:$D$220,TALLY!A57) -> 0 | Q57: =COUNTIF(TT!$D$225:$D$239,TALLY!A57) -> 0 | R57: =COUNTIF(TT!$D$244:$D$254,TALLY!A57) -> 0 | S57: =COUNTIF(TT!$D$259:$D$268,TALLY!A57) -> 0 | T57: =COUNTIF(TT!$D$271:$D$282,TALLY!A57) -> 0 | U57: =COUNTIF(TT!$D$287:$D$298,TALLY!A57) -> 0 | V57: =COUNTIF(TT!$D$303:$D$311,TALLY!A57) -> 0 | W57: =COUNTIF(TT!$D$316:$D$337,TALLY!A57) -> 0 | X57: =COUNTIF(TT!$D$342:$D$350,TALLY!A57) -> 0 | Y57: =COUNTIF(TT!$D$357:$D$365,TALLY!A57) -> 1 | Z57: =COUNTIF(TT!$D$370:$D$377,TALLY!A57) -> 0 | AA57: =COUNTIF(TT!$D$382:$D$393,TALLY!A57) -> 0 | AB57: =COUNTIF(TT!$D$398:$D$408,TALLY!A57) -> 0 | AC57: =COUNTIF(TT!$D$413:$D$425,TALLY!A57) -> 0 | AD57: =COUNTIF(TT!$D$430:$D$447,TALLY!A57) -> 1 | AE57: =COUNTIF(TT!$D$454:$D$466,TALLY!A57) -> 0 | AF57: =COUNTIF(TT!$D$471:$D$480,TALLY!A57) -> 0 | AG57: =COUNTIF(TT!$D$487:$D$496,TALLY!A57) -> 0 | AH57: =COUNTIF(TT!$D$501:$D$517,TALLY!A57) -> 0 | AI57: =COUNTIF(TT!$D$522:$D$533,TALLY!A57) -> 0 | AJ57: =COUNTIF(TT!$D$538:$D$550,TALLY!A57) -> 1 | AK57: =COUNTIF(TT!$D$555:$D$569,TALLY!A57) -> 0 | AL57: =COUNTIF(TT!$D$574:$D$582,TALLY!A57) -> 0 | AM57: =COUNTIF(TT!$D$587:$D$593,TALLY!A57) -> 0 | AN57: =COUNTIF(TT!$D$598:$D$606,TALLY!A57) -> 1 | AO57: =COUNTIF(TT!$D$611:$D$620,TALLY!A57) -> 0 | AP57: =COUNTIF(TT!$D$627:$D$639,TALLY!A57) -> 0 | AQ57: =COUNTIF(TT!$D$645:$D$657,TALLY!A57) -> 0 | AR57: =COUNTIF(TT!$D$663:$D$671,TALLY!A57) -> 0 | AS57: =COUNTIF(TT!$D$677:$D$685,TALLY!A57) -> 0 | AT57: =COUNTIF(TT!$D$689:$D$698,TALLY!A57) -> 0 | AU57: ED4-AE | AV57: =SUM($B57:$D57) -> 0 | AW57: =SUM($E57:$G57) -> 1 | AX57: =SUM($H57:$J57) -> 0 | AY57: =SUM($K57:$M57) -> 1 | AZ57: =SUM($N57:$P57) -> 0 | BA57: =SUM($Q57:$S57) -> 0 | BB57: =SUM($T57:$V57) -> 0 | BC57: =SUM($W57:$Y57) -> 1 | BD57: =SUM($Z57:$AB57) -> 0 | BE57: =SUM($AC57:$AE57) -> 1 | BF57: =SUM($AF57:$AH57) -> 0 | BG57: =SUM($AI57:$AK57) -> 1 | BH57: =SUM($AL57:$AN57) -> 1 | BI57: =SUM($AO57:$AQ57) -> 0 | BJ57: =SUM($AR57:$AT57) -> 0 | BK57: =SUM(AV57:BJ57) -> 6
A58: ED4-AERO | B58: =COUNTIF(TT!$D$4:$D$9,TALLY!A58) -> 0 | C58: =COUNTIF(TT!$D$15:$D$28,TALLY!A58) -> 0 | D58: =COUNTIF(TT!$D$34:$D$41,TALLY!A58) -> 0 | E58: =COUNTIF(TT!$D$47:$D$60,TALLY!A58) -> 0 | F58: =COUNTIF(TT!$D$66:$D$79,TALLY!A58) -> 1 | G58: =COUNTIF(TT!$D$84:$D$93,TALLY!A58) -> 0 | H58: =COUNTIF(TT!$D$98:$D$106,TALLY!A58) -> 0 | I58: =COUNTIF(TT!$D$111:$D$121,TALLY!A58) -> 0 | J58: =COUNTIF(TT!$D$126:$D$134,TALLY!A58) -> 0 | K58: =COUNTIF(TT!$D$139:$D$151,TALLY!A58) -> 1 | L58: =COUNTIF(TT!$D$156:$D$164,TALLY!A58) -> 0 | M58: =COUNTIF(TT!$D$169:$D$180,TALLY!A58) -> 0 | N58: =COUNTIF(TT!$D$185:$D$197,TALLY!A58) -> 0 | O58: =COUNTIF(TT!$D$202:$D$208,TALLY!A58) -> 0 | P58: =COUNTIF(TT!$D$213:$D$220,TALLY!A58) -> 0 | Q58: =COUNTIF(TT!$D$225:$D$239,TALLY!A58) -> 0 | R58: =COUNTIF(TT!$D$244:$D$254,TALLY!A58) -> 1 | S58: =COUNTIF(TT!$D$259:$D$268,TALLY!A58) -> 0 | T58: =COUNTIF(TT!$D$271:$D$282,TALLY!A58) -> 0 | U58: =COUNTIF(TT!$D$287:$D$298,TALLY!A58) -> 0 | V58: =COUNTIF(TT!$D$303:$D$311,TALLY!A58) -> 0 | W58: =COUNTIF(TT!$D$316:$D$337,TALLY!A58) -> 0 | X58: =COUNTIF(TT!$D$342:$D$350,TALLY!A58) -> 0 | Y58: =COUNTIF(TT!$D$357:$D$365,TALLY!A58) -> 1 | Z58: =COUNTIF(TT!$D$370:$D$377,TALLY!A58) -> 0 | AA58: =COUNTIF(TT!$D$382:$D$393,TALLY!A58) -> 0 | AB58: =COUNTIF(TT!$D$398:$D$408,TALLY!A58) -> 0 | AC58: =COUNTIF(TT!$D$413:$D$425,TALLY!A58) -> 0 | AD58: =COUNTIF(TT!$D$430:$D$447,TALLY!A58) -> 1 | AE58: =COUNTIF(TT!$D$454:$D$466,TALLY!A58) -> 0 | AF58: =COUNTIF(TT!$D$471:$D$480,TALLY!A58) -> 0 | AG58: =COUNTIF(TT!$D$487:$D$496,TALLY!A58) -> 0 | AH58: =COUNTIF(TT!$D$501:$D$517,TALLY!A58) -> 1 | AI58: =COUNTIF(TT!$D$522:$D$533,TALLY!A58) -> 0 | AJ58: =COUNTIF(TT!$D$538:$D$550,TALLY!A58) -> 1 | AK58: =COUNTIF(TT!$D$555:$D$569,TALLY!A58) -> 0 | AL58: =COUNTIF(TT!$D$574:$D$582,TALLY!A58) -> 1 | AM58: =COUNTIF(TT!$D$587:$D$593,TALLY!A58) -> 0 | AN58: =COUNTIF(TT!$D$598:$D$606,TALLY!A58) -> 0 | AO58: =COUNTIF(TT!$D$611:$D$620,TALLY!A58) -> 0 | AP58: =COUNTIF(TT!$D$627:$D$639,TALLY!A58) -> 0 | AQ58: =COUNTIF(TT!$D$645:$D$657,TALLY!A58) -> 0 | AR58: =COUNTIF(TT!$D$663:$D$671,TALLY!A58) -> 0 | AS58: =COUNTIF(TT!$D$677:$D$685,TALLY!A58) -> 0 | AT58: =COUNTIF(TT!$D$689:$D$698,TALLY!A58) -> 0 | AU58: ED4-AERO | AV58: =SUM($B58:$D58) -> 0 | AW58: =SUM($E58:$G58) -> 1 | AX58: =SUM($H58:$J58) -> 0 | AY58: =SUM($K58:$M58) -> 1 | AZ58: =SUM($N58:$P58) -> 0 | BA58: =SUM($Q58:$S58) -> 1 | BB58: =SUM($T58:$V58) -> 0 | BC58: =SUM($W58:$Y58) -> 1 | BD58: =SUM($Z58:$AB58) -> 0 | BE58: =SUM($AC58:$AE58) -> 1 | BF58: =SUM($AF58:$AH58) -> 1 | BG58: =SUM($AI58:$AK58) -> 1 | BH58: =SUM($AL58:$AN58) -> 1 | BI58: =SUM($AO58:$AQ58) -> 0 | BJ58: =SUM($AR58:$AT58) -> 0 | BK58: =SUM(AV58:BJ58) -> 8
A59: ED4-AUTO | B59: =COUNTIF(TT!$D$4:$D$9,TALLY!A59) -> 0 | C59: =COUNTIF(TT!$D$15:$D$28,TALLY!A59) -> 0 | D59: =COUNTIF(TT!$D$34:$D$41,TALLY!A59) -> 0 | E59: =COUNTIF(TT!$D$47:$D$60,TALLY!A59) -> 0 | F59: =COUNTIF(TT!$D$66:$D$79,TALLY!A59) -> 0 | G59: =COUNTIF(TT!$D$84:$D$93,TALLY!A59) -> 0 | H59: =COUNTIF(TT!$D$98:$D$106,TALLY!A59) -> 0 | I59: =COUNTIF(TT!$D$111:$D$121,TALLY!A59) -> 0 | J59: =COUNTIF(TT!$D$126:$D$134,TALLY!A59) -> 0 | K59: =COUNTIF(TT!$D$139:$D$151,TALLY!A59) -> 1 | L59: =COUNTIF(TT!$D$156:$D$164,TALLY!A59) -> 0 | M59: =COUNTIF(TT!$D$169:$D$180,TALLY!A59) -> 0 | N59: =COUNTIF(TT!$D$185:$D$197,TALLY!A59) -> 0 | O59: =COUNTIF(TT!$D$202:$D$208,TALLY!A59) -> 0 | P59: =COUNTIF(TT!$D$213:$D$220,TALLY!A59) -> 0 | Q59: =COUNTIF(TT!$D$225:$D$239,TALLY!A59) -> 0 | R59: =COUNTIF(TT!$D$244:$D$254,TALLY!A59) -> 0 | S59: =COUNTIF(TT!$D$259:$D$268,TALLY!A59) -> 0 | T59: =COUNTIF(TT!$D$271:$D$282,TALLY!A59) -> 1 | U59: =COUNTIF(TT!$D$287:$D$298,TALLY!A59) -> 0 | V59: =COUNTIF(TT!$D$303:$D$311,TALLY!A59) -> 0 | W59: =COUNTIF(TT!$D$316:$D$337,TALLY!A59) -> 0 | X59: =COUNTIF(TT!$D$342:$D$350,TALLY!A59) -> 0 | Y59: =COUNTIF(TT!$D$357:$D$365,TALLY!A59) -> 0 | Z59: =COUNTIF(TT!$D$370:$D$377,TALLY!A59) -> 0 | AA59: =COUNTIF(TT!$D$382:$D$393,TALLY!A59) -> 0 | AB59: =COUNTIF(TT!$D$398:$D$408,TALLY!A59) -> 0 | AC59: =COUNTIF(TT!$D$413:$D$425,TALLY!A59) -> 0 | AD59: =COUNTIF(TT!$D$430:$D$447,TALLY!A59) -> 1 | AE59: =COUNTIF(TT!$D$454:$D$466,TALLY!A59) -> 0 | AF59: =COUNTIF(TT!$D$471:$D$480,TALLY!A59) -> 0 | AG59: =COUNTIF(TT!$D$487:$D$496,TALLY!A59) -> 0 | AH59: =COUNTIF(TT!$D$501:$D$517,TALLY!A59) -> 0 | AI59: =COUNTIF(TT!$D$522:$D$533,TALLY!A59) -> 0 | AJ59: =COUNTIF(TT!$D$538:$D$550,TALLY!A59) -> 0 | AK59: =COUNTIF(TT!$D$555:$D$569,TALLY!A59) -> 1 | AL59: =COUNTIF(TT!$D$574:$D$582,TALLY!A59) -> 0 | AM59: =COUNTIF(TT!$D$587:$D$593,TALLY!A59) -> 0 | AN59: =COUNTIF(TT!$D$598:$D$606,TALLY!A59) -> 0 | AO59: =COUNTIF(TT!$D$611:$D$620,TALLY!A59) -> 0 | AP59: =COUNTIF(TT!$D$627:$D$639,TALLY!A59) -> 0 | AQ59: =COUNTIF(TT!$D$645:$D$657,TALLY!A59) -> 0 | AR59: =COUNTIF(TT!$D$663:$D$671,TALLY!A59) -> 0 | AS59: =COUNTIF(TT!$D$677:$D$685,TALLY!A59) -> 0 | AT59: =COUNTIF(TT!$D$689:$D$698,TALLY!A59) -> 0 | AU59: ED4-AUTO | AV59: =SUM($B59:$D59) -> 0 | AW59: =SUM($E59:$G59) -> 0 | AX59: =SUM($H59:$J59) -> 0 | AY59: =SUM($K59:$M59) -> 1 | AZ59: =SUM($N59:$P59) -> 0 | BA59: =SUM($Q59:$S59) -> 0 | BB59: =SUM($T59:$V59) -> 1 | BC59: =SUM($W59:$Y59) -> 0 | BD59: =SUM($Z59:$AB59) -> 0 | BE59: =SUM($AC59:$AE59) -> 1 | BF59: =SUM($AF59:$AH59) -> 0 | BG59: =SUM($AI59:$AK59) -> 1 | BH59: =SUM($AL59:$AN59) -> 0 | BI59: =SUM($AO59:$AQ59) -> 0 | BJ59: =SUM($AR59:$AT59) -> 0 | BK59: =SUM(AV59:BJ59) -> 4
A60: ED4-BME | B60: =COUNTIF(TT!$D$4:$D$9,TALLY!A60) -> 0 | C60: =COUNTIF(TT!$D$15:$D$28,TALLY!A60) -> 0 | D60: =COUNTIF(TT!$D$34:$D$41,TALLY!A60) -> 0 | E60: =COUNTIF(TT!$D$47:$D$60,TALLY!A60) -> 0 | F60: =COUNTIF(TT!$D$66:$D$79,TALLY!A60) -> 0 | G60: =COUNTIF(TT!$D$84:$D$93,TALLY!A60) -> 0 | H60: =COUNTIF(TT!$D$98:$D$106,TALLY!A60) -> 0 | I60: =COUNTIF(TT!$D$111:$D$121,TALLY!A60) -> 0 | J60: =COUNTIF(TT!$D$126:$D$134,TALLY!A60) -> 0 | K60: =COUNTIF(TT!$D$139:$D$151,TALLY!A60) -> 0 | L60: =COUNTIF(TT!$D$156:$D$164,TALLY!A60) -> 0 | M60: =COUNTIF(TT!$D$169:$D$180,TALLY!A60) -> 0 | N60: =COUNTIF(TT!$D$185:$D$197,TALLY!A60) -> 0 | O60: =COUNTIF(TT!$D$202:$D$208,TALLY!A60) -> 0 | P60: =COUNTIF(TT!$D$213:$D$220,TALLY!A60) -> 0 | Q60: =COUNTIF(TT!$D$225:$D$239,TALLY!A60) -> 0 | R60: =COUNTIF(TT!$D$244:$D$254,TALLY!A60) -> 1 | S60: =COUNTIF(TT!$D$259:$D$268,TALLY!A60) -> 0 | T60: =COUNTIF(TT!$D$271:$D$282,TALLY!A60) -> 0 | U60: =COUNTIF(TT!$D$287:$D$298,TALLY!A60) -> 0 | V60: =COUNTIF(TT!$D$303:$D$311,TALLY!A60) -> 0 | W60: =COUNTIF(TT!$D$316:$D$337,TALLY!A60) -> 0 | X60: =COUNTIF(TT!$D$342:$D$350,TALLY!A60) -> 0 | Y60: =COUNTIF(TT!$D$357:$D$365,TALLY!A60) -> 1 | Z60: =COUNTIF(TT!$D$370:$D$377,TALLY!A60) -> 0 | AA60: =COUNTIF(TT!$D$382:$D$393,TALLY!A60) -> 0 | AB60: =COUNTIF(TT!$D$398:$D$408,TALLY!A60) -> 0 | AC60: =COUNTIF(TT!$D$413:$D$425,TALLY!A60) -> 0 | AD60: =COUNTIF(TT!$D$430:$D$447,TALLY!A60) -> 1 | AE60: =COUNTIF(TT!$D$454:$D$466,TALLY!A60) -> 0 | AF60: =COUNTIF(TT!$D$471:$D$480,TALLY!A60) -> 0 | AG60: =COUNTIF(TT!$D$487:$D$496,TALLY!A60) -> 0 | AH60: =COUNTIF(TT!$D$501:$D$517,TALLY!A60) -> 1 | AI60: =COUNTIF(TT!$D$522:$D$533,TALLY!A60) -> 0 | AJ60: =COUNTIF(TT!$D$538:$D$550,TALLY!A60) -> 0 | AK60: =COUNTIF(TT!$D$555:$D$569,TALLY!A60) -> 0 | AL60: =COUNTIF(TT!$D$574:$D$582,TALLY!A60) -> 0 | AM60: =COUNTIF(TT!$D$587:$D$593,TALLY!A60) -> 0 | AN60: =COUNTIF(TT!$D$598:$D$606,TALLY!A60) -> 0 | AO60: =COUNTIF(TT!$D$611:$D$620,TALLY!A60) -> 0 | AP60: =COUNTIF(TT!$D$627:$D$639,TALLY!A60) -> 0 | AQ60: =COUNTIF(TT!$D$645:$D$657,TALLY!A60) -> 0 | AR60: =COUNTIF(TT!$D$663:$D$671,TALLY!A60) -> 0 | AS60: =COUNTIF(TT!$D$677:$D$685,TALLY!A60) -> 0 | AT60: =COUNTIF(TT!$D$689:$D$698,TALLY!A60) -> 0 | AU60: ED4-BME | AV60: =SUM($B60:$D60) -> 0 | AW60: =SUM($E60:$G60) -> 0 | AX60: =SUM($H60:$J60) -> 0 | AY60: =SUM($K60:$M60) -> 0 | AZ60: =SUM($N60:$P60) -> 0 | BA60: =SUM($Q60:$S60) -> 1 | BB60: =SUM($T60:$V60) -> 0 | BC60: =SUM($W60:$Y60) -> 1 | BD60: =SUM($Z60:$AB60) -> 0 | BE60: =SUM($AC60:$AE60) -> 1 | BF60: =SUM($AF60:$AH60) -> 1 | BG60: =SUM($AI60:$AK60) -> 0 | BH60: =SUM($AL60:$AN60) -> 0 | BI60: =SUM($AO60:$AQ60) -> 0 | BJ60: =SUM($AR60:$AT60) -> 0 | BK60: =SUM(AV60:BJ60) -> 4
A61: ED4-CE | B61: =COUNTIF(TT!$D$4:$D$9,TALLY!A61) -> 0 | C61: =COUNTIF(TT!$D$15:$D$28,TALLY!A61) -> 0 | D61: =COUNTIF(TT!$D$34:$D$41,TALLY!A61) -> 0 | E61: =COUNTIF(TT!$D$47:$D$60,TALLY!A61) -> 1 | F61: =COUNTIF(TT!$D$66:$D$79,TALLY!A61) -> 0 | G61: =COUNTIF(TT!$D$84:$D$93,TALLY!A61) -> 0 | H61: =COUNTIF(TT!$D$98:$D$106,TALLY!A61) -> 1 | I61: =COUNTIF(TT!$D$111:$D$121,TALLY!A61) -> 0 | J61: =COUNTIF(TT!$D$126:$D$134,TALLY!A61) -> 0 | K61: =COUNTIF(TT!$D$139:$D$151,TALLY!A61) -> 0 | L61: =COUNTIF(TT!$D$156:$D$164,TALLY!A61) -> 0 | M61: =COUNTIF(TT!$D$169:$D$180,TALLY!A61) -> 1 | N61: =COUNTIF(TT!$D$185:$D$197,TALLY!A61) -> 0 | O61: =COUNTIF(TT!$D$202:$D$208,TALLY!A61) -> 0 | P61: =COUNTIF(TT!$D$213:$D$220,TALLY!A61) -> 0 | Q61: =COUNTIF(TT!$D$225:$D$239,TALLY!A61) -> 1 | R61: =COUNTIF(TT!$D$244:$D$254,TALLY!A61) -> 0 | S61: =COUNTIF(TT!$D$259:$D$268,TALLY!A61) -> 0 | T61: =COUNTIF(TT!$D$271:$D$282,TALLY!A61) -> 0 | U61: =COUNTIF(TT!$D$287:$D$298,TALLY!A61) -> 0 | V61: =COUNTIF(TT!$D$303:$D$311,TALLY!A61) -> 0 | W61: =COUNTIF(TT!$D$316:$D$337,TALLY!A61) -> 0 | X61: =COUNTIF(TT!$D$342:$D$350,TALLY!A61) -> 0 | Y61: =COUNTIF(TT!$D$357:$D$365,TALLY!A61) -> 1 | Z61: =COUNTIF(TT!$D$370:$D$377,TALLY!A61) -> 0 | AA61: =COUNTIF(TT!$D$382:$D$393,TALLY!A61) -> 1 | AB61: =COUNTIF(TT!$D$398:$D$408,TALLY!A61) -> 0 | AC61: =COUNTIF(TT!$D$413:$D$425,TALLY!A61) -> 0 | AD61: =COUNTIF(TT!$D$430:$D$447,TALLY!A61) -> 0 | AE61: =COUNTIF(TT!$D$454:$D$466,TALLY!A61) -> 1 | AF61: =COUNTIF(TT!$D$471:$D$480,TALLY!A61) -> 0 | AG61: =COUNTIF(TT!$D$487:$D$496,TALLY!A61) -> 1 | AH61: =COUNTIF(TT!$D$501:$D$517,TALLY!A61) -> 0 | AI61: =COUNTIF(TT!$D$522:$D$533,TALLY!A61) -> 0 | AJ61: =COUNTIF(TT!$D$538:$D$550,TALLY!A61) -> 0 | AK61: =COUNTIF(TT!$D$555:$D$569,TALLY!A61) -> 0 | AL61: =COUNTIF(TT!$D$574:$D$582,TALLY!A61) -> 0 | AM61: =COUNTIF(TT!$D$587:$D$593,TALLY!A61) -> 0 | AN61: =COUNTIF(TT!$D$598:$D$606,TALLY!A61) -> 1 | AO61: =COUNTIF(TT!$D$611:$D$620,TALLY!A61) -> 0 | AP61: =COUNTIF(TT!$D$627:$D$639,TALLY!A61) -> 0 | AQ61: =COUNTIF(TT!$D$645:$D$657,TALLY!A61) -> 0 | AR61: =COUNTIF(TT!$D$663:$D$671,TALLY!A61) -> 0 | AS61: =COUNTIF(TT!$D$677:$D$685,TALLY!A61) -> 0 | AT61: =COUNTIF(TT!$D$689:$D$698,TALLY!A61) -> 0 | AU61: ED4-CE | AV61: =SUM($B61:$D61) -> 0 | AW61: =SUM($E61:$G61) -> 1 | AX61: =SUM($H61:$J61) -> 1 | AY61: =SUM($K61:$M61) -> 1 | AZ61: =SUM($N61:$P61) -> 0 | BA61: =SUM($Q61:$S61) -> 1 | BB61: =SUM($T61:$V61) -> 0 | BC61: =SUM($W61:$Y61) -> 1 | BD61: =SUM($Z61:$AB61) -> 1 | BE61: =SUM($AC61:$AE61) -> 1 | BF61: =SUM($AF61:$AH61) -> 1 | BG61: =SUM($AI61:$AK61) -> 0 | BH61: =SUM($AL61:$AN61) -> 1 | BI61: =SUM($AO61:$AQ61) -> 0 | BJ61: =SUM($AR61:$AT61) -> 0 | BK61: =SUM(AV61:BJ61) -> 9
A62: ED4-CHE | B62: =COUNTIF(TT!$D$4:$D$9,TALLY!A62) -> 0 | C62: =COUNTIF(TT!$D$15:$D$28,TALLY!A62) -> 1 | D62: =COUNTIF(TT!$D$34:$D$41,TALLY!A62) -> 0 | E62: =COUNTIF(TT!$D$47:$D$60,TALLY!A62) -> 0 | F62: =COUNTIF(TT!$D$66:$D$79,TALLY!A62) -> 0 | G62: =COUNTIF(TT!$D$84:$D$93,TALLY!A62) -> 0 | H62: =COUNTIF(TT!$D$98:$D$106,TALLY!A62) -> 0 | I62: =COUNTIF(TT!$D$111:$D$121,TALLY!A62) -> 0 | J62: =COUNTIF(TT!$D$126:$D$134,TALLY!A62) -> 0 | K62: =COUNTIF(TT!$D$139:$D$151,TALLY!A62) -> 0 | L62: =COUNTIF(TT!$D$156:$D$164,TALLY!A62) -> 0 | M62: =COUNTIF(TT!$D$169:$D$180,TALLY!A62) -> 1 | N62: =COUNTIF(TT!$D$185:$D$197,TALLY!A62) -> 0 | O62: =COUNTIF(TT!$D$202:$D$208,TALLY!A62) -> 0 | P62: =COUNTIF(TT!$D$213:$D$220,TALLY!A62) -> 0 | Q62: =COUNTIF(TT!$D$225:$D$239,TALLY!A62) -> 2 | R62: =COUNTIF(TT!$D$244:$D$254,TALLY!A62) -> 0 | S62: =COUNTIF(TT!$D$259:$D$268,TALLY!A62) -> 0 | T62: =COUNTIF(TT!$D$271:$D$282,TALLY!A62) -> 0 | U62: =COUNTIF(TT!$D$287:$D$298,TALLY!A62) -> 0 | V62: =COUNTIF(TT!$D$303:$D$311,TALLY!A62) -> 0 | W62: =COUNTIF(TT!$D$316:$D$337,TALLY!A62) -> 0 | X62: =COUNTIF(TT!$D$342:$D$350,TALLY!A62) -> 0 | Y62: =COUNTIF(TT!$D$357:$D$365,TALLY!A62) -> 0 | Z62: =COUNTIF(TT!$D$370:$D$377,TALLY!A62) -> 0 | AA62: =COUNTIF(TT!$D$382:$D$393,TALLY!A62) -> 1 | AB62: =COUNTIF(TT!$D$398:$D$408,TALLY!A62) -> 0 | AC62: =COUNTIF(TT!$D$413:$D$425,TALLY!A62) -> 0 | AD62: =COUNTIF(TT!$D$430:$D$447,TALLY!A62) -> 0 | AE62: =COUNTIF(TT!$D$454:$D$466,TALLY!A62) -> 0 | AF62: =COUNTIF(TT!$D$471:$D$480,TALLY!A62) -> 0 | AG62: =COUNTIF(TT!$D$487:$D$496,TALLY!A62) -> 0 | AH62: =COUNTIF(TT!$D$501:$D$517,TALLY!A62) -> 0 | AI62: =COUNTIF(TT!$D$522:$D$533,TALLY!A62) -> 0 | AJ62: =COUNTIF(TT!$D$538:$D$550,TALLY!A62) -> 0 | AK62: =COUNTIF(TT!$D$555:$D$569,TALLY!A62) -> 0 | AL62: =COUNTIF(TT!$D$574:$D$582,TALLY!A62) -> 0 | AM62: =COUNTIF(TT!$D$587:$D$593,TALLY!A62) -> 0 | AN62: =COUNTIF(TT!$D$598:$D$606,TALLY!A62) -> 1 | AO62: =COUNTIF(TT!$D$611:$D$620,TALLY!A62) -> 0 | AP62: =COUNTIF(TT!$D$627:$D$639,TALLY!A62) -> 0 | AQ62: =COUNTIF(TT!$D$645:$D$657,TALLY!A62) -> 0 | AR62: =COUNTIF(TT!$D$663:$D$671,TALLY!A62) -> 0 | AS62: =COUNTIF(TT!$D$677:$D$685,TALLY!A62) -> 0 | AT62: =COUNTIF(TT!$D$689:$D$698,TALLY!A62) -> 0 | AU62: ED4-CHE | AV62: =SUM($B62:$D62) -> 1 | AW62: =SUM($E62:$G62) -> 0 | AX62: =SUM($H62:$J62) -> 0 | AY62: =SUM($K62:$M62) -> 1 | AZ62: =SUM($N62:$P62) -> 0 | BA62: =SUM($Q62:$S62) -> 2 | BB62: =SUM($T62:$V62) -> 0 | BC62: =SUM($W62:$Y62) -> 0 | BD62: =SUM($Z62:$AB62) -> 1 | BE62: =SUM($AC62:$AE62) -> 0 | BF62: =SUM($AF62:$AH62) -> 0 | BG62: =SUM($AI62:$AK62) -> 0 | BH62: =SUM($AL62:$AN62) -> 1 | BI62: =SUM($AO62:$AQ62) -> 0 | BJ62: =SUM($AR62:$AT62) -> 0 | BK62: =SUM(AV62:BJ62) -> 6
... A74: ED4-TEL | B74: =COUNTIF(TT!$D$4:$D$9,TALLY!A74) -> 0 | C74: =COUNTIF(TT!$D$15:$D$28,TALLY!A74) -> 0 | D74: =COUNTIF(TT!$D$34:$D$41,TALLY!A74) -> 0 | E74: =COUNTIF(TT!$D$47:$D$60,TALLY!A74) -> 0 | F74: =COUNTIF(TT!$D$66:$D$79,TALLY!A74) -> 0 | G74: =COUNTIF(TT!$D$84:$D$93,TALLY!A74) -> 0 | H74: =COUNTIF(TT!$D$98:$D$106,TALLY!A74) -> 0 | I74: =COUNTIF(TT!$D$111:$D$121,TALLY!A74) -> 0 | J74: =COUNTIF(TT!$D$126:$D$134,TALLY!A74) -> 0 | K74: =COUNTIF(TT!$D$139:$D$151,TALLY!A74) -> 0 | L74: =COUNTIF(TT!$D$156:$D$164,TALLY!A74) -> 0 | M74: =COUNTIF(TT!$D$169:$D$180,TALLY!A74) -> 1 | N74: =COUNTIF(TT!$D$185:$D$197,TALLY!A74) -> 0 | O74: =COUNTIF(TT!$D$202:$D$208,TALLY!A74) -> 0 | P74: =COUNTIF(TT!$D$213:$D$220,TALLY!A74) -> 0 | Q74: =COUNTIF(TT!$D$225:$D$239,TALLY!A74) -> 0 | R74: =COUNTIF(TT!$D$244:$D$254,TALLY!A74) -> 0 | S74: =COUNTIF(TT!$D$259:$D$268,TALLY!A74) -> 1 | T74: =COUNTIF(TT!$D$271:$D$282,TALLY!A74) -> 0 | U74: =COUNTIF(TT!$D$287:$D$298,TALLY!A74) -> 0 | V74: =COUNTIF(TT!$D$303:$D$311,TALLY!A74) -> 0 | W74: =COUNTIF(TT!$D$316:$D$337,TALLY!A74) -> 1 | X74: =COUNTIF(TT!$D$342:$D$350,TALLY!A74) -> 0 | Y74: =COUNTIF(TT!$D$357:$D$365,TALLY!A74) -> 0 | Z74: =COUNTIF(TT!$D$370:$D$377,TALLY!A74) -> 0 | AA74: =COUNTIF(TT!$D$382:$D$393,TALLY!A74) -> 0 | AB74: =COUNTIF(TT!$D$398:$D$408,TALLY!A74) -> 0 | AC74: =COUNTIF(TT!$D$413:$D$425,TALLY!A74) -> 0 | AD74: =COUNTIF(TT!$D$430:$D$447,TALLY!A74) -> 1 | AE74: =COUNTIF(TT!$D$454:$D$466,TALLY!A74) -> 0 | AF74: =COUNTIF(TT!$D$471:$D$480,TALLY!A74) -> 0 | AG74: =COUNTIF(TT!$D$487:$D$496,TALLY!A74) -> 1 | AH74: =COUNTIF(TT!$D$501:$D$517,TALLY!A74) -> 0 | AI74: =COUNTIF(TT!$D$522:$D$533,TALLY!A74) -> 0 | AJ74: =COUNTIF(TT!$D$538:$D$550,TALLY!A74) -> 1 | AK74: =COUNTIF(TT!$D$555:$D$569,TALLY!A74) -> 0 | AL74: =COUNTIF(TT!$D$574:$D$582,TALLY!A74) -> 0 | AM74: =COUNTIF(TT!$D$587:$D$593,TALLY!A74) -> 0 | AN74: =COUNTIF(TT!$D$598:$D$606,TALLY!A74) -> 0 | AO74: =COUNTIF(TT!$D$611:$D$620,TALLY!A74) -> 0 | AP74: =COUNTIF(TT!$D$627:$D$639,TALLY!A74) -> 0 | AQ74: =COUNTIF(TT!$D$645:$D$657,TALLY!A74) -> 1 | AR74: =COUNTIF(TT!$D$663:$D$671,TALLY!A74) -> 0 | AS74: =COUNTIF(TT!$D$677:$D$685,TALLY!A74) -> 0 | AT74: =COUNTIF(TT!$D$689:$D$698,TALLY!A74) -> 0 | AU74: ED4-TEL | AV74: =SUM($B74:$D74) -> 0 | AW74: =SUM($E74:$G74) -> 0 | AX74: =SUM($H74:$J74) -> 0 | AY74: =SUM($K74:$M74) -> 1 | AZ74: =SUM($N74:$P74) -> 0 | BA74: =SUM($Q74:$S74) -> 1 | BB74: =SUM($T74:$V74) -> 0 | BC74: =SUM($W74:$Y74) -> 1 | BD74: =SUM($Z74:$AB74) -> 0 | BE74: =SUM($AC74:$AE74) -> 1 | BF74: =SUM($AF74:$AH74) -> 1 | BG74: =SUM($AI74:$AK74) -> 1 | BH74: =SUM($AL74:$AN74) -> 0 | BI74: =SUM($AO74:$AQ74) -> 1 | BJ74: =SUM($AR74:$AT74) -> 0 | BK74: =SUM(AV74:BJ74) -> 7
B75: =SUM(B3:B74) -> 6 | C75: =SUM(C3:C74) -> 14 | D75: =SUM(D3:D74) -> 8 | E75: =SUM(E3:E74) -> 14 | F75: =SUM(F3:F74) -> 14 | G75: =COUNTIF(TT!$D$84:$D$93,TALLY!A75) -> 0 | H75: =COUNTIF(TT!$D$98:$D$106,TALLY!A75) -> 0 | I75: =SUM(I3:I74) -> 11 | J75: =SUM(J3:J74) -> 9 | K75: =SUM(K3:K74) -> 13 | L75: =COUNTIF(TT!$D$156:$D$164,TALLY!A75) -> 0 | M75: =COUNTIF(TT!$D$169:$D$180,TALLY!A75) -> 0 | N75: =SUM(N3:N74) -> 13 | O75: =COUNTIF(TT!$D$202:$D$208,TALLY!A75) -> 0 | P75: =COUNTIF(TT!$D$213:$D$220,TALLY!A75) -> 0 | Q75: =SUM(Q3:Q74) -> 15 | R75: =SUM(R3:R74) -> 11 | S75: =SUM(S3:S74) -> 10 | T75: =SUM(T3:T74) -> 10 | U75: =SUM(U3:U74) -> 12 | V75: =SUM(V3:V74) -> 9 | W75: =SUM(W3:W74) -> 22 | X75: =COUNTIF(TT!$D$342:$D$350,TALLY!A75) -> 0 | Y75: =COUNTIF(TT!$D$357:$D$365,TALLY!A75) -> 0 | Z75: =SUM(Z3:Z74) -> 8 | AA75: =SUM(AA3:AA74) -> 12 | AB75: =COUNTIF(TT!$D$398:$D$408,TALLY!A75) -> 0 | AC75: =SUM(AC3:AC74) -> 13 | AD75: =SUM(AD3:AD74) -> 15 | AE75: =SUM(AE3:AE74) -> 13 | AF75: =SUM(AF3:AF74) -> 10 | AG75: =SUM(AG3:AG74) -> 10 | AH75: =SUM(AH3:AH74) -> 17 | AI75: =SUM(AI3:AI74) -> 12 | AJ75: =SUM(AJ3:AJ74) -> 13 | ... AM75: =SUM(AM3:AM74) -> 7 | AN75: =COUNTIF(TT!$D$598:$D$606,TALLY!A75) -> 0 | AO75: =SUM(AO3:AO74) -> 10 | AP75: =SUM(AP3:AP74) -> 13 | AQ75: =SUM(AQ3:AQ74) -> 13 | AR75: =SUM(AR3:AR74) -> 9 | AS75: =COUNTIF(TT!$D$677:$D$685,TALLY!A75) -> 0 | AT75: =COUNTIF(TT!$D$689:$D$698,TALLY!A75) -> 0

Sheet combined_data
B1: Course Name | C1: Name of Lecturer | D1: No. of Students | E1: Unnamed: 1 | F1: Course Code
A2: =CONCATENATE(F2,",",E2) -> AE 158,ED1-AE | B2: INTRODUCTION TO INFORMATION TECHNOLOGY | C2: {=VLOOKUP(A2:A545,'Combined Data'!A1:C548,2,FALSE())} -> Introduction To Information Technology | D2: 154 | E2: ED1-AE | F2: AE 158
A3: =CONCATENATE(F3,",",E3) -> AE 162,ED1-AE | B3: BASIC AGRICULTURE | C3: Basic Agriculture | D3: 154 | E3: ED1-AE | F3: AE 162
A4: =CONCATENATE(F4,",",E4) -> AE 196,ED1-AE | B4: ENGINEERING WORKSHOP PRACTICE | C4: Engineering Workshop Practice | D4: 154 | E4: ED1-AE | F4: AE 196
A5: =CONCATENATE(F5,",",E5) -> EE 152,ED1-AE | B5: BASIC ELECTRONICS | C5: Basic Electronics | D5: 154 | E5: ED1-AE | F5: EE 152
A6: =CONCATENATE(F6,",",E6) -> ENGL 158,ED1-AE | B6: COMMUNICATION SKILLS II | C6: Communication Skills II | D6: 154 | E6: ED1-AE | F6: ENGL 158
A7: =CONCATENATE(F7,",",E7) -> MATH 152,ED1-AE | B7: CALCULUS WITH ANALYSIS | C7: Calculus With Analysis | D7: 154 | E7: ED1-AE | F7: MATH 152
A8: =CONCATENATE(F8,",",E8) -> ME 160,ED1-AE | B8: ENGINEERING DRAWING | C8: Engineering Drawing | D8: 154 | E8: ED1-AE | F8: ME 160
A9: =CONCATENATE(F9,",",E9) -> ME 162,ED1-AE | B9: BASIC MECHANICS | C9: Basic Mechanics | D9: 154 | E9: ED1-AE | F9: ME 162
A10: =CONCATENATE(F10,",",E10) -> EE 252,ED2-AE | B10: ELECTRICAL ENGINEERING MACHINES | C10: Electrical Engineering Machines | D10: 107 | E10: ED2-AE | F10: EE 252
A11: =CONCATENATE(F11,",",E11) -> ENGL 264,ED2-AE | B11: LITERATURE IN ENGLISH II | C11: Literature In English II | D11: 107 | E11: ED2-AE | F11: ENGL 264
A12: =CONCATENATE(F12,",",E12) -> GE 286,ED2-AE | B12: PRINCIPLES OF SURVEYING | C12: Principles Of Surveying | D12: 107 | E12: ED2-AE | F12: GE 286
A13: =CONCATENATE(F13,",",E13) -> MATH 252,ED2-AE | B13: CALCULUS WITH SEVERAL VARIABLES | C13: Calculus With Several Variables | D13: 107 | E13: ED2-AE | F13: MATH 252
A14: =CONCATENATE(F14,",",E14) -> ME 262,ED2-AE | B14: THEORY OF MACHINES | C14: Theory Of Machines | D14: 107 | E14: ED2-AE | F14: ME 262
... A87: =CONCATENATE(F87,",",E87) -> AME 496,ED4-AUTO | B87: VEHICLE MAINTENANCE AND REGULATION | C87: Vehicle Maintenance And Regulation | D87: 78 | E87: ED4-AUTO | F87: AME 496
A88: =CONCATENATE(F88,",",E88) -> AME 498,ED4-AUTO | B88: FINAL YEAR PROJECT II | C88: #N/A | D88: 78 | E88: ED4-AUTO | F88: AME 498
A89: =CONCATENATE(F89,",",E89) -> ME 456,ED4-AUTO | B89: INTRODUCTION TO FINITE ELEMENT | C89: Finite Element Methods | D89: 78 | E89: ED4-AUTO | F89: ME 456
A90: =CONCATENATE(F90,",",E90) -> ME 492,ED4-AUTO | B90: MANAGEMENT AND ENTREPRENEURSHIP DEVELOPMENT | C90: Management And Entrepreneurship Development | D90: 78 | E90: ED4-AUTO | F90: ME 492
A91: =CONCATENATE(F91,",",E91) -> COE 152,ED1-BME | B91: BASIC ELECTRONICS | C91: Basic Electronics | D91: 84 | E91: ED1-BME | F91: COE 152
A92: =CONCATENATE(F92,",",E92) -> ENGL 158,ED1-BME | B92: COMMUNICATION SKILLS II | C92: Communication Skills II | D92: 84 | E92: ED1-BME | F92: ENGL 158
A93: =CONCATENATE(F93,",",E93) -> COE 181,ED1-BME | B93: Applied Electricity | C93: Applied Electricity | D93: 84 | E93: ED1-BME | F93: COE 181
A94: =CONCATENATE(F94,",",E94) -> MATH 152,ED1-BME | B94: CALCULUS WITH ANALYSIS | C94: Calculus With Analysis | D94: 84 | E94: ED1-BME | F94: MATH 152
A95: =CONCATENATE(F95,",",E95) -> PHY 154,ED1-BME | B95: PROPERTIES OF MATTER | C95: Properties Of Matter | D95: 84 | E95: ED1-BME | F95: PHY 154
A96: =CONCATENATE(F96,",",E96) -> ME 161,ED1-BME | B96: Basic Mechanics | C96: Basic Mechanics | D96: 84 | E96: ED1-BME | F96: ME 161
A97: =CONCATENATE(F97,",",E97) -> SOC 152,ED1-BME | B97: INTRODUCTION TO SOCIOLOGY II | C97: Introduction To Sociology II | D97: 84 | E97: ED1-BME | F97: SOC 152
A98: =CONCATENATE(F98,",",E98) -> BME 161,ED1-BME | B98: CELL BIOLOGY | C98: Cell Biology | D98: 84 | E98: ED1-BME | F98: BME 161
A99: =CONCATENATE(F99,",",E99) -> SSN 166,ED1-BME | B99: BIOCHEMISTRY | C99: Biochemistry | D99: 84 | E99: ED1-BME | F99: SSN 166
A100: =CONCATENATE(F100,",",E100) -> ME 166,ED1-BME | B100: THERMODYNAMICS I | C100: THERMODYNAMICS I | D100: 84 | E100: ED1-BME | F100: ME 166
... A231: =CONCATENATE(F231,",",E231) -> TE 262,ED2-EE | B231: ELECTROMAGNETIC FIELDS | C231: Electromagnetic Field Theory | D231: 256 | E231: ED2-EE | F231: TE 262
A232: COE 382,ED3-EE | B232: DIGITAL COMPUTER DESIGN | C232: Digital Computer Design | D232: 30 | E232: ED3-EE | F232: COE 382
A233: =CONCATENATE(F233,",",E233) -> EE 360,ED3-EE | B233: HIGH VOLTAGE ENGINEERING | C233: High Voltage Engineering | D233: 174 | E233: ED3-EE | F233: EE 360
A234: =CONCATENATE(F234,",",E234) -> EE 362,ED3-EE | B234: SUBSTATIONS AND TRANSMISSION LINE DESIGN | C234: Substations And Transmission Line Design | D234: 226 | E234: ED3-EE | F234: EE 362
A235: =CONCATENATE(F235,",",E235) -> EE 366,ED3-EE | B235: POWER ELECTRONICS | C235: Power Electronics | D235: 226 | E235: ED3-EE | F235: EE 366
A236: =CONCATENATE(F236,",",E236) -> EE 368,ED3-EE | B236: POWER SYSTEMS ANALYSIS | C236: Power Systems Analysis | D236: 226 | E236: ED3-EE | F236: EE 368
A237: =CONCATENATE(F237,",",E237) -> EE 380,ED3-EE | B237: DIGITAL CONTROL SYSTEMS | C237: Digital Control Systems | D237: 82 | E237: ED3-EE | F237: EE 380
A238: =CONCATENATE(F238,",",E238) -> EE 392,ED3-EE | B238: ELECTRICAL ENGINEERING LAB. III | C238: Electrical Engineering Lab. III | D238: 226 | E238: ED3-EE | F238: EE 392
A239: =CONCATENATE(F239,",",E239) -> TE 372,ED3-EE | B239: ANTENNAS AND PROPAGATION | C239: Antennas And Propagation | D239: 142 | E239: ED3-EE | F239: TE 372
A240: =CONCATENATE(F240,",",E240) -> TE 384,ED3-EE | B240: SWITCHING ENGINEERING IN COMMUNICATION | C240: Switching Engineering In Communication | D240: 22 | E240: ED3-EE | F240: TE 384
A241: =CONCATENATE(F241,",",E241) -> TE 386,ED3-EE | B241: DIGITAL COMMUNICATION SYSTEMS | C241: Digital Communication Systems | D241: 230 | E241: ED3-EE | F241: TE 386
A242: =CONCATENATE(F242,",",E242) -> COE 484,ED4-EE | B242: INDUSTRIAL AUTOMATIC CONTROL | C242: Industrial Automatic Control | D242: 200 | E242: ED4-EE | F242: COE 484
A243: =CONCATENATE(F243,",",E243) -> COE 486,ED4-EE | B243: INTRODUCTION TO VLSI | C243: Introduction To VLSI | D243: 7 | E243: ED4-EE | F243: COE 486
A244: =CONCATENATE(F244,",",E244) -> EE 462,ED4-EE | B244: ELECTRIC DRIVES | C244: Electric Drives | D244: 189 | E244: ED4-EE | F244: EE 462
... A444: =CONCATENATE(F444,",",E444) -> METE 362,ED3-METE | B444: PHYSICAL METALLURGY OF FERROUS METALS | C444: Physical Metallurgy Of Ferrous Metals | D444: 55 | E444: ED3-METE | F444: METE 362
A445: METE 356,ED3-METE | B445: THIRD YEAR DESIGN PROJECT | C445: Third Year Design Project | D445: 55 | E445: ED3-METE | F445: MSE 356
A446: =CONCATENATE(F446,",",E446) -> MSE 358,ED3-METE | B446: NUMERICAL METHODS FOR ENGINEERS | C446: Numerical Methods For Engineers | D446: 55 | E446: ED3-METE | F446: MSE 358
A447: =CONCATENATE(F447,",",E447) -> MSE 362,ED3-METE | B447: MATERIALS JOINING PROCESSES | C447: Materials Joining Processes | D447: 55 | E447: ED3-METE | F447: MSE 362
A448: =CONCATENATE(F448,",",E448) -> ME 492,ED4-METE | B448: MANAGEMENT AND ENTREPRENEURSHIP DEVELOPMENT | C448: Management And Entrepreneurship Development | D448: 65 | E448: ED4-METE | F448: ME 492
A449: =CONCATENATE(F449,",",E449) -> METE 452,ED4-METE | B449: ELECTROMETALLURGY | C449: Electrometallurgy | D449: 65 | E449: ED4-METE | F449: METE 452
A450: =CONCATENATE(F450,",",E450) -> METE 454,ED4-METE | B450: METALLURGICAL WASTE MANAGEMENT | C450: Metallurgical waste Management | D450: 65 | E450: ED4-METE | F450: METE 454
A451: =CONCATENATE(F451,",",E451) -> MSE 456,ED4-METE | B451: MATERIALS QUALITY CONTROL, ASSURRANCE AND SELECTION | C451: Materials Quality Control, Assurrance And Selection | D451: 65 | E451: ED4-METE | F451: MSE 456
A452: =CONCATENATE(F452,",",E452) -> MSE 458,ED4-METE | B452: PROCESS DYNANICS AND CONTROL | C452: Process Dynanics And Control | D452: 65 | E452: ED4-METE | F452: MSE 458
A453: =CONCATENATE(F453,",",E453) -> CHE 156,ED1-PCE | B453: PHYSICAL CHEMISTRY FOR ENGINEERS | C453: Physical Chemistry For Engineers | D453: 59 | E453: ED1-PCE | F453: CHE 156
A454: =CONCATENATE(F454,",",E454) -> EE 152,ED1-PCE | B454: BASIC ELECTRONICS | C454: Basic Electronics | D454: 59 | E454: ED1-PCE | F454: EE 152
A455: =CONCATENATE(F455,",",E455) -> ENGL 158,ED1-PCE | B455: COMMUNICATION SKILLS II | C455: Communication Skills II | D455: 59 | E455: ED1-PCE | F455: ENGL 158
A456: =CONCATENATE(F456,",",E456) -> MATH 152,ED1-PCE | B456: CALCULUS OF SEVERAL VARIABLES | C456: Calculus With Analysis | D456: 59 | E456: ED1-PCE | F456: MATH 152
A457: =CONCATENATE(F457,",",E457) -> ME 162,ED1-PCE | B457: BASIC MECHANICS | C457: Basic Mechanics | D457: 59 | E457: ED1-PCE | F457: ME 162
... A536: =CONCATENATE(F536,",",E536) -> TE 356,ED3-TEL | B536: Switching Engineering In Communication | C536: Switching Engineering In Communication | D536: 142 | E536: ED3-TEL | F536: TE 356
A537: =CONCATENATE(F537,",",E537) -> TE 386,ED3-TEL | B537: Digital Communication Systems | C537: #N/A | D537: 142 | E537: ED3-TEL | F537: TE 386
A538: =CONCATENATE(F538,",",E538) -> TE 358,ED3-TEL | B538: Digital Communication Systems | C538: Digital Communication Systems | D538: 142 | E538: ED3-TEL | F538: TE 358
A539: =CONCATENATE(F539,",",E539) -> TE 392,ED3-TEL | B539: COMMUNICATION SYSTEMS LAB | C539: Telecommunication Lab IV | D539: 142 | E539: ED3-TEL | F539: TE 392
A540: =CONCATENATE(F540,",",E540) -> EE 472,ED4-TEL | B540: DIGITAL SIGNAL PROCESSING | C540: Digital Signal Processing | D540: 141 | E540: ED4-TEL | F540: EE 472
A541: =CONCATENATE(F541,",",E541) -> ME 492,ED4-TEL | B541: MANAGEMENT AND ENTREPRENEURSHIP DEVELOPMENT | C541: Management And Entrepreneurship Development | D541: 141 | E541: ED4-TEL | F541: ME 492
A542: =CONCATENATE(F542,",",E542) -> TE 462,ED4-TEL | B542: TELECOMMUNICATION POLICY | C542: Telecommunication Policy | D542: 141 | E542: ED4-TEL | F542: TE 462
A543: =CONCATENATE(F543,",",E543) -> TE 472,ED4-TEL | B543: MOBILE AND SATELLITE COMMUNICATION SYSTEM | C543: Mobile And Satellite Communication System | D543: 141 | E543: ED4-TEL | F543: TE 472
A544: =CONCATENATE(F544,",",E544) -> TE 474,ED4-TEL | B544: MICROWAVE ENGINEERING | C544: Microwave Engineering | D544: 141 | E544: ED4-TEL | F544: TE 474
A545: =CONCATENATE(F545,",",E545) -> TE 484,ED4-TEL | B545: NETWORK PLANNING | C545: Network Planning | D545: 141 | E545: ED4-TEL | F545: TE 484

Sheet Combined Data
A1: =CONCATENATE(E1,",",D1) -> ACF 256,ED2-BME | B1: Introduction to Financial Accounting II | C1: Yeboah Edward | D1: ED2-BME | E1: ACF 256
A2: =CONCATENATE(E2,",",D2) -> ACF 256,ED2-COE | B2: Introduction to Financial Accounting II | C2: Yeboah Edward | D2: ED2-COE | E2: ACF 256
A3: =CONCATENATE(E3,",",D3) -> ACF 256,ED2-TEL | B3: Introduction to Financial Accounting II | C3: Yeboah Edward | D3: ED2-TEL | E3: ACF 256
A4: =CONCATENATE(E4,",",D4) -> AE 158,ED1-AE | B4: Introduction To Information Technology | C4: Bessah Enoch | D4: ED1-AE | E4: AE 158
A5: =CONCATENATE(E5,",",D5) -> AE 162,ED1-AE | B5: Basic Agriculture | C5: Bessah Enoch | D5: ED1-AE | E5: AE 162
A6: =CONCATENATE(E6,",",D6) -> AE 196,ED1-AE | B6: Engineering Workshop Practice | C6: Asante Eric Amoah | D6: ED1-AE | E6: AE 196
A7: =CONCATENATE(E7,",",D7) -> AE 352,ED3-AE | B7: Soil Mechanics Application To Mechanisation | C7: Agodzo Sampson Kwaku | D7: ED3-AE | E7: AE 352
A8: =CONCATENATE(E8,",",D8) -> AE 356,ED3-AE | B8: Farm Power And Machinery | C8: Aikins Stephen Hill Mends | D8: ED3-AE | E8: AE 356
A9: =CONCATENATE(E9,",",D9) -> AE 358,ED3-AE | B9: Renewable Energy Systems And Management | C9: Kemausuor Francis | D9: ED3-AE | E9: AE 358
A10: =CONCATENATE(E10,",",D10) -> AE 360,ED3-AE | B10: Rural Engineering | C10: Mensah Ebenezer | D10: ED3-AE | E10: AE 360
A11: =CONCATENATE(E11,",",D11) -> AE 362,ED3-AE | B11: Research Methods For Engineers | C11: Amponsah William | D11: ED3-AE | E11: AE 362
A12: =CONCATENATE(E12,",",D12) -> AE 452,ED4-AE | B12: Soil And Water Engineering II | C12: Agyare Wilson Agyei | D12: ED4-AE | E12: AE 452
... A466: =CONCATENATE(E466,",",D466) -> MSE 364,ED3-MSE | B466: Materials Characterization Laboratory | C466: Gikunoo Emmanuel | D466: ED3-MSE | E466: MSE 364
A467: METE 356,ED3-METE | B467: Third Year Design Project | C467: Bota Osei Sekyere | D467: ED3-METE | E467: MSE 396
A468: =CONCATENATE(E468,",",D468) -> MSE 396,ED3-MSE | B468: Third Year Design Project | C468: Bota Osei Sekyere | D468: ED3-MSE | E468: MSE 396
A469: =CONCATENATE(E469,",",D469) -> MSE 452,ED4-MSE | B469: Waste Management | C469: Koomson Bennetta | D469: ED4-MSE | E469: MSE 452
A470: =CONCATENATE(E470,",",D470) -> METE 454,ED4-METE | B470: Metallurgical waste Management | C470: Koomson Bennetta | D470: ED4-METE | E470: METE 454
A471: =CONCATENATE(E471,",",D471) -> MSE 454,ED4-MSE | B471: Surface Treatment Of Materials | C471: Andrews Anthony | D471: ED4-MSE | E471: MSE 454
A472: =CONCATENATE(E472,",",D472) -> MSE 456,ED4-MSE | B472: Materials Quality Control, Assurrance And Selection | C472: Arthur Emmanuel Kwesi | D472: ED4-MSE | E472: MSE 456
A473: =CONCATENATE(E473,",",D473) -> MSE 456,ED4-METE | B473: Materials Quality Control, Assurrance And Selection | C473: Arthur Emmanuel Kwesi | D473: ED4-METE | E473: MSE 456
A474: =CONCATENATE(E474,",",D474) -> MSE 458,ED4-MSE | B474: Process Dynamics And Control | C474: Adjaottor Albert Amatey | D474: ED4-MSE | E474: MSE 458
A475: =CONCATENATE(E475,",",D475) -> MSE 458,ED4-METE | B475: Process Dynanics And Control | C475: Adjaottor Albert Amatey | D475: ED4-METE | E475: MSE 458
A476: =CONCATENATE(E476,",",D476) -> PCE 158,ED1-PCE | B476: Introduction To Information Technology | C476: Baidoo Martina Francisca | D476: ED1-PCE | E476: PCE 158
A477: =CONCATENATE(E477,",",D477) -> PCE 350,ED3-PCE | B477: Kinetics And Reactions Engineering | C477: Bonsu Jude Kwaku | D477: ED3-PCE | E477: PCE 350
A478: =CONCATENATE(E478,",",D478) -> PCE 352,ED3-PCE | B478: Separation Processes II | C478: Dogbe Eunice Sefakor Aku | D478: ED3-PCE | E478: PCE 352
A479: =CONCATENATE(E479,",",D479) -> PCE 354,ED3-PCE | B479: Petrochemical Engineering Laboratory II | C479: Bonsu Jude Kwaku | D479: ED3-PCE | E479: PCE 354
... A548: =CONCATENATE(E548,",",D548) -> TE 484,ED4-TEL | B548: Network Planning | C548: Opare Kwasi Adu-Boahen | D548: ED4-TEL | E548: TE 484

Sheet Lectures_1
B1: Course Name | C1: Name of Lecturer | D1: No. of Students | E1: Class | F1: Course Code
A2: =CONCATENATE(F2,",",E2) -> AE 158,ED1-AE | B2: INTRODUCTION TO INFORMATION TECHNOLOGY | C2: Bessah Enoch | D2: 128 | E2: ED1-AE | F2: AE 158
A3: =CONCATENATE(F3,",",E3) -> AE 162,ED1-AE | B3: BASIC AGRICULTURE | C3: Bessah Enoch | D3: 128 | E3: ED1-AE | F3: AE 162
A4: =CONCATENATE(F4,",",E4) -> AE 196,ED1-AE | B4: ENGINEERING WORKSHOP PRACTICE | C4: Michael Adusei-Bonsu | D4: 128 | E4: ED1-AE | F4: AE 196
A5: =CONCATENATE(F5,",",E5) -> EE 152,ED1-AE | B5: BASIC ELECTRONICS | C5: Nicholas Kwesi Prah II | D5: 128 | E5: ED1-AE | F5: EE 152
A6: =CONCATENATE(F6,",",E6) -> ENGL 158,ED1-AE | B6: COMMUNICATION SKILLS II | C6: Yeboah Philomena Ama Okyeso | D6: 128 | E6: ED1-AE | F6: ENGL 158
A7: =CONCATENATE(F7,",",E7) -> MATH 152,ED1-AE | B7: CALCULUS WITH ANALYSIS | C7: Ezearn Jeffery | D7: 128 | E7: ED1-AE | F7: MATH 152
A8: =CONCATENATE(F8,",",E8) -> ME 160,ED1-AE | B8: ENGINEERING DRAWING | C8: Aveyire Joseph | D8: 128 | E8: ED1-AE | F8: ME 160
A9: =CONCATENATE(F9,",",E9) -> ME 162,ED1-AE | B9: BASIC MECHANICS | C9: Oppong David Kofi | D9: 128 | E9: ED1-AE | F9: ME 162
A10: =CONCATENATE(F10,",",E10) -> EE 252,ED2-AE | B10: ELECTRICAL ENGINEERING MACHINES | C10: Yaw Opoku Mensah Sekyere | D10: 155 | E10: ED2-AE | F10: EE 252
A11: =CONCATENATE(F11,",",E11) -> ENGL 264,ED2-AE | B11: LITERATURE IN ENGLISH II | C11: Yeboah Philomena Ama Okyeso | D11: 155 | E11: ED2-AE | F11: ENGL 264
A12: =CONCATENATE(F12,",",E12) -> GE 286,ED2-AE | B12: PRINCIPLES OF SURVEYING | C12: Akwasi Afrifa Acheampong | D12: 155 | E12: ED2-AE | F12: GE 286
A13: =CONCATENATE(F13,",",E13) -> MATH 252,ED2-AE | B13: CALCULUS WITH SEVERAL VARIABLES | C13: Wireko Fredrick Asenso | D13: 155 | E13: ED2-AE | F13: MATH 252
... A84: =CONCATENATE(F84,",",E84) -> AME 496,ED4-AUTO | B84: VEHICLE MAINTENANCE AND REGULATION | C84: Abu Frimpong Solomon | D84: 32 | E84: ED4-AUTO | F84: AME 496
A85: =CONCATENATE(F85,",",E85) -> AME 498,ED4-AUTO | B85: FINAL YEAR PROJECT II | D85: 32 | E85: ED4-AUTO | F85: AME 498
A86: =CONCATENATE(F86,",",E86) -> ME 456,ED4-AUTO | B86: INTRODUCTION TO FINITE ELEMENT | C86: Andoh Prince Yaw | D86: 32 | E86: ED4-AUTO | F86: ME 456
A87: =CONCATENATE(F87,",",E87) -> ME 492,ED4-AUTO | B87: MANAGEMENT AND ENTREPRENEURSHIP DEVELOPMENT | C87: Mensah Lena Dzifa | D87: 32 | E87: ED4-AUTO | F87: ME 492
A88: =CONCATENATE(F88,",",E88) -> COE 152,ED1-BME | B88: BASIC ELECTRONICS | C88: Addo Daniel Akwei | D88: 136 | E88: ED1-BME | F88: COE 152
A89: =CONCATENATE(F89,",",E89) -> ENGL 158,ED1-BME | B89: COMMUNICATION SKILLS II | C89: Yeboah Philomena Ama Okyeso | D89: 136 | E89: ED1-BME | F89: ENGL 158
A90: =CONCATENATE(F90,",",E90) -> MATH 152,ED1-BME | B90: CALCULUS WITH ANALYSIS | C90: Ezearn Jeffery | D90: 136 | E90: ED1-BME | F90: MATH 152
A91: =CONCATENATE(F91,",",E91) -> PHY 154,ED1-BME | B91: PROPERTIES OF MATTER | C91: Reginald Mensah Noye | D91: 136 | E91: ED1-BME | F91: PHY 154
A92: =CONCATENATE(F92,",",E92) -> SOC 152,ED1-BME | B92: INTRODUCTION TO SOCIOLOGY II | C92: Jones Opoku-Ware | D92: 136 | E92: ED1-BME | F92: SOC 152
A93: =CONCATENATE(F93,",",E93) -> BME 166,ED1-BME | B93: BIOCHEMISTRY | C93: Charles Apprey | D93: 136 | E93: ED1-BME | F93: BME 166
A94: =CONCATENATE(F94,",",E94) -> ME 166,ED1-BME | B94: APPLIED THERMODYNAMICS | C94: Amoabeng Kofi Owura | D94: 136 | E94: ED1-BME | F94: ME 166
A95: =CONCATENATE(F95,",",E95) -> ACF 256,ED2-BME | B95: FINANCIAL ACCOUNTING II | C95: Yeboah Edward | D95: 18 | E95: ED2-BME | F95: ACF 256
A96: =CONCATENATE(F96,",",E96) -> BME 286,ED2-BME | B96: ANATOMY AND PHYSIOLOGY FOR ENGINEERS II | C96: Agyapong Dorothy Araba Yakoba | D96: 80 | E96: ED2-BME | F96: BME 286
A97: =CONCATENATE(F97,",",E97) -> COE 288,ED2-BME | B97: CIRCUIT THEORY | C97: Yeboah-Akowuah Bright | D97: 80 | E97: ED2-BME | F97: COE 288
... A534: =CONCATENATE(F534,",",E534) -> TE 468,ED4-TEL | B534: MILLIMETERWAVE TECHNOLOGY | C534: Abdul-Rahman Ahmed | D534: 33 | E534: ED4-TEL | F534: TE 468

Sheet ROOMS
A1: College of Engineering
A2: Available Rooms
A3: Rooms | B3: Exam Capacity
A4: LT | B4: 50 | C4: COHORT A1 | D4: BAMFO KWAKYE A | E4: 2
A5: RMA | B5: 48 | E5: 1
A6: RMB | B6: 48 | E6: 1
A7: VSLA | B7: 90 | E7: 2 | F7: 474
A8: 206 | B8: 48 | C8: COHORT A2 | E8: 1
A9: 303 | B9: 60 | E9: 2
A10: 304 | B10: 40 | E10: 1
A11: N1 | B11: 50 | C11: COHORT A3 | E11: 1
A12: N2 | B12: 40 | E12: 1
A13: PB001 | B13: 80 | C13: COHORT B1 | D13: PETROLEUM BUILDING B | E13: 2
A14: PB020 | B14: 80 | E14: 2
A15: PB014 | B15: 80 | E15: 2
A16: PB008 | B16: 60 | E16: 2
A17: PB201 | B17: 80 | C17: COHORT B2 | E17: 2
A18: PB214 | B18: 80 | E18: 2
A19: PB212 | B19: 50 | E19: 1
A20: PB208 | B20: 60 | E20: 1 | F20: =SUM(B13:B20) -> 570
A21: VCR | B21: 50 | C21: COHORT C1 | D21: EXAMS OFFICE C | E21: 1
A22: ECR | B22: 50 | E22: 1
A23: A110 | B23: 60 | E23: 2
A24: EA | B24: 60 | C24: COHORT C2 | E24: 3
A25: NAF1 | B25: 90 | E25: 2 | F25: =SUM(B21:B25) -> 310
A26: NEB-SF1 | B26: 160 | C26: COHORT D1 | D26: NEB D | E26: 3
A27: NEB-FF2 | B27: 60 | C27: COHORT D2 | E27: 2
A28: NEB-FF1 | B28: 100 | C28: COHORT D3
A29: NEB-TF | B29: 160 | E29: 2 | F29: =SUM(B26:B29) -> 480
E30: 1
A31: Total | B31: =SUM(B4:B29) -> 1834

Sheet WATER
A1: College of Engineering
A2: Available Rooms | L2: College of Engineering
B3: INVIGILATORS | E3: TOTAL BOTLES | F3: Bottles x 3S + 1 | G3: Total Pack | H3: TOTAL BOTTLES | I3: TOTAL BOTTLES FOR PERIOD | J3: ROOM USAGE | L3: Available Rooms
A4: Rooms | B4: TAS | C4: LT | D4: ATTD | E4: PER SESSION | F4: TT BOTTLES | G4: PACKS PER DAY | H4: OVERALL | L4: Rooms | M4: Name | N4: Contact | O4: Signature | P4: Bottles/Packs Collected
A5: LT | B5: 1 | C5: 1 | D5: 1 | E5: =SUM(B5:D5) -> 3 | F5: =E5*3 -> 9 | G5: =F5/16 -> 0.5625 | H5: 10btls | I5: =E5*J5 -> 99 | J5: 33 | L5: LT | P5: =_xlfn.CONCAT(E5," btls") -> 3 btls
A6: RM A | B6: 1 | C6: 1 | D6: 1 | E6: =SUM(B6:D6) -> 3 | F6: =E6*3 -> 9 | G6: =F6/16 -> 0.5625 | H6: 10btls | I6: =E6*J6 -> 96 | J6: 32 | L6: RMA | P6: =_xlfn.CONCAT(E6," btls") -> 3 btls
A7: RM B | B7: 1 | C7: 1 | D7: 1 | E7: =SUM(B7:D7) -> 3 | F7: =E7*3 -> 9 | G7: =F7/16 -> 0.5625 | H7: 10btls | I7: =E7*J7 -> 81 | J7: 27 | L7: RMB | P7: =_xlfn.CONCAT(E7," btls") -> 3 btls
A8: 206 | B8: 1 | C8: 1 | D8: 1 | E8: =SUM(B8:D8) -> 3 | F8: =E8*3 -> 9 | G8: =F8/16 -> 0.5625 | H8: 10btls | I8: =E8*J8 -> 81 | J8: 27 | L8: 206 | P8: =_xlfn.CONCAT(E8," btls") -> 3 btls
A9: 303 | B9: 1 | C9: 2 | D9: 1 | E9: =SUM(B9:D9) -> 4 | F9: =E9*3 -> 12 | G9: =F9/16 -> 0.75 | H9: 13btls | I9: =E9*J9 -> 116 | J9: 29 | L9: 303 | P9: =_xlfn.CONCAT(E9," btls") -> 4 btls
A10: 304 | B10: 1 | C10: 1 | D10: 1 | E10: =SUM(B10:D10) -> 3 | F10: =E10*3 -> 9 | G10: =F10/16 -> 0.5625 | H10: 10btls | I10: =E10*J10 -> 84 | J10: 28 | L10: 304 | P10: =_xlfn.CONCAT(E10," btls") -> 3 btls
A11: N1 | B11: 1 | C11: 1 | D11: 1 | E11: =SUM(B11:D11) -> 3 | F11: =E11*3 -> 9 | G11: =F11/16 -> 0.5625 | H11: 10btls | I11: =E11*J11 -> 39 | J11: 13 | L11: N1 | P11: =_xlfn.CONCAT(E11," btls") -> 3 btls
A12: N2 | B12: 1 | C12: 1 | D12: 1 | E12: =SUM(B12:D12) -> 3 | F12: =E12*3 -> 9 | G12: =F12/16 -> 0.5625 | H12: 10btls | I12: =E12*J12 -> 42 | J12: 14 | L12: N2 | P12: =_xlfn.CONCAT(E12," btls") -> 3 btls
A13: EA | B13: 1 | C13: 2 | D13: 1 | E13: =SUM(B13:D13) -> 4 | F13: =E13*3 -> 12 | G13: =F13/16 -> 0.75 | H13: 13btls | I13: =E13*J13 -> 124 | J13: 31 | L13: EA | P13: =_xlfn.CONCAT(E13," btls") -> 4 btls
A14: NAF1 | B14: 1 | C14: 3 | D14: 1 | E14: =SUM(B14:D14) -> 5 | F14: =E14*3 -> 15 | G14: =F14/16 -> 0.9375 | H14: 15btls | I14: =E14*J14 -> 145 | J14: 29 | L14: NAF1 | P14: =_xlfn.CONCAT(E14," btls") -> 5 btls
A15: A110 | B15: 1 | C15: 2 | D15: 1 | E15: =SUM(B15:D15) -> 4 | F15: =E15*3 -> 12 | G15: =F15/16 -> 0.75 | H15: 13btls | I15: =E15*J15 -> 128 | J15: 32 | L15: A110 | P15: =_xlfn.CONCAT(E15," btls") -> 4 btls
A16: VSLA | B16: 1 | C16: 3 | D16: 1 | E16: =SUM(B16:D16) -> 5 | F16: =E16*3 -> 15 | G16: =F16/16 -> 0.9375 | H16: 15btls | I16: =E16*J16 -> 190 | J16: 38 | L16: VSLA | P16: =_xlfn.CONCAT(E16," btls") -> 5 btls
A17: PB001 | B17: 1 | C17: 2 | D17: 1 | E17: =SUM(B17:D17) -> 4 | F17: =E17*3 -> 12 | G17: =F17/16 -> 0.75 | H17: 13btls | I17: =E17*J17 -> 164 | J17: 41 | L17: PB001 | P17: =_xlfn.CONCAT(E17," btls") -> 4 btls
A18: PB020 | B18: 1 | C18: 2 | D18: 1 | E18: =SUM(B18:D18) -> 4 | F18: =E18*3 -> 12 | G18: =F18/16 -> 0.75 | H18: 13btls | I18: =E18*J18 -> 164 | J18: 41 | L18: PB020 | P18: =_xlfn.CONCAT(E18," btls") -> 4 btls
A19: PB014 | B19: 1 | C19: 2 | D19: 1 | E19: =SUM(B19:D19) -> 4 | F19: =E19*3 -> 12 | G19: =F19/16 -> 0.75 | H19: 13btls | I19: =E19*J19 -> 160 | J19: 40 | L19: PB014 | P19: =_xlfn.CONCAT(E19," btls") -> 4 btls
A20: PB012 | B20: 1 | C20: 1 | D20: 1 | E20: =SUM(B20:D20) -> 3 | F20: =E20*3 -> 9 | G20: =F20/16 -> 0.5625 | H20: 10btls | I20: =E20*J20 -> 102 | J20: 34 | L20: PB012 | P20: =_xlfn.CONCAT(E20," btls") -> 3 btls
A21: PB008 | B21: 1 | C21: 2 | D21: 1 | E21: =SUM(B21:D21) -> 4 | F21: =E21*3 -> 12 | G21: =F21/16 -> 0.75 | H21: 13btls | I21: =E21*J21 -> 140 | J21: 35 | L21: PB008 | P21: =_xlfn.CONCAT(E21," btls") -> 4 btls
A22: PB201 | B22: 1 | C22: 2 | D22: 1 | E22: =SUM(B22:D22) -> 4 | F22: =E22*3 -> 12 | G22: =F22/16 -> 0.75 | H22: 13btls | I22: =E22*J22 -> 152 | J22: 38 | L22: PB201 | P22: =_xlfn.CONCAT(E22," btls") -> 4 btls
... A31: NEB-SF1 | B31: 2 | C31: 4 | D31: 3 | E31: =SUM(B31:D31) -> 9 | F31: =E31*3 -> 27 | G31: =F31/16 -> 1.6875 | H31: 1pks 5btls | I31: =E31*J31 -> 378 | J31: 42 | L31: NEB-SF1 | P31: =_xlfn.CONCAT(E31," btls") -> 9 btls
A32: NEB OFFICE | E32: 11 | F32: =E32*3 -> 33 | G32: =F32/16 -> 2.0625 | H32: 2pks | I32: =14*F32 -> 462 | J32: 42 | L32: FOSS OFFICE | P32: =_xlfn.CONCAT(E32," btls") -> 11 btls
A33: EXAMS OFFICE | E33: 38 | F33: =E33*3 -> 114 | G33: =F33/16 -> 7.125 | H33: 7pks | I33: =14*F33 -> 1596 | J33: 42 | L33: EXAMS OFFICE | P33: =_xlfn.CONCAT(E33," btls") -> 38 btls
A34: BAMFO KWAKYE | E34: 21 | F34: =E34*3 -> 63 | G34: =F34/16 -> 3.9375 | H34: 4pks | I34: =14*F34 -> 882 | J34: 42 | L34: BAMFO KWAKYE | P34: =_xlfn.CONCAT(E34," btls") -> 21 btls
A35: PB SIMULATION LB | E35: 11 | F35: =E35*3 -> 33 | G35: =F35/16 -> 2.0625 | H35: 2pks | I35: =14*F35 -> 462 | J35: 42 | L35: PB SIMULATION LB | P35: =_xlfn.CONCAT(E35," btls") -> 11 btls
A36: SECURITY | E36: 21 | F36: =E36*3 -> 63 | G36: =F36/16 -> 3.9375 | H36: 4pks | I36: =14*F36 -> 882 | J36: 42 | L36: SECURITY | P36: =_xlfn.CONCAT(E36," btls") -> 21 btls
A37: NURSES | E37: 3 | F37: =E37*3 -> 9 | G37: =F37/16 -> 0.5625 | H37: 8btls | I37: =14*F37 -> 126 | J37: 42 | L37: NURSES | P37: =_xlfn.CONCAT(E37," btls") -> 3 btls
E38: 0
A39: Totals Per Session | B39: =SUM(B5:B38) -> 30 | C39: =SUM(C5:C38) -> 49 | D39: =SUM(D5:D38) -> 32 | E39: =SUM(E5:E38) -> 216 | F39: =SUM(F5:F38) -> 648 | G39: =SUM(G5:G37) -> 40.5
A40: Totals Per Day | F40: ~ 37 packs a day (16 bottles per pack) | H40: ~ 471 Overall packs (16 bottles per pack) | L40: Total Collected for the day
L41: Total to be collected for the day
L42: Overall total left
L43: Total bottles for a Day
L60: =604/16 -> 37.75
L61: =0.75*16 -> 12
L64: =7546/16 -> 471.625
L65: =0.625*16 -> 10

Sheet Sheet1
A1: Monday, 17 August 2026
A2: Session, 1 (8:30 AM - 10:30 AM)
A3: CODE | B3: COURSE NAME | C3: EXAMINER | D3: CLASS | E3: # STDS | F3: ROOM NO. | G3: TO PRT
A4: CHE 258 | B4: DRAWING FOR ENGINEERS | C4: Darkwah Lawrence | D4: ED2-CHE | E4: 160 | F4: VSLA/303/RMA/RMB/206/304 | G4: 176 | H4: 45/30/22/22/22/20
A5: CHE 258 | B5: DRAWING FOR ENGINEERS | C5: Darkwah Lawrence | D5: ED2-PCE | E5: 65 | F5: NEB-FF2/NEB-FF1 | G5: 71.5 | H5: 25/40
A6: COE 354 | B6: OPERATING SYSTEMS | C6: Kommey Benjamin | D6: ED3-COE | E6: 265 | F6: PB001/PB014/PB020/PB201/PB214/PB008/PB208/PB212 | G6: 291.5 | H6: 36/36/36/36/36/30/30/22
A7: EE 156 | B7: ELECTRICAL ENG. DRAWING | C7: Kwegyir Daniel | D7: ED1-COE | E7: 262 | F7: BYOD1/BYOD2 | G7: 288.2 | H7: 131/131
A8: AERO 368 | B8: PROPULSION | C8: Bofah Kwasi Kete | D8: ED3-AERO | E8: 76 | F8: NAF1/A110 | G8: 83.6 | H8: 46/30
A9: EE 272 | B9: DIGITAL SYSTEMS | C9: Opoku Daniel | D9: ED2-EE | E9: 340 | F9: PB001/PB014/PB020/PB201/PB214/PB008/PB208/PB212/NEB-FF1/NEB-FF2 | G9: 374 | H9: 38/38/38/38/38/28/28/25/45/25
D10: Total M1-1 | E10: 1168
A12: Monday, 17 August 2026
A13: Session, 2 (12:00 PM - 2:00 PM)
A14: CODE | B14: COURSE NAME | C14: EXAMINER | D14: CLASS | E14: # STDS | F14: ROOM NO. | G14: TO PRT
A15: ME 274 | B15: MACHINE DESIGN PROJECT | C15: Andoh Prince Yaw | D15: ED2-ME | E15: 240 | F15: Computer Based | G15: 264
A16: AERO 274 | B16: AEROSPACE DESIGN PROJECT II | C16: Andoh Prince Yaw | D16: ED2-AERO | E16: 75 | F16: Computer Based | G16: 82.5
A17: IE 274 | B17: SECOND YEAR DESIGN PROJECT | C17: Andoh Prince Yaw | D17: ED2-IND | E17: 80 | F17: Computer Based | G17: 88
A18: AME 274 | B18: AUTOMOTIVE DESIGN PROJECT | C18: Andoh Prince Yaw | D18: ED2-AUTO | E18: 82 | F18: Computer Based | G18: 90.2
A19: MME 274 | B19: MARINE ENGINEERING DESIGN PROJECT II | C19: Andoh Prince Yaw | D19: ED2-MARI | E19: 37 | F19: Computer Based | G19: 40.7
A20: PCE 450 | B20: PETROLEUM REFINING ENGINEERING | C20: Kwao-Boateng Emmanuela | D20: ED4-PCE | E20: 55 | F20: VSLA/303 | G20: 60.5 | H20: 35/20
A21: PCE 464 | B21: REFINING PROCESSES TECHNOLOGY | C21: Kwao-Boateng Emmanuela | D21: ED4-CHE | E21: 50 | F21: NEB-FF1 | G21: 55 | H21: 50
A22: ME 296 | B22: MECHANICAL ENGINEERING LAB. II | C22: Boahen Samuel | D22: ED2-AE | E22: 155 | F22: VSLA/303/RMA/RMB/206/304 | G22: 170.5 | H22: 40/30/22/22/22/20
A23: CHE 362 | B23: SILICATE TECHNOLOGY II | C23: Momade Zsuzsanna Gál | D23: ED3-CHE | E23: 15 | F23: RMA | G23: 16.5 | H23: 15
A24: EE 152 | B24: BASIC ELECTRONICS | C24: Kwegyir Daniel | D24: ED1-GEOM | E24: 103 | F24: BYOD2 | G24: 113.3 | H24: 103
A25: EE 152 | B25: BASIC ELECTRONICS | C25: Kwegyir Daniel | D25: ED1-GEOL | E25: 125 | F25: BYOD1 | G25: 137.5 | H25: 125
A26: CE 154 | B26: PROPERTIES OF CIVIL ENGINEERING MATERIAL | C26: Kankam Charles Kwame | D26: ED1-CE | E26: 245 | F26: PB001/PB014/PB020/PB201/PB214/PB008/PB208/PB212 | G26: 269.5 | H26: 35/35/35/35/35/25/25/20
A27: CE 256 | B27: FLUID MECHANICS | C27: Anornu Geophrey Kwame | D27: ED2-GEOL | E27: 150 | F27: NAF1/A110/EA/VCR/NEB-FF1 | G27: 165 | H27: 40/30/30/25/25
A28: CE 256 | B28: FLUID MECHANICS | C28: Anornu Geophrey Kwame | D28: ED2-CE | E28: 250 | F28: PB001/PB014/PB020/PB201/PB214/PB008/PB208/PB212 | G28: 275 | H28: 36/36/36/36/36/25/25/20
D29: Total M1-2 | E29: 1148
A31: Monday, 17 August 2026
A32: Session, 3 (3:00 PM - 5:00 PM)
A33: CODE | B33: COURSE NAME | C33: EXAMINER | D33: CLASS | E33: # STDS | F33: ROOM NO. | G33: TO PRT
A34: ME 374 | B34: MACHINE ELEMENTS DESIGN II | C34: Andoh Prince Yaw | D34: ED3-ME | E34: 222 | F34: Computer Based | G34: 244.2
A35: ME 464 | B35: INSTRUMENTATION | C35: Adam Faisal Wahib | D35: ED4-ME | E35: 135 | F35: VSLA/303/206/RMA/RMB | G35: 148.5 | H35: 40/30/22/22/21
A36: CE 376 | B36: QUANTITIES AND COST ESTIMATION IN CIVIL ENGINEERING | C36: Osei Jack Banahene | D36: ED3-CE | E36: 230 | F36: NEB-FF1/NEB-FF2/NEB-SF/NEB-TF | G36: 253 | H36: 50/30/75/75
A37: EE 362 | B37: SUBSTATIONS AND TRANSMISSION LINE DESIGN | C37: Antoh Emmanuel Kwaku | D37: ED3-EE | E37: 240 | F37: PB001/PB014/PB020/PB201/PB214/PB008/PB208 | G37: 264 | H37: 37/37/37/37/37/28/28
A38: AME 386 | B38: MANUAL POWER TRAIN | C38: Abu Frimpong Solomon | D38: ED3-AUTO | E38: 40 | F38: PB001/PB014 | G38: 44 | H38: 20/20
A39: MME 482 | B39: NAVAL ARCHITECTURE II | C39: Kudzedzi Emmanuel Yaw Mawuko | D39: ED4-MARI | E39: 23 | F39: PB020 | G39: 25.3 | H39: 23
A40: PE 360 | B40: WELL TESTING | C40: Adenutsi Caspar Daniel | D40: ED3-PE | E40: 80 | F40: NEB-TF/NEB-SF | G40: 88 | H40: 40/40
A41: GE 372 | B41: ANALYSIS OF ERRORS | C41: Collins Fosu | D41: ED3-GEOM | E41: 122 | F41: NAF1/A110/EA/VCR | G41: 134.2 | H41: 40/30/30/22
D42: Total M1-2 | E42: 1092
A44: Tuesday, 18 August 2026
A45: Session, 1 (8:30 AM - 10:30 AM)
A46: CODE | B46: COURSE NAME | C46: EXAMINER | D46: CLASS | E46: # STDS | F46: ROOM NO. | G46: TO PRT
A47: PHY 170 | B47: GENERAL PHYSICS | C47: Boateng Cyril Dziedzorm | D47: ED1-CHE | E47: 120 | F47: Computer Based | G47: 132
A48: PHY 170 | B48: GENERAL PHYSICS | C48: Abavare Eric Kwabena Kyeh | D48: ED1-PCE | E48: 56 | F48: Computer Based | G48: 61.6
A49: PHY 170 | B49: GENERAL PHYSICS | C49: Boateng Cyril Dziedzorm | D49: ED1-PE | E49: 130 | F49: Computer Based | G49: 143
A50: MME 292 | B50: SEAMANSHIP | C50: Larkai Francis Laako | D50: ED2-MARI | E50: 37 | F50: PB020 | G50: 40.7 | H50: 37
A51: MME 396 | B51: MARINE ENGINEERING LABORATORY III | C51: Tay Godwin Fabiola Kwaku | D51: ED3-MARI | E51: 40 | F51: NEB-FF1 | G51: 44 | H51: 40
A52: AE 358 | B52: RENEWABLE ENERGY SYSTEMS AND MANAGEMENT | C52: Kemausuor Francis | D52: ED3-AE | E52: 101 | F52: PB001/PB020/PB014 | G52: 111.1 | H52: 34/34/34
A53: ARC 156 | B53: INTRODUCTION TO LIGHTING AND ACOUSTICS | C53: Amos-Abanyie Samuel | D53: ED1-CE | E53: 55 | F53: NEB-SF | G53: 60.5 | H53: 55
A54: TE 156 | B54: INTRODUCTION TO COMMUNICATION NETWORKS | C54: Agyemang Justice Owusu | D54: ED1-TEL | E54: 130 | F54: BYOD1 | G54: 143 | H54: 130
A55: PCE 354 | B55: PETROCHEMICAL ENGINEERING LABORATORY II | C55: Bonsu Jude Kwaku | D55: ED3-PCE | E55: 53 | F55: BYOD2 | G55: 58.3 | H55: 53
A56: PE 254 | B56: DRAWING FOR ENGINEERS | C56: Jones Twumasi | D56: ED2-PE | E56: 95 | F56: PB201/PB214/PB008 | G56: 104.5 | H56: 33/32/30
A57: BME 372 | B57: BIOINSTRUMENTATION I | C57: Acquah Isaac | D57: ED3-BME | E57: 90 | F57: VSLA/303/RMA/RMB | G57: 99 | H57: 35/25/15/15
A58: AE 458 | B58: CROP LOSSES AND THEIR CONTROL | C58: Darko Joseph Ofei | D58: ED4-AE | E58: 103 | F58: NAF1/EA/A110 | G58: 113.3 | H58: 43/30/30
A59: CE 464 | B59: ENVIRONMENTAL QUALITY ENGINEERING II | C59: Appiah-Effah Eugene | D59: ED4-CE | E59: 115 | F59: VSLA/303/RMA/RMB | G59: 126.5 | H59: 42/30/22/21
A60: AERO 396 | B60: AEROSPACE ENGINEERING LAB II | C60: Oppong David Kofi | D60: ED3-AERO | E60: 76 | F60: NEB-FF1/NEB-FF2 | G60: 83.6 | H60: 50/26
D61: Total T1-1 | E61: 895
A63: Tuesday, 18 August 2026
A64: Session, 2 (12:00 PM - 2:00 PM)
A65: CODE | B65: COURSE NAME | C65: EXAMINER | D65: CLASS | E65: # STDS | F65: ROOM NO. | G65: TO PRT
A66: COE 254 | B66: OBJECT-ORIENTED PROGRAMMING | C66: Adjaidoo Theresa-Samuelle Maame Atwemaah | D66: ED2-COE | E66: 255 | F66: BYOD1 | G66: 280.5 | H66: 170/85
A67: COE 254 | B67: OBJECT-ORIENTED PROGRAMMING | C67: Adjaidoo Theresa-Samuelle Maame Atwemaah | D67: ED2-BME | E67: 80 | F67: BYOD2 | G67: 88 | H67: 80
A68: ME 168 | B68: COMPUTER PROGRAMMING FOR ENGINEERS | C68: Dzebre Denis Edem Kwame | D68: ED1-IND | E68: 83 | F68: VSLA/303/206 | G68: 91.3 | H68: 38/25/20
A69: ME 168 | B69: COMPUTER PROGRAMMING FOR ENGINEERS | C69: Dzebre Denis Edem Kwame | D69: ED1-MARI | E69: 46 | F69: PB008/PB208 | G69: 50.6 | H69: 23/23
A70: MSE 154 | B70: OPTICAL AND THERMAL BEHAVIOUR OF MATERIALS | C70: Nartey Martinson Addo | D70: ED1-METE | E70: 75 | F70: NEB-FF2/NEB-FF1 | G70: 82.5 | H70: 30/45
A71: MSE 154 | B71: OPTICAL AND THERMAL BEHAVIOUR OF MATERIALS | C71: Nartey Martinson Addo | D71: ED1-MSE | E71: 100 | F71: EA/A110/NAF1 | G71: 110 | H71: 30/30/40
A72: ME 482 | B72: MECHANICAL ENGINEERING MATERIALS III | C72: Sackey Samuel Mensah | D72: ED4-ME | E72: 55 | F72: VSLA/303 | G72: 60.5 | H72: 35/20
A73: TE 384 | B73: SWITCHING ENGINEERING IN COMMUNICATION | C73: Obour Agyekum Kwame Opuni-Boachie | D73: ED3-EE | E73: 10 | F73: EA | G73: 11 | H73: 10
A74: TE 356 | B74: SWITCHING ENGINEERING IN COMMUNICATION | C74: Agyekum Kwame Agyeman-Prempeh | D74: ED3-TEL | E74: 140 | F74: PB001/PB014/PB201/PB214 | G74: 154 | H74: 35/35/35/35
A75: AERO 452 | B75: AERODYNAMICS II | C75: Bofah Kwasi Kete | D75: ED4-AERO | E75: 61 | F75: PB214/PB020 | G75: 67.1 | H75: 31/30
A76: METE 256 | B76: ASSAYING | C76: Koomson Bennetta | D76: ED2-METE | E76: 57 | F76: NAF1/A110 | G76: 62.7 | H76: 35/22
A77: IE 368 | B77: OPERATIONS RESEARCH II | C77: Asiedu Charlotte | D77: ED3-IND | E77: 70 | F77: PB001/PB014 | G77: 77 | H77: 35/35
A78: CHE 368 | B78: FOOD PROCESSING TECHNOLOGY | C78: Anang Daniel Adjah | D78: ED3-CHE | E78: 50 | F78: PB208/PB008 | G78: 55 | H78: 25/25
A79: IE 452 | B79: AUTOMATION AND PRODUCTION SYSTEM | C79: Sackey Samuel Mensah | D79: ED4-IND | E79: 69 | F79: PB020/PB201 | G79: 75.9 | H79: 35/34
D80: Total T1-2 | E80: 1151
A81: Tuesday, 18 August 2026
A82: Session, 3 (3:00 PM - 5:00 PM)
A83: CODE | B83: COURSE NAME | C83: EXAMINER | D83: CLASS | E83: # STDS | F83: ROOM NO. | G83: TO PRT
A84: BME 166 | B84: BIOCHEMISTRY | C84: Charles Apprey | D84: ED1-BME | E84: 136 | F84: PB001/PB020/PB201/PB214 | G84: 149.6 | H84: 34/34/34/34
A85: MSE 458 | B85: PROCESS DYNAMICS AND CONTROL | C85: Adjaottor Albert Amatey | D85: ED4-MSE | E85: 60 | F85: NEB-SF | G85: 66 | H85: 60
A86: MSE 458 | B86: PROCESS DYNANICS AND CONTROL | C86: Adjaottor Albert Amatey | D86: ED4-METE | E86: 55 | F86: VSLA/304 | G86: 60.5 | H86: 40/15
A87: EE 188 | B87: ELECTRICAL MEASUREMENTS & INSTRUMENTATION | C87: Nicholas Kwesi Prah II | D87: ED1-EE | E87: 295 | F87: PB001/PB014/PB020/PB201/PB214/PB008/PB208/PB212/NEB-TF | G87: 324.5 | H87: 36/36/36/36/36/30/30/25/30
A88: GE 286 | B88: PRINCIPLES OF SURVEYING | C88: Akwasi Afrifa Acheampong | D88: ED2-AE | E88: 155 | F88: VSLA/303/206/RMA/RMB/304 | G88: 170.5 | H88: 40/30/22/22/22/20
A89: PE 466 | B89: FUNDAMENTALS OF PETROLEUM LAW | C89: Amoah Enoch Kwabena | D89: ED4-PE | E89: 99 | F89: NAF1/EA/A110 | G89: 108.9 | H89: 40/30/30
A90: MSE 254 | B90: INTRODUCTION TO CERAMICS | C90: Andrews Anthony | D90: ED2-MSE | E90: 83 | F90: NAF1/A110/EA | G90: 91.3 | H90: 36/24/23
A91: MSE 364 | B91: MATERIALS CHARACTERIZATION LABORATORY | C91: Arthur Emmanuel Kwesi | D91: ED3-MSE | E91: 85 | F91: PB014/PB008/PB208 | G91: 93.5 | H91: 35/25/25
A92: METE 358 | B92: METALLURGICAL CHARACTERIZATION LABORATORY | C92: Arthur Emmanuel Kwesi | D92: ED3-METE | E92: 87 | F92: 303/RMA/RMA/206 | G92: 95.7 | H92: 25/21/21/20
A93: EE 468 | B93: POWER SYSTEMS PROTECTION | C93: Frimpong Emmanuel Asuming | D93: ED4-EE | E93: 205 | F93: NEB-TF/NEB-SF/NEB-FF1 | G93: 225.5 | H93: 78/77/50
D94: Total T1-3 | E94: 1124
A95: Wednesday, 19 August 2026
A96: Session, 1 (8:30 AM - 10:30 AM)
A97: CODE | B97: COURSE NAME | C97: EXAMINER | D97: CLASS | E97: # STDS | F97: ROOM NO. | G97: TO PRT
A98: PL 252 | B98: PLANNING THE PHYSICAL ENVIRONMENT | C98: Aboagye Prince Anokye | D98: ED3-GEOM | E98: 122 | F98: NAF1/EA/A110/VCR | G98: 134.2 | H98: 40/30/30/22
A99: ME 264 | B99: MECHANISMS SYNTHESIS AND ANALYSIS I | C99: Ampofo Joshua | D99: ED2-ME | E99: 240 | F99: PB001/PB014/PB020/PB201/PB214/PB008/PB208/PB212 | G99: 264 | H99: 34/34/34/34/34/25/25/20
A100: ME 264 | B100: MECHANISMS SYNTHESIS AND ANALYSIS I | C100: Ampofo Joshua | D100: ED2-AERO | E100: 75 | F100: NEB-TF | G100: 82.5 | H100: 75
A101: ME 264 | B101: MECHANISMS SYNTHESIS AND ANALYSIS I | C101: Ampofo Joshua | D101: ED2-IND | E101: 80 | F101: VSLA/303/206 | G101: 88 | H101: 35/25/20
A102: ME 264 | B102: MECHANISMS SYNTHESIS AND ANALYSIS I | C102: Ampofo Joshua | D102: ED2-AUTO | E102: 82 | F102: NEB-SF/NEB-FF1 | G102: 90.2 | H102: 52/30
A103: MME 264 | B103: MARINE MECHANISMS, SYSTHESIS AND ANALYSIS | C103: Ampofo Joshua | D103: ED2-MARI | E103: 37 | F103: NAF1 | G103: 40.7 | H103: 37
A104: GED 352 | B104: PRINCIPLES OF GEOLCHEMISTRY | C104: Gawu Simon Kafui Yawo | D104: ED3-GEOL | E104: 154 | F104: VSLA/303/206/RMA/RMB/304 | G104: 169.4 | H104: 40/30/22/22/22/20
...
