Workbook
Name CLASS: #REF!
Name CLASS: TT!$D$233:$D$501
Name CODE: #REF!
Name CODE: #REF!
Name CODE: #REF!
Name COURSE_NAME: #REF!
Name COURSE_NAME: #REF!
Name COURSE_NAME: #REF!
Name EA: #REF!
Name ED3_PCE: TT!$D$299:$D$312
Name ED3_TEL: TT!$D$270:$D$277
Name ED4_IND: TT!$D$270:$D$277
Name EXAMINER: #REF!
Name EXAMINER: #REF!
Name EXAMINER: #REF!
Name hy: #REF!
Name po: #REF!
Name room_no: #REF!
Name ROOM_NO.: #REF!
Name ROOM_NO.: #REF!
Name ROOM_NO.: #REF!
Name STDS: #REF!
Name STDS: #REF!
Name STDS: #REF!
Name TO_PRT: #REF!
Name TO_PRT: #REF!
Name TO_PRT: #REF!
Name Total_F1: '[1]TT (Working)'!$D$668:$D$683
Name Total_F1: [2]TT!$D$540:$D$555
Name Total_F1: TT!$D$562:$D$686
Name Total_F1_1: '[3]TT (Values)'!$D$176:$D$194
Name Total_F1_1: '[3]TT (Values)'!$D$176:$D$194
Name Total_F1_1: [4]TT!$D$206:$D$219
Name Total_F1_1: [4]TT!$D$206:$D$219
Name Total_F1_2: [4]TT!$D$225:$D$227
Name Total_F1_2: [4]TT!$D$225:$D$227
Name Total_F1_3: [4]TT!$D$245:$D$261
Name Total_F1_3: [4]TT!$D$245:$D$261
Name Total_F2: '[1]TT (Working)'!$D$690:$D$712
Name Total_F2: [2]TT!$D$561:$D$580
Name Total_F2: TT!$D$581:$D$609
Name Total_F2_1: '[3]TT (Values)'!$D$450:$D$473
Name Total_F2_1: '[3]TT (Values)'!$D$450:$D$473
Name Total_F2_1: [4]TT!$D$503:$D$520
Name Total_F2_1: [4]TT!$D$503:$D$520
Name Total_F2_2: '[3]TT (Values)'!$D$479:$D$483
Name Total_F2_2: '[3]TT (Values)'!$D$479:$D$483
Name Total_F2_2: [4]TT!$D$526:$D$536
Name Total_F2_2: [4]TT!$D$526:$D$536
Name Total_F2_3: '[3]TT (Values)'!$D$489:$D$496
Name Total_F2_3: '[3]TT (Values)'!$D$489:$D$496
Name Total_F2_3: [4]TT!$D$542:$D$559
Name Total_F2_3: [4]TT!$D$542:$D$559
Name Total_F3: '[1]TT (Working)'!$D$718:$D$731
Name Total_F3: [2]TT!$D$586:$D$597
Name Total_F3: TT!$D$615:$D$625
Name Total_F3_1: '[3]TT (Values)'!$D$740:$D$753
Name Total_F3_1: '[3]TT (Values)'!$D$740:$D$753
Name Total_F3_1: [4]TT!$D$801:$D$817
Name Total_F3_1: [4]TT!$D$801:$D$817

Sheet TT
A1: Monday, 7 July 2025 | I1: =CONCATENATE(A1,",",B1,",",E1) -> Monday, 7 July 2025,,
A2: =[2]SESSIONS!$K$1 -> Session, 1 (8:15 AM - 9:15 AM) | I2: =CONCATENATE(A2,",",B2,",",E2) -> Session, 1 (8:15 AM - 9:15 AM),,
A3: CODE | B3: COURSE NAME | C3: EXAMINER | D3: CLASS | E3: # STDS | G3: TO PRT | I3: =CONCATENATE(A3,",",B3,",",E3) -> CODE ,COURSE NAME ,# STDS
A4: ENGL 158 | B4: =IFERROR(VLOOKUP($I4,'[5]Combined Data'!$D$1:$H$534,2,FALSE),0) -> Communication Skills II | C4: {=VLOOKUP(I4:I25,'Combined Data'!A1:E547,3,FALSE)} -> Yeboah Philomena Ama Okyeso | D4: ED1-AERO | E4: {=VLOOKUP(I4:I25,combined_data!A1:D549,4,FALSE)} -> 75 | F4: Computer Based | G4: =E4*1.1 -> 82.5 | I4: =CONCATENATE(A4,",",D4) -> ENGL 158,ED1-AERO
A5: ENGL 158 | B5: =IFERROR(VLOOKUP($I5,'[5]Combined Data'!$D$1:$H$534,2,FALSE),0) -> Communication Skills II | C5: Yeboah Philomena Ama Okyeso | D5: ED1-AE | E5: 157 | G5: =E5*1.1 -> 172.7 | I5: =CONCATENATE(A5,",",D5) -> ENGL 158,ED1-AE
A6: ENGL 158 | B6: =IFERROR(VLOOKUP($I6,'[5]Combined Data'!$D$1:$H$534,2,FALSE),0) -> Communication Skills II | C6: Z. Osei | D6: ED1-BME | E6: 86 | G6: =E6*1.1 -> 94.6 | I6: =CONCATENATE(A6,",",D6) -> ENGL 158,ED1-BME
A7: ENGL 158 | B7: =IFERROR(VLOOKUP($I7,'[5]Combined Data'!$D$1:$H$534,2,FALSE),0) -> Communication Skills II | C7: Yeboah Philomena Ama Okyeso | D7: ED1-CHE | E7: 155 | G7: =E7*1.1 -> 170.5 | I7: =CONCATENATE(A7,",",D7) -> ENGL 158,ED1-CHE
A8: ENGL 158 | B8: =IFERROR(VLOOKUP($I8,'[5]Combined Data'!$D$1:$H$534,2,FALSE),0) -> Communication Skills II | C8: B. Ampong | D8: ED1-COE | E8: 255 | G8: =E8*1.1 -> 280.5 | I8: =CONCATENATE(A8,",",D8) -> ENGL 158,ED1-COE
A9: ENGL 158 | B9: =IFERROR(VLOOKUP($I9,'[5]Combined Data'!$D$1:$H$534,2,FALSE),0) -> Communication Skills II | C9: Yeboah Philomena Ama Okyeso | D9: ED1-IND | E9: 88 | G9: =E9*1.1 -> 96.8 | I9: =CONCATENATE(A9,",",D9) -> ENGL 158,ED1-IND
A10: ME 282 | B10: =IFERROR(VLOOKUP($I10,'[5]Combined Data'!$D$1:$H$534,2,FALSE),0) -> Mechanical Engineering Materials II | C10: Arthur Emmanuel Kwesi | D10: ED2-AE | E10: 111 | F10: NAF1/EA/A110/ECR | G10: =E10*1.1 -> 122.1 | H10: 40/25/25/25 | I10: =CONCATENATE(A10,",",D10) -> ME 282,ED2-AE
A11: PE 264 | B11: =IFERROR(VLOOKUP($I11,'[5]Combined Data'!$D$1:$H$534,2,FALSE),0) -> Principles of Land Surveying and Hydrographic Science | C11: Asante Cosmas Yaw | D11: ED2-PETE | E11: 82 | F11: VSLA/303/LT | G11: =E11*1.1 -> 90.2 | H11: 40/25/20 | I11: =CONCATENATE(A11,",",D11) -> PE 264,ED2-PETE
A12: CE 262 | B12: =IFERROR(VLOOKUP($I12,'[5]Combined Data'!$D$1:$H$534,2,FALSE),0) -> Soil and Rocks Mechanics Laboratory | C12: Dzikunu-Bansah Nancy Anataba Kyorku | D12: ED2-CE | E12: 227 | F12: PB001/PB020/PB014/PB008/PB201/PB214 | G12: =E12*1.1 -> 249.7 | H12: 40/40/40/30/40/40 | I12: =CONCATENATE(A12,",",D12) -> CE 262,ED2-CE
A13: CE 462 | B13: =IFERROR(VLOOKUP($I13,'[5]Combined Data'!$D$1:$H$534,2,FALSE),0) -> Construction Management | C13: Obeng Daniel Atuah | D13: ED4-CE | E13: 255 | F13: PB001/PB020/PB014/PB008/PB201/PB214/PB212 | G13: =E13*1.1 -> 280.5 | H13: 40/40/40/30/40/40/25 | I13: =CONCATENATE(A13,",",D13) -> CE 462,ED4-CE
A14: AERO 452 | B14: =IFERROR(VLOOKUP($I14,'[5]Combined Data'!$D$1:$H$534,2,FALSE),0) -> Aerodynamics II | C14: Bofah Kwasi Kete | D14: ED4-AERO | E14: 75 | F14: NEB-FF1/NEB-FF2 | G14: =E14*1.1 -> 82.5 | H14: 50/25 | I14: =CONCATENATE(A14,",",D14) -> AERO 452,ED4-AERO
A15: AME 368 | B15: =IFERROR(VLOOKUP($I15,'[5]Combined Data'!$D$1:$H$534,2,FALSE),0) -> Automotive Spark-Ignition Engines | C15: Abu Frimpong Solomon | D15: ED3-AUTO | E15: 32 | F15: RMA/RMB | G15: =E15*1.1 -> 35.2 | H15: 16/16 | I15: =CONCATENATE(A15,",",D15) -> AME 368,ED3-AUTO
A16: BME 374 | B16: =IFERROR(VLOOKUP($I16,'[5]Combined Data'!$D$1:$H$534,2,FALSE),0) -> Biomedical Optics | C16: Kotei Addison Eric Clement | D16: ED3-BME | E16: 85 | F16: VSLA/303/LT | G16: =E16*1.1 -> 93.5 | H16: 40/25/20 | I16: =CONCATENATE(A16,",",D16) -> BME 374,ED3-BME
A17: COE 372 | B17: =IFERROR(VLOOKUP($I17,'[5]Combined Data'!$D$1:$H$534,2,FALSE),0) -> Digital Systems Design II | C17: Boateng Kwame Osei | D17: ED3-COE | E17: 170 | F17: NEB-TF/NEB-SF/NEB-FF2 | G17: =E17*1.1 -> 187 | H17: 75/75/20 | I17: =CONCATENATE(A17,",",D17) -> COE 372,ED3-COE
A18: COE 382 | B18: =IFERROR(VLOOKUP($I18,'[5]Combined Data'!$D$1:$H$534,2,FALSE),0) -> Digital Computer Design | C18: Boateng Kwame Osei | D18: ED3-EE | E18: 29 | F18: N1 | G18: =E18*1.1 -> 31.9 | H18: 29 | I18: =CONCATENATE(A18,",",D18) -> COE 382,ED3-EE
A19: CHE 464 | B19: =IFERROR(VLOOKUP($I19,'[5]Combined Data'!$D$1:$H$534,2,FALSE),0) -> Adsorption Separation Process Technology | C19: Ohemeng-Boahen Godfred | D19: ED4-PCE | E19: 50 | F19: NEB-FF1 | G19: =E19*1.1 -> 55 | H19: 50 | I19: =CONCATENATE(A19,",",D19) -> CHE 464,ED4-PCE
A20: ME 478 | B20: =IFERROR(VLOOKUP($I20,'[5]Combined Data'!$D$1:$H$534,2,FALSE),0) -> Production Engineering II | C20: Obeng George Yaw | D20: ED4-ME | E20: 53 | F20: PB208/PB212 | G20: =E20*1.1 -> 58.3 | H20: 30/25 | I20: =CONCATENATE(A20,",",D20) -> ME 478,ED4-ME
A21: COE 486 | B21: =IFERROR(VLOOKUP($I21,'[5]Combined Data'!$D$1:$H$534,2,FALSE),0) -> Introduction to VLSI | C21: Agbemenu Andrew Selasi | D21: ED4-EE | E21: 7 | F21: N1 | G21: =E21*1.1 -> 7.7 | H21: 7 | I21: =CONCATENATE(A21,",",D21) -> COE 486,ED4-EE
A22: COE 486 | B22: =IFERROR(VLOOKUP($I22,'[5]Combined Data'!$D$1:$H$534,2,FALSE),0) -> Introduction to VLSI | C22: Agbemenu Andrew Selasi | D22: ED4-COE | E22: 14 | F22: PB208 | G22: =E22*1.1 -> 15.4 | H22: 10 | I22: =CONCATENATE(A22,",",D22) -> COE 486,ED4-COE
A23: GE 272 | B23: =IFERROR(VLOOKUP($I23,'[5]Combined Data'!$D$1:$H$534,2,FALSE),0) -> Engineering Survey II | C23: Arko-Adjei Anthony | D23: ED2-GEOM | E23: 122 | F23: NAF1/EA/A110/ECR | G23: =E23*1.1 -> 134.2 | H23: 40/30/30/25 | I23: =CONCATENATE(A23,",",D23) -> GE 272,ED2-GEOM
A24: CHE 470 | B24: =IFERROR(VLOOKUP($I24,'[5]Combined Data'!$D$1:$H$534,2,FALSE),0) -> Pharmaceutical Technology | C24: Johnson Raphael | D24: ED4-CHE | E24: 71 | F24: RMA/RMB/206/N2 | G24: =E24*1.1 -> 78.1 | H24: 20/20/15/15 | I24: =CONCATENATE(A24,",",D24) -> CHE 470,ED4-CHE
A25: TE 374 | B25: COMPUTER NETWORKING | C25: K. A.-B. Opare | D25: ED3-TEL | E25: 142 | F25: NEB-TF/NEB-SF | G25: =E25*1.1 -> 156.2 | H25: 72/70 | I25: =CONCATENATE(A25,",",D25) -> TE 374,ED3-TEL
D27: Total M1 | E27: =SUM(E10:E25) -> 1525 | I27: =CONCATENATE(A27,",",D27) -> ,Total M1
I28: =CONCATENATE(A28,",",D28) -> ,
I29: =CONCATENATE(A29,",",D29) -> ,
A30: Monday, 7 July 2025 | I30: =CONCATENATE(A30,",",D30) -> Monday, 7 July 2025,
A31: =[2]SESSIONS!$K$2 -> Session, 2 (10:00 AM - 11:00 AM) | I31: =CONCATENATE(A31,",",D31) -> Session, 2 (10:00 AM - 11:00 AM),
A32: CODE | B32: COURSE NAME | C32: EXAMINER | D32: CLASS | E32: # STDS | F32: ROOM NO. | G32: TO PRT | I32: =CONCATENATE(A32,",",D32) -> CODE ,CLASS
A33: ENGL 158 | B33: =IFERROR(VLOOKUP($I33,'[5]Combined Data'!$D$1:$H$534,2,FALSE),0) -> Communication Skills II | C33: {=VLOOKUP(I33:I50,'Combined Data'!A1:E547,3,FALSE)} -> P.G. Asamoah | D33: ED1-CE | E33: {=VLOOKUP(I33:I50,combined_data!A1:D549,4,FALSE)} -> 260 | F33: Computer Based | G33: =E33*1.1 -> 286 | I33: =CONCATENATE(A33,",",D33) -> ENGL 158,ED1-CE
A34: ENGL 158 | B34: =IFERROR(VLOOKUP($I34,'[5]Combined Data'!$D$1:$H$534,2,FALSE),0) -> Communication Skills II | C34: Yeboah Philomena Ama Okyeso | D34: ED1-EE | E34: 378 | G34: =E34*1.1 -> 415.8 | I34: =CONCATENATE(A34,",",D34) -> ENGL 158,ED1-EE
A35: ENGL 158 | B35: =IFERROR(VLOOKUP($I35,'[5]Combined Data'!$D$1:$H$534,2,FALSE),0) -> Communication Skills II | C35: Sarfo-Adu Kwasi | D35: ED1-AUTO | E35: 78 | G35: =E35*1.1 -> 85.8 | I35: =CONCATENATE(A35,",",D35) -> ENGL 158,ED1-AUTO
A36: ENGL 158 | B36: =IFERROR(VLOOKUP($I36,'[5]Combined Data'!$D$1:$H$534,2,FALSE),0) -> Communication Skills II | C36: Yeboah Philomena Ama Okyeso | D36: ED1-GEOL | E36: 156 | G36: =E36*1.1 -> 171.6 | I36: =CONCATENATE(A36,",",D36) -> ENGL 158,ED1-GEOL
A37: ENGL 158 | B37: =IFERROR(VLOOKUP($I37,'[5]Combined Data'!$D$1:$H$534,2,FALSE),0) -> Communication Skills II | C37: Yeboah Philomena Ama Okyeso | D37: ED1-PCE | E37: 59 | G37: =E37*1.1 -> 64.9 | I37: =CONCATENATE(A37,",",D37) -> ENGL 158,ED1-PCE
A38: AERO 374 | B38: =IFERROR(VLOOKUP($I38,'[5]Combined Data'!$D$1:$H$534,2,FALSE),0) -> Aircraft Performance and Design | C38: Agyei Agyemang Anthony | D38: ED3-AERO | E38: 63 | F38: LT/RMA/RMB | G38: =E38*1.1 -> 69.3 | H38: 23/20/20 | I38: =CONCATENATE(A38,",",D38) -> AERO 374,ED3-AERO
A39: GED 368 | B39: =IFERROR(VLOOKUP($I39,'[5]Combined Data'!$D$1:$H$534,2,FALSE),0) -> GIS Applications | C39: Appiah-Adjei Emmanuel Kwame | D39: ED3-GEOL | E39: 105 | F39: VSLA/303/304/LT | G39: =E39*1.1 -> 115.5 | H39: 40/25/20/20 | I39: =CONCATENATE(A39,",",D39) -> GED 368,ED3-GEOL
A40: METE 252 | B40: =IFERROR(VLOOKUP($I40,'[5]Combined Data'!$D$1:$H$534,2,FALSE),0) -> Metallurgical Rate Processes/Surface Phenomena | C40: Gikunoo Emmanuel | D40: ED2-METE | E40: 86 | F40: VSLA/N1/N2 | G40: =E40*1.1 -> 94.6 | H40: 40/25/21 | I40: =CONCATENATE(A40,",",D40) -> METE 252,ED2-METE
A41: GED 476 | B41: =IFERROR(VLOOKUP($I41,'[5]Combined Data'!$D$1:$H$534,2,FALSE),0) -> Groundwater Development | C41: Ali Bukari | D41: ED4-GEOL | E41: 142 | F41: PB001/PB020/PB014/PB008 | G41: =E41*1.1 -> 156.2 | H41: 39/39/39/25 | I41: =CONCATENATE(A41,",",D41) -> GED 476,ED4-GEOL
A42: BME 462 | B42: =IFERROR(VLOOKUP($I42,'[5]Combined Data'!$D$1:$H$534,2,FALSE),0) -> Biomechanics II | C42: Odame Prince | D42: ED4-BME | E42: 62 | F42: RMA/RMB/206 | G42: =E42*1.1 -> 68.2 | H42: 20/20/22 | I42: =CONCATENATE(A42,",",D42) -> BME 462,ED4-BME
A43: TE 258 | B43: =IFERROR(VLOOKUP($I43,'[5]Combined Data'!$D$1:$H$534,2,FALSE),0) -> Microprocessors | C43: Agyemang Justice Owusu | D43: ED2-TEL | E43: 147 | F43: NEB-TF | G43: =E43*1.1 -> 161.7 | H43: 147 | I43: =CONCATENATE(A43,",",D43) -> TE 258,ED2-TEL
A44: CHE 258 | B44: =IFERROR(VLOOKUP($I44,'[5]Combined Data'!$D$1:$H$534,2,FALSE),0) -> Drawing for Engineers | C44: Darkwah Lawrence | D44: ED2-CHE | E44: 119 | F44: NAF1/EA/A110/ECR | G44: =E44*1.1 -> 130.9 | H44: 42/26/28/23 | I44: =CONCATENATE(A44,",",D44) -> CHE 258,ED2-CHE
A45: CHE 258 | B45: =IFERROR(VLOOKUP($I45,'[5]Combined Data'!$D$1:$H$534,2,FALSE),0) -> Drawing for Engineers | C45: Darkwah Lawrence | D45: ED2-PCE | E45: 59 | F45: 303/304/206 | G45: =E45*1.1 -> 64.9 | H45: 25/15/19 | I45: =CONCATENATE(A45,",",D45) -> CHE 258,ED2-PCE
A46: ME 258 | B46: =IFERROR(VLOOKUP($I46,'[5]Combined Data'!$D$1:$H$534,2,FALSE),0) -> Computer-Aided Design and Modelling | C46: Sackey Michael Nii | D46: ED2-AERO | E46: 76 | F46: PB201/PB214/PB212 | G46: =E46*1.1 -> 83.6 | H46: 30/30/16 | I46: =CONCATENATE(A46,",",D46) -> ME 258,ED2-AERO
A47: AE 358 | B47: =IFERROR(VLOOKUP($I47,'[5]Combined Data'!$D$1:$H$534,2,FALSE),0) -> Renewable Energy Systems and Management | C47: Kemausuor Francis | D47: ED3-AE | E47: 108 | F47: NAF1/EA/A110/ECR | G47: =E47*1.1 -> 118.8 | H47: 40/25/25/20 | I47: =CONCATENATE(A47,",",D47) -> AE 358,ED3-AE
A48: GED 252 | B48: =IFERROR(VLOOKUP($I48,'[5]Combined Data'!$D$1:$H$534,2,FALSE),0) -> Stratigraphy | C48: Amedjoe Godfrey Chiri | D48: ED2-GEOL | E48: 156 | F48: NEB-SF/NEB-FF1/NEB-FF2 | G48: =E48*1.1 -> 171.6 | H48: 78/53/25 | I48: =CONCATENATE(A48,",",D48) -> GED 252,ED2-GEOL
A49: TE 474 | B49: Microwave Engineering | C49: Abdul-Rahman Ahmed | D49: ED4-TEL | E49: 141 | F49: PB001/PB020/PB014/PB008 | G49: =E49*1.1 -> 155.1 | H49: 39/39/39/24 | I49: =CONCATENATE(A49,",",D49) -> TE 474,ED4-TEL
A50: PE 472 | B50: =IFERROR(VLOOKUP($I50,'[5]Combined Data'!$D$1:$H$534,2,FALSE),0) -> Natural Gas Engineering II | C50: Sarkodie Kwame | D50: ED4-PETE | E50: 158 | F50: NEB-SF/NEB-FF1/NEB-FF2 | G50: =E50*1.1 -> 173.8 | H50: 78/53/27 | I50: =CONCATENATE(A50,",",D50) -> PE 472,ED4-PETE
D51: Total M2 | E51: =SUM(E38:E50) -> 1422 | I51: =CONCATENATE(A51,",",D51) -> ,Total M2
I52: =CONCATENATE(A52,",",D52) -> ,
I53: =CONCATENATE(A53,",",D53) -> ,
A54: Monday, 7 July 2025 | I54: =CONCATENATE(A54,",",D54) -> Monday, 7 July 2025,
A55: =[2]SESSIONS!$K$3 -> Session, 3 (11:45 AM - 12:45 PM) | I55: =CONCATENATE(A55,",",D55) -> Session, 3 (11:45 AM - 12:45 PM),
A56: CODE | B56: COURSE NAME | C56: EXAMINER | D56: CLASS | E56: # STDS | F56: ROOM NO. | G56: TO PRT | I56: =CONCATENATE(A56,",",D56) -> CODE ,CLASS
A57: ENGL 158 | B57: =IFERROR(VLOOKUP($I57,'[5]Combined Data'!$D$1:$H$534,2,FALSE),0) -> Communication Skills II | C57: {=VLOOKUP(I57:I75,'Combined Data'!A1:E547,3,FALSE)} -> Yeboah Philomena Ama Okyeso | D57: ED1-GEOM | E57: {=VLOOKUP(I57:I75,combined_data!A1:D549,4,FALSE)} -> 139 | F57: Computer Based | G57: =E57*1.1 -> 152.9 | I57: =CONCATENATE(A57,",",D57) -> ENGL 158,ED1-GEOM
A58: ENGL 158 | B58: =IFERROR(VLOOKUP($I58,'[5]Combined Data'!$D$1:$H$534,2,FALSE),0) -> Communication Skills II | C58: Yeboah Philomena Ama Okyeso | D58: ED1-MARI | E58: 37 | G58: =E58*1.1 -> 40.7 | I58: =CONCATENATE(A58,",",D58) -> ENGL 158,ED1-MARI
A59: ENGL 158 | B59: =IFERROR(VLOOKUP($I59,'[5]Combined Data'!$D$1:$H$534,2,FALSE),0) -> Communication Skills II | C59: Alhassan Yakubu | D59: ED1-METE | E59: 61 | G59: =E59*1.1 -> 67.1 | I59: =CONCATENATE(A59,",",D59) -> ENGL 158,ED1-METE
A60: ENGL 158 | B60: =IFERROR(VLOOKUP($I60,'[5]Combined Data'!$D$1:$H$534,2,FALSE),0) -> Communication Skills II | C60: Alhassan Yakubu | D60: ED1-MSE | E60: 84 | G60: =E60*1.1 -> 92.4 | I60: =CONCATENATE(A60,",",D60) -> ENGL 158,ED1-MSE
A61: ENGL 158 | B61: =IFERROR(VLOOKUP($I61,'[5]Combined Data'!$D$1:$H$534,2,FALSE),0) -> Communication Skills II | C61: Yeboah Philomena Ama Okyeso | D61: ED1-ME | E61: 244 | G61: =E61*1.1 -> 268.4 | I61: =CONCATENATE(A61,",",D61) -> ENGL 158,ED1-ME
A62: ENGL 158 | B62: =IFERROR(VLOOKUP($I62,'[5]Combined Data'!$D$1:$H$534,2,FALSE),0) -> Communication Skills II | C62: Alhassan Yakubu | D62: ED1-PETE | E62: 97 | G62: =E62*1.1 -> 106.7 | I62: =CONCATENATE(A62,",",D62) -> ENGL 158,ED1-PETE
A63: ENGL 158 | B63: =IFERROR(VLOOKUP($I63,'[5]Combined Data'!$D$1:$H$534,2,FALSE),0) -> Communication Skills II | C63: Alhassan Yakubu | D63: ED1-TEL | E63: 180 | G63: =E63*1.1 -> 198 | I63: =CONCATENATE(A63,",",D63) -> ENGL 158,ED1-TEL
A64: GE 472 | B64: =IFERROR(VLOOKUP($I64,'[5]Combined Data'!$D$1:$H$534,2,FALSE),0) -> Land Law and Registration | C64: Arko-Adjei Anthony | D64: ED4-GEOM | E64: 107 | F64: NEB-SF/NEB-FF2 | G64: =E64*1.1 -> 117.7 | H64: 79/28 | I64: =CONCATENATE(A64,",",D64) -> GE 472,ED4-GEOM
A65: IE 366 | B65: =IFERROR(VLOOKUP($I65,'[5]Combined Data'!$D$1:$H$534,2,FALSE),0) -> Advanced Manufacturing Technology I | C65: Takyi Gabriel | D65: ED3-IND | E65: 69 | F65: LT/RMA/RMB | G65: =E65*1.1 -> 75.9 | H65: 23/23/23 | I65: =CONCATENATE(A65,",",D65) -> IE 366,ED3-IND
A66: MSE 258 | B66: =IFERROR(VLOOKUP($I66,'[5]Combined Data'!$D$1:$H$534,2,FALSE),0) -> Physical Metallurgy of Non-Ferrous Metals | C66: Arthur Emmanuel Kwesi | D66: ED2-MSE | E66: 89 | F66: LT/RMA/RMB/206 | G66: =E66*1.1 -> 97.9 | H66: 23/22/22/22 | I66: =CONCATENATE(A66,",",D66) -> MSE 258,ED2-MSE
A67: METE 354 | B67: =IFERROR(VLOOKUP($I67,'[5]Combined Data'!$D$1:$H$534,2,FALSE),0) -> Physical Metallurgy of Non-Ferrous Metals | C67: Emmanuel Kwesi Arthur | D67: ED3-METE | E67: 55 | F67: NEB-FF1 | G67: =E67*1.1 -> 60.5 | H67: 55 | I67: =CONCATENATE(A67,",",D67) -> METE 354,ED3-METE
A68: CE 352 | B68: =IFERROR(VLOOKUP($I68,'[5]Combined Data'!$D$1:$H$534,2,FALSE),0) -> Steel and Timber Design | C68: M. Adom-Asamoah | D68: ED3-CE | E68: 254 | F68: PB001/PB020/PB014/PB008/PB201/PB214/PB212 | G68: =E68*1.1 -> 279.4 | H68: 40/40/40/30/40/40/25 | I68: =CONCATENATE(A68,",",D68) -> CE 352,ED3-CE
A69: BME 166 | B69: Biochemistry | C69: Charles Apprey | D69: ED1-BME | E69: 86 | F69: VSLA/303/304 | G69: =E69*1.1 -> 94.6 | H69: 40/25/21 | I69: =CONCATENATE(A69,",",D69) -> BME 166,ED1-BME
A70: GED 370 | B70: =IFERROR(VLOOKUP($I70,'[5]Combined Data'!$D$1:$H$534,2,FALSE),0) -> Foundation Engineering | C70: Amenuvor Andrew Cudzo | D70: ED3-GEOL | E70: 105 | F70: NAF1/EA/A110/ECR | G70: =E70*1.1 -> 115.5 | H70: 40/24/23/20 | I70: =CONCATENATE(A70,",",D70) -> GED 370,ED3-GEOL
A71: MME 356 | B71: =IFERROR(VLOOKUP($I71,'[5]Combined Data'!$D$1:$H$534,2,FALSE),0) -> Strength of Marine Materials II | C71: Tay Godwin Fabiola Kwaku | D71: ED3-MARI | E71: 23 | F71: PB208 | G71: =E71*1.1 -> 25.3 | H71: 23 | I71: =CONCATENATE(A71,",",D71) -> MME 356,ED3-MARI
A72: ME 356 | B72: =IFERROR(VLOOKUP($I72,'[5]Combined Data'!$D$1:$H$534,2,FALSE),0) -> Strength of Materials II | C72: Tay Godwin Fabiola Kwaku | D72: ED3-ME | E72: 147 | F72: NEB-SF/NEB-FF1/NEB-FF2 | G72: =E72*1.1 -> 161.7 | H72: 75/50/25 | I72: =CONCATENATE(A72,",",D72) -> ME 356,ED3-ME
A73: COE 254 | B73: Object-Oriented Programming | C73: Adjaidoo Theresa-Samuelle Maame Atwemaah | D73: ED2-BME | E73: 94 | F73: VSLA/303/304/206 | G73: =E73*1.1 -> 103.4 | H73: 35/25/20/20 | I73: =CONCATENATE(A73,",",D73) -> COE 254,ED2-BME
A74: COE 254 | B74: =IFERROR(VLOOKUP($I74,'[5]Combined Data'!$D$1:$H$534,2,FALSE),0) -> Object-Oriented Programming | C74: Adjaidoo Theresa-Samuelle Maame Atwemaah | D74: ED2-COE | E74: 277 | F74: PB001/PB020/PB014/PB008/PB201/PB214/PB208/PB212 | G74: =E74*1.1 -> 304.7 | H74: 40/40/40/30/40/40/25/22 | I74: =CONCATENATE(A74,",",D74) -> COE 254,ED2-COE
A75: PE 352 | B75: =IFERROR(VLOOKUP($I75,'[5]Combined Data'!$D$1:$H$534,2,FALSE),0) -> Petroleum Geology | C75: Borkloe Julius Kwame | D75: ED3-PETE | E75: 103 | F75: NAF1/EA/A110/ECR | G75: =E75*1.1 -> 113.3 | H75: 37/24/23/20 | I75: =CONCATENATE(A75,",",D75) -> PE 352,ED3-PETE
D76: Total M3 | E76: =SUM(E64:E75) -> 1409 | I76: =CONCATENATE(A76,",",D76) -> ,Total M3
I77: =CONCATENATE(A77,",",D77) -> ,
I78: =CONCATENATE(A78,",",D78) -> ,
A79: Monday, 7 July 2025 | I79: =CONCATENATE(A79,",",D79) -> Monday, 7 July 2025,
A80: =[2]SESSIONS!$K$4 -> Session, 4 (1:30 PM - 2:30 PM) | I80: =CONCATENATE(A80,",",D80) -> Session, 4 (1:30 PM - 2:30 PM),
A81: CODE | B81: COURSE NAME | C81: EXAMINER | D81: CLASS | E81: # STDS | F81: ROOM NO. | G81: TO PRT | I81: =CONCATENATE(A81,",",D81) -> CODE ,CLASS
A82: ME 496 | B82: =IFERROR(VLOOKUP($I82,'[5]Combined Data'!$D$1:$H$534,2,FALSE),0) -> Human Factors and Ergonomics | C82: {=VLOOKUP(I82:I95,'Combined Data'!A1:E547,3,FALSE)} -> Sackey Samuel Mensah | D82: ED4-AERO | E82: {=VLOOKUP(I82:I95,combined_data!A1:D549,4,FALSE)} -> 14 | F82: VCR | G82: =E82*1.1 -> 15.4 | H82: 14 | I82: =CONCATENATE(A82,",",D82) -> ME 496,ED4-AERO
A83: ME 496 | B83: =IFERROR(VLOOKUP($I83,'[5]Combined Data'!$D$1:$H$534,2,FALSE),0) -> Human Factors and Ergonomics | C83: Sackey Samuel Mensah | D83: ED4-ME | E83: 4 | F83: RMA | G83: =E83*1.1 -> 4.4 | H83: 4 | I83: =CONCATENATE(A83,",",D83) -> ME 496,ED4-ME
A84: IE 458 | B84: =IFERROR(VLOOKUP($I84,'[5]Combined Data'!$D$1:$H$534,2,FALSE),0) -> Human Factors and Ergonomics | C84: Sackey Samuel Mensah | D84: ED4-IND | E84: 121 | F84: NAF1/EA/A110/ECR | G84: =E84*1.1 -> 133.1 | H84: 43/28/28/23 | I84: =CONCATENATE(A84,",",D84) -> IE 458,ED4-IND
A85: CE 260 | B85: =IFERROR(VLOOKUP($I85,'[5]Combined Data'!$D$1:$H$534,2,FALSE),0) -> Soil and Rock Mechanics | C85: Charkley Frederick Nai | D85: ED2-CE | E85: 227 | F85: PB001/PB020/PB014/PB008/PB201/PB214 | G85: =E85*1.1 -> 249.7 | H85: 40/39/40/30/40/38 | I85: =CONCATENATE(A85,",",D85) -> CE 260,ED2-CE
A86: CE 260 | B86: =IFERROR(VLOOKUP($I86,'[5]Combined Data'!$D$1:$H$534,2,FALSE),0) -> Soil and Rock Mechanics | C86: Owusu-Nimo Frederick | D86: ED2-GEOM | E86: 122 | F86: VSLA/303/304/206/LT | G86: =E86*1.1 -> 134.2 | H86: 35/25/25/20/20 | I86: =CONCATENATE(A86,",",D86) -> CE 260,ED2-GEOM
A87: MSE 352 | B87: =IFERROR(VLOOKUP($I87,'[5]Combined Data'!$D$1:$H$534,2,FALSE),0) -> Glass and Cement Technologies | C87: Andrews Anthony | D87: ED3-MSE | E87: 65 | F87: LT/RMA/RMB | G87: =E87*1.1 -> 71.5 | H87: 22/22/21 | I87: =CONCATENATE(A87,",",D87) -> MSE 352,ED3-MSE
A88: AME 496 | B88: =IFERROR(VLOOKUP($I88,'[5]Combined Data'!$D$1:$H$534,2,FALSE),0) -> Vehicle Maintenance and Regulation | C88: Abu Frimpong Solomon | D88: ED4-AUTO | E88: 78 | F88: NEB-FF1/NEB-FF2 | G88: =E88*1.1 -> 85.8 | H88: 50/28 | I88: =CONCATENATE(A88,",",D88) -> AME 496,ED4-AUTO
A89: CHE 156 | B89: =IFERROR(VLOOKUP($I89,'[5]Combined Data'!$D$1:$H$534,2,FALSE),0) -> Physical Chemistry for Engineers | C89: Afotey Benjamin | D89: ED1-CHE | E89: 155 | F89: NEB-TF/NEB-SF | G89: =E89*1.1 -> 170.5 | H89: 80/75 | I89: =CONCATENATE(A89,",",D89) -> CHE 156,ED1-CHE
A90: AE 196 | B90: =IFERROR(VLOOKUP($I90,'[5]Combined Data'!$D$1:$H$534,2,FALSE),0) -> Engineering Workshop Practice | C90: Asante Eric Amoah | D90: ED1-AE | E90: 157 | F90: NEB-SF/NEB-TF | G90: =E90*1.1 -> 172.7 | H90: 80/77 | I90: =CONCATENATE(A90,",",D90) -> AE 196,ED1-AE
A91: BME 364 | B91: =IFERROR(VLOOKUP($I91,'[5]Combined Data'!$D$1:$H$534,2,FALSE),0) -> Medical Imaging I | C91: Kotei Addison Eric Clement | D91: ED3-BME | E91: 85 | F91: VSLA/303/304/206 | G91: =E91*1.1 -> 93.5 | H91: 30/20/20/20 | I91: =CONCATENATE(A91,",",D91) -> BME 364,ED3-BME
A92: CHE 466 | B92: =IFERROR(VLOOKUP($I92,'[5]Combined Data'!$D$1:$H$534,2,FALSE),0) -> Pulp and Paper Technology | C92: Rockson Mizpah Ama Dziedzorm | D92: ED4-CHE | E92: 50 | F92: NEB-FF1 | G92: =E92*1.1 -> 55 | H92: 50 | I92: =CONCATENATE(A92,",",D92) -> CHE 466,ED4-CHE
A93: AME 384 | B93: Microprocessors and Mechatronics Applications | C93: Sackey Samuel Mensah | D93: ED3-AUTO | E93: 26 | F93: NEB-FF2 | G93: =E93*1.1 -> 28.6 | H93: 26 | I93: =CONCATENATE(A93,",",D93) -> AME 384,ED3-AUTO
A94: AE 482 | B94: =IFERROR(VLOOKUP($I94,'[5]Combined Data'!$D$1:$H$534,2,FALSE),0) -> Farm Machinery Design | C94: Aveyire Joseph | D94: ED4-AE | E94: 125 | F94: NAF1/EA/A110/ECR/VCR | G94: =E94*1.1 -> 137.5 | H94: 35/26/26/20/18 | I94: =CONCATENATE(A94,",",D94) -> AE 482,ED4-AE
A95: CE 452 | B95: Computer Applications in Civil Engineering | C95: E. Amponsah | D95: ED4-CE | E95: 254 | F95: PB001/PB020/PB014/PB008/PB201/PB214/PB212 | G95: =E95*1.1 -> 279.4 | H95: 40/40/40/30/40/40/25 | I95: =CONCATENATE(A95,",",D95) -> CE 452,ED4-CE
D97: Total M4 | E97: =SUM(E82:E95) -> 1483 | I97: =CONCATENATE(A97,",",D97) -> ,Total M4
I98: =CONCATENATE(A98,",",D98) -> ,
I99: =CONCATENATE(A99,",",D99) -> ,
A100: Monday, 7 July 2025 | I100: =CONCATENATE(A100,",",D100) -> Monday, 7 July 2025,
A101: =[2]SESSIONS!$K$5 -> Session, 5 (3:15 PM - 4:15 PM) | I101: =CONCATENATE(A101,",",D101) -> Session, 5 (3:15 PM - 4:15 PM),
A102: CODE | B102: COURSE NAME | C102: EXAMINER | D102: CLASS | E102: # STDS | F102: ROOM NO. | G102: TO PRT | I102: =CONCATENATE(A102,",",D102) -> CODE ,CLASS
...

Sheet Sheet1
A1: Monday, 7 July 2025
A2: Session, 1 (8:15 AM - 9:15 AM)
A3: CODE | B3: COURSE NAME | C3: EXAMINER | D3: CLASS | E3: # STDS | G3: TO PRT
A4: ENGL 158 | B4: Communication Skills II | C4: Yeboah Philomena Ama Okyeso | D4: ED1-AERO | E4: 75 | F4: Computer Based | G4: 82.5
A5: ENGL 158 | B5: Communication Skills II | C5: Yeboah Philomena Ama Okyeso | D5: ED1-AE | E5: 157 | F5: Computer Based | G5: 172.7
A6: ENGL 158 | B6: Communication Skills II | C6: Z. Osei | D6: ED1-BME | E6: 86 | F6: Computer Based | G6: 94.6
A7: ENGL 158 | B7: Communication Skills II | C7: Yeboah Philomena Ama Okyeso | D7: ED1-CHE | E7: 155 | F7: Computer Based | G7: 170.5
A8: ENGL 158 | B8: Communication Skills II | C8: B. Ampong | D8: ED1-COE | E8: 255 | F8: Computer Based | G8: 280.5
A9: ENGL 158 | B9: Communication Skills II | C9: Yeboah Philomena Ama Okyeso | D9: ED1-IND | E9: 88 | F9: Computer Based | G9: 96.8
A10: ME 282 | B10: Mechanical Engineering Materials II | C10: Arthur Emmanuel Kwesi | D10: ED2-AE | E10: 111 | F10: NAF1/EA/A110/ECR | G10: 122.1 | H10: 40/25/25/25
A11: PE 264 | B11: Principles of Land Surveying and Hydrographic Science | C11: Asante Cosmas Yaw | D11: ED2-PETE | E11: 82 | F11: VSLA/303/LT | G11: 90.2 | H11: 40/25/20
A12: CE 262 | B12: Soil and Rocks Mechanics Laboratory | C12: Dzikunu-Bansah Nancy Anataba Kyorku | D12: ED2-CE | E12: 227 | F12: PB001/PB020/PB014/PB008/PB201/PB214 | G12: 249.7 | H12: 40/40/40/30/40/40
A13: CE 462 | B13: Construction Management | C13: Obeng Daniel Atuah | D13: ED4-CE | E13: 255 | F13: PB001/PB020/PB014/PB008/PB201/PB214/PB212 | G13: 280.5 | H13: 40/40/40/30/40/40/25
A14: AERO 452 | B14: Aerodynamics II | C14: Bofah Kwasi Kete | D14: ED4-AERO | E14: 75 | F14: NEB-FF1/NEB-FF2 | G14: 82.5 | H14: 50/25
A15: AME 368 | B15: Automotive Spark-Ignition Engines | C15: Abu Frimpong Solomon | D15: ED3-AUTO | E15: 32 | F15: RMA/RMB | G15: 35.2 | H15: 16/16
A16: BME 374 | B16: Biomedical Optics | C16: Kotei Addison Eric Clement | D16: ED3-BME | E16: 85 | F16: VSLA/303/LT | G16: 93.5 | H16: 40/25/20
A17: COE 372 | B17: Digital Systems Design II | C17: Boateng Kwame Osei | D17: ED3-COE | E17: 170 | F17: NEB-TF/NEB-SF/NEB-FF2 | G17: 187 | H17: 75/75/20
A18: COE 382 | B18: Digital Computer Design | C18: Boateng Kwame Osei | D18: ED3-EE | E18: 29 | F18: N1 | G18: 31.9 | H18: 29
A19: CHE 464 | B19: Adsorption Separation Process Technology | C19: Ohemeng-Boahen Godfred | D19: ED4-PCE | E19: 50 | F19: NEB-FF1 | G19: 55 | H19: 50
A20: ME 478 | B20: Production Engineering II | C20: Obeng George Yaw | D20: ED4-ME | E20: 53 | F20: PB208/PB212 | G20: 58.3 | H20: 30/25
A21: COE 486 | B21: Introduction to VLSI | C21: Agbemenu Andrew Selasi | D21: ED4-EE | E21: 7 | F21: N1 | G21: 7.7 | H21: 7
A22: COE 486 | B22: Introduction to VLSI | C22: Agbemenu Andrew Selasi | D22: ED4-COE | E22: 14 | F22: PB208 | G22: 15.4 | H22: 10
A23: GE 272 | B23: Engineering Survey II | C23: Arko-Adjei Anthony | D23: ED2-GEOM | E23: 122 | F23: NAF1/EA/A110/ECR | G23: 134.2 | H23: 40/30/30/25
A24: CHE 470 | B24: Pharmaceutical Technology | C24: Johnson Raphael | D24: ED4-CHE | E24: 71 | F24: RMA/RMB/206/N2 | G24: 78.1 | H24: 20/20/15/15
A25: TE 374 | B25: COMPUTER NETWORKING | C25: K. A.-B. Opare | D25: ED3-TEL | E25: 142 | F25: NEB-TF/NEB-SF | G25: 156.2 | H25: 72/70
D27: Total M1 | E27: 1525
A30: Monday, 7 July 2025
A31: Session, 2 (10:00 AM - 11:00 AM)
A32: CODE | B32: COURSE NAME | C32: EXAMINER | D32: CLASS | E32: # STDS | F32: ROOM NO. | G32: TO PRT
A33: ENGL 158 | B33: Communication Skills II | C33: P.G. Asamoah | D33: ED1-CE | E33: 260 | F33: Computer Based | G33: 286
A34: ENGL 158 | B34: Communication Skills II | C34: Yeboah Philomena Ama Okyeso | D34: ED1-EE | E34: 378 | F34: Computer Based | G34: 415.8
A35: ENGL 158 | B35: Communication Skills II | C35: Sarfo-Adu Kwasi | D35: ED1-AUTO | E35: 78 | F35: Computer Based | G35: 85.8
A36: ENGL 158 | B36: Communication Skills II | C36: Yeboah Philomena Ama Okyeso | D36: ED1-GEOL | E36: 156 | F36: Computer Based | G36: 171.6
A37: ENGL 158 | B37: Communication Skills II | C37: Yeboah Philomena Ama Okyeso | D37: ED1-PCE | E37: 59 | F37: Computer Based | G37: 64.9
A38: AERO 374 | B38: Aircraft Performance and Design | C38: Agyei Agyemang Anthony | D38: ED3-AERO | E38: 63 | F38: LT/RMA/RMB | G38: 69.3 | H38: 23/20/20
A39: GED 368 | B39: GIS Applications | C39: Appiah-Adjei Emmanuel Kwame | D39: ED3-GEOL | E39: 105 | F39: VSLA/303/304/LT | G39: 115.5 | H39: 40/25/20/20
A40: METE 252 | B40: Metallurgical Rate Processes/Surface Phenomena | C40: Gikunoo Emmanuel | D40: ED2-METE | E40: 86 | F40: VSLA/N1/N2 | G40: 94.6 | H40: 40/25/21
A41: GED 476 | B41: Groundwater Development | C41: Ali Bukari | D41: ED4-GEOL | E41: 142 | F41: PB001/PB020/PB014/PB008 | G41: 156.2 | H41: 39/39/39/25
A42: BME 462 | B42: Biomechanics II | C42: Odame Prince | D42: ED4-BME | E42: 62 | F42: RMA/RMB/206 | G42: 68.2 | H42: 20/20/22
A43: TE 258 | B43: Microprocessors | C43: Agyemang Justice Owusu | D43: ED2-TEL | E43: 147 | F43: NEB-TF | G43: 161.7 | H43: 147
A44: CHE 258 | B44: Drawing for Engineers | C44: Darkwah Lawrence | D44: ED2-CHE | E44: 119 | F44: NAF1/EA/A110/ECR | G44: 130.9 | H44: 42/26/28/23
A45: CHE 258 | B45: Drawing for Engineers | C45: Darkwah Lawrence | D45: ED2-PCE | E45: 59 | F45: 303/304/206 | G45: 64.9 | H45: 25/15/19
A46: ME 258 | B46: Computer-Aided Design and Modelling | C46: Sackey Michael Nii | D46: ED2-AERO | E46: 76 | F46: PB201/PB214/PB212 | G46: 83.6 | H46: 30/30/16
A47: AE 358 | B47: Renewable Energy Systems and Management | C47: Kemausuor Francis | D47: ED3-AE | E47: 108 | F47: NAF1/EA/A110/ECR | G47: 118.8 | H47: 40/25/25/20
A48: GED 252 | B48: Stratigraphy | C48: Amedjoe Godfrey Chiri | D48: ED2-GEOL | E48: 156 | F48: NEB-SF/NEB-FF1/NEB-FF2 | G48: 171.6 | H48: 78/53/25
A49: TE 474 | B49: Microwave Engineering | C49: Abdul-Rahman Ahmed | D49: ED4-TEL | E49: 141 | F49: PB001/PB020/PB014/PB008 | G49: 155.1 | H49: 39/39/39/24
A50: PE 472 | B50: Natural Gas Engineering II | C50: Sarkodie Kwame | D50: ED4-PETE | E50: 158 | F50: NEB-SF/NEB-FF1/NEB-FF2 | G50: 173.8 | H50: 78/53/27
D51: Total M2 | E51: 1422
A54: Monday, 7 July 2025
A55: Session, 3 (11:45 AM - 12:45 PM)
A56: CODE | B56: COURSE NAME | C56: EXAMINER | D56: CLASS | E56: # STDS | F56: ROOM NO. | G56: TO PRT
A57: ENGL 158 | B57: Communication Skills II | C57: Yeboah Philomena Ama Okyeso | D57: ED1-GEOM | E57: 139 | F57: Computer Based | G57: 152.9
A58: ENGL 158 | B58: Communication Skills II | C58: Yeboah Philomena Ama Okyeso | D58: ED1-MARI | E58: 37 | F58: Computer Based | G58: 40.7
A59: ENGL 158 | B59: Communication Skills II | C59: Alhassan Yakubu | D59: ED1-METE | E59: 61 | F59: Computer Based | G59: 67.1
A60: ENGL 158 | B60: Communication Skills II | C60: Alhassan Yakubu | D60: ED1-MSE | E60: 84 | F60: Computer Based | G60: 92.4
A61: ENGL 158 | B61: Communication Skills II | C61: Yeboah Philomena Ama Okyeso | D61: ED1-ME | E61: 244 | F61: Computer Based | G61: 268.4
A62: ENGL 158 | B62: Communication Skills II | C62: Alhassan Yakubu | D62: ED1-PETE | E62: 97 | F62: Computer Based | G62: 106.7
A63: ENGL 158 | B63: Communication Skills II | C63: Alhassan Yakubu | D63: ED1-TEL | E63: 180 | F63: Computer Based | G63: 198
A64: GE 472 | B64: Land Law and Registration | C64: Arko-Adjei Anthony | D64: ED4-GEOM | E64: 107 | F64: NEB-SF/NEB-FF2 | G64: 117.7 | H64: 79/28
A65: IE 366 | B65: Advanced Manufacturing Technology I | C65: Takyi Gabriel | D65: ED3-IND | E65: 69 | F65: LT/RMA/RMB | G65: 75.9 | H65: 23/23/23
A66: MSE 258 | B66: Physical Metallurgy of Non-Ferrous Metals | C66: Arthur Emmanuel Kwesi | D66: ED2-MSE | E66: 89 | F66: LT/RMA/RMB/206 | G66: 97.9 | H66: 23/22/22/22
A67: METE 354 | B67: Physical Metallurgy of Non-Ferrous Metals | C67: Emmanuel Kwesi Arthur | D67: ED3-METE | E67: 55 | F67: NEB-FF1 | G67: 60.5 | H67: 55
A68: CE 352 | B68: Steel and Timber Design | C68: M. Adom-Asamoah | D68: ED3-CE | E68: 254 | F68: PB001/PB020/PB014/PB008/PB201/PB214/PB212 | G68: 279.4 | H68: 40/40/40/30/40/40/25
A69: BME 166 | B69: Biochemistry | C69: Charles Apprey | D69: ED1-BME | E69: 86 | F69: VSLA/303/304 | G69: 94.6 | H69: 40/25/21
A70: GED 370 | B70: Foundation Engineering | C70: Amenuvor Andrew Cudzo | D70: ED3-GEOL | E70: 105 | F70: NAF1/EA/A110/ECR | G70: 115.5 | H70: 40/24/23/20
A71: MME 356 | B71: Strength of Marine Materials II | C71: Tay Godwin Fabiola Kwaku | D71: ED3-MARI | E71: 23 | F71: PB208 | G71: 25.3 | H71: 23
A72: ME 356 | B72: Strength of Materials II | C72: Tay Godwin Fabiola Kwaku | D72: ED3-ME | E72: 147 | F72: NEB-SF/NEB-FF1/NEB-FF2 | G72: 161.7 | H72: 75/50/25
A73: COE 254 | B73: Object-Oriented Programming | C73: Adjaidoo Theresa-Samuelle Maame Atwemaah | D73: ED2-BME | E73: 94 | F73: VSLA/303/304/206 | G73: 103.4 | H73: 35/25/20/20
A74: COE 254 | B74: Object-Oriented Programming | C74: Adjaidoo Theresa-Samuelle Maame Atwemaah | D74: ED2-COE | E74: 277 | F74: PB001/PB020/PB014/PB008/PB201/PB214/PB208/PB212 | G74: 304.7 | H74: 40/40/40/30/40/40/25/22
A75: PE 352 | B75: Petroleum Geology | C75: Borkloe Julius Kwame | D75: ED3-PETE | E75: 103 | F75: NAF1/EA/A110/ECR | G75: 113.3 | H75: 37/24/23/20
D76: Total M3 | E76: 1409
A79: Monday, 7 July 2025
A80: Session, 4 (1:30 PM - 2:30 PM)
A81: CODE | B81: COURSE NAME | C81: EXAMINER | D81: CLASS | E81: # STDS | F81: ROOM NO. | G81: TO PRT
A82: ME 496 | B82: Human Factors and Ergonomics | C82: Sackey Samuel Mensah | D82: ED4-AERO | E82: 14 | F82: VCR | G82: 15.4 | H82: 14
A83: ME 496 | B83: Human Factors and Ergonomics | C83: Sackey Samuel Mensah | D83: ED4-ME | E83: 4 | F83: RMA | G83: 4.4 | H83: 4
A84: IE 458 | B84: Human Factors and Ergonomics | C84: Sackey Samuel Mensah | D84: ED4-IND | E84: 121 | F84: NAF1/EA/A110/ECR | G84: 133.1 | H84: 43/28/28/23
A85: CE 260 | B85: Soil and Rock Mechanics | C85: Charkley Frederick Nai | D85: ED2-CE | E85: 227 | F85: PB001/PB020/PB014/PB008/PB201/PB214 | G85: 249.7 | H85: 40/39/40/30/40/38
A86: CE 260 | B86: Soil and Rock Mechanics | C86: Owusu-Nimo Frederick | D86: ED2-GEOM | E86: 122 | F86: VSLA/303/304/206/LT | G86: 134.2 | H86: 35/25/25/20/20
A87: MSE 352 | B87: Glass and Cement Technologies | C87: Andrews Anthony | D87: ED3-MSE | E87: 65 | F87: LT/RMA/RMB | G87: 71.5 | H87: 22/22/21
A88: AME 496 | B88: Vehicle Maintenance and Regulation | C88: Abu Frimpong Solomon | D88: ED4-AUTO | E88: 78 | F88: NEB-FF1/NEB-FF2 | G88: 85.8 | H88: 50/28
A89: CHE 156 | B89: Physical Chemistry for Engineers | C89: Afotey Benjamin | D89: ED1-CHE | E89: 155 | F89: NEB-TF/NEB-SF | G89: 170.5 | H89: 80/75
A90: AE 196 | B90: Engineering Workshop Practice | C90: Asante Eric Amoah | D90: ED1-AE | E90: 157 | F90: NEB-SF/NEB-TF | G90: 172.7 | H90: 80/77
A91: BME 364 | B91: Medical Imaging I | C91: Kotei Addison Eric Clement | D91: ED3-BME | E91: 85 | F91: VSLA/303/304/206 | G91: 93.5 | H91: 30/20/20/20
A92: CHE 466 | B92: Pulp and Paper Technology | C92: Rockson Mizpah Ama Dziedzorm | D92: ED4-CHE | E92: 50 | F92: NEB-FF1 | G92: 55 | H92: 50
A93: AME 384 | B93: Microprocessors and Mechatronics Applications | C93: Sackey Samuel Mensah | D93: ED3-AUTO | E93: 26 | F93: NEB-FF2 | G93: 28.6 | H93: 26
A94: AE 482 | B94: Farm Machinery Design | C94: Aveyire Joseph | D94: ED4-AE | E94: 125 | F94: NAF1/EA/A110/ECR/VCR | G94: 137.5 | H94: 35/26/26/20/18
A95: CE 452 | B95: Computer Applications in Civil Engineering | C95: E. Amponsah | D95: ED4-CE | E95: 254 | F95: PB001/PB020/PB014/PB008/PB201/PB214/PB212 | G95: 279.4 | H95: 40/40/40/30/40/40/25
D97: Total M4 | E97: 1483
A100: Monday, 7 July 2025
A101: Session, 5 (3:15 PM - 4:15 PM)
A102: CODE | B102: COURSE NAME | C102: EXAMINER | D102: CLASS | E102: # STDS | F102: ROOM NO. | G102: TO PRT
A103: GED 262 | B103: Introduction to Soil Mechanics | C103: Amenuvor Andrew Cudzo | D103: ED2-GEOL | E103: 156 | F103: VSLA/303/304/206/LT/RMA/RMB | G103: 171.6 | H103: 40/25/20/20/20/20/10
A104: EE 468 | B104: Power Systems Protection | C104: Frimpong Emmanuel Asuming | D104: ED4-EE | E104: 200 | F104: NEB-TF/NEB-SF/NEB-FF1 | G104: 220 | H104: 75/75/50
A105: GED 164 | B105: Computer Applications | C105: A. K. Kwaw | D105: ED1-GEOL | E105: 156 | F105: NEB-TF/NEB-SF | G105: 171.6 | H105: 79/77
A106: PE 262 | B106: Computer Programming In Oil and Gas | C106: Sokama-Neuyam Yen Adams | D106: ED2-PETE | E106: 82 | F106: NEB-FF1/NEB-FF2 | G106: 90.2 | H106: 52/30
A107: CE 154 | B107: Properties of Civil Engineering Material | C107: Sossou Gnida | D107: ED1-CE | E107: 260 | F107: PB001/PB020/PB014/PB008/PB201/PB214/PB212/PB208 | G107: 286 | H107: 40/40/40/25/35/35/20/25
A108: GE 286 | B108: Principles of Surveying | C108: A. Acheampong | D108: ED2-AE | E108: 111 | F108: VSLA/303/304/206/LT | G108: 122.1 | H108: 40/25/20/20/10
A109: COE 458 | B109: Robotics and Computer Vision | C109: J. Okae | D109: ED4-COE | E109: 211 | F109: PB001/PB020/PB014/PB008/PB201/PB214/PB212 | G109: 232.1 | H109: 35/35/35/25/35/35/20
A110: CHE 350 | B110: Materials Science | C110: Asiedu Nana Yaw | D110: ED3-CHE | E110: 114 | F110: NAF1/EA/A110/ECR | G110: 125.4 | H110: 40/27/27/20
...

Sheet TALLY
B1: M | I1: T | P1: W | W1: H | AD1: F
B2: =[2]FREQ!$B2/1900 -> 0.74736842 | C2: =[2]FREQ!$B3/1900 -> 0.83526316 | D2: =[2]FREQ!$B4/1900 -> 0.82578947 | E2: =[2]FREQ!$B5/1900 -> 0.58789474 | F2: =[2]FREQ!$B6/1900 -> 0.88947368 | G2: =[2]FREQ!$B7/1900 -> 0.76473684 | H2: =[2]FREQ!$B8/1900 -> 0.74 | I2: =[2]FREQ!$B10/1900 -> 0.87526316 | J2: =[2]FREQ!$B11/1900 -> 0.92789474 | K2: =[2]FREQ!$B12/1900 -> 0.90526316 | L2: =[2]FREQ!$B13/1900 -> 0.94526316 | M2: =[2]FREQ!$B14/1900 -> 0.93894737 | N2: =[2]FREQ!$B15/1900 -> 0.89736842 | O2: =[2]FREQ!$B16/1900 -> 0.86684211 | P2: =[2]FREQ!$B18/1900 -> 0.84210526 | Q2: =[2]FREQ!$B19/1900 -> 1.0115789 | R2: =[2]FREQ!$B20/1900 -> 0.90368421 | S2: =[2]FREQ!$B21/1900 -> 0.74631579 | T2: =[2]FREQ!$B22/1900 -> 0.96736842 | U2: =[2]FREQ!$B23/1900 -> 0.90578947 | V2: =[2]FREQ!$B24/1900 -> 0.96631579 | W2: =[2]FREQ!$B26/1900 -> 0.87789474 | X2: =[2]FREQ!$B27/1900 -> 0.88736842 | Y2: =[2]FREQ!$B28/1900 -> 0.87631579 | Z2: =[2]FREQ!$B29/1900 -> 0.95368421 | AA2: =[2]FREQ!$B30/1900 -> 0.95368421 | AB2: =[2]FREQ!$B30/1900 -> 0.95368421 | AC2: =[2]FREQ!$B30/1900 -> 0.95368421 | AD2: =[2]FREQ!$B34/1900 -> 0.93315789 | AE2: =[2]FREQ!$B35/1900 -> 0.80684211 | AF2: =[2]FREQ!$B36/1900 -> 0.80263158 | AG2: =[2]FREQ!$B37/1900 -> 0.83473684 | AH2: =[2]FREQ!$B38/1900 -> 0.80526316 | AI2: =[2]FREQ!$B39/1900 -> 0.83578947 | AJ2: =[2]FREQ!$B40/1900 -> 0
B3: S1 | C3: S2 | D3: S3 | E3: S4 | F3: S5 | G3: S6 | H3: S7 | I3: S1 | J3: S2 | K3: S3 | L3: S4 | M3: S5 | N3: S6 | O3: S7 | P3: S1 | Q3: S2 | R3: S3 | S3: S4 | T3: S5 | U3: S6 | V3: S7 | W3: S1 | X3: S2 | Y3: S3 | Z3: S4 | AA3: S5 | AB3: S6 | AC3: S7 | AD3: S1 | AE3: S2 | AF3: S3 | AG3: S4 | AH3: S5 | AI3: S6 | AJ3: S7 | AL3: M | AM3: T | AN3: W | AO3: H | AP3: F
A4: ED1-AE | B4: =COUNTIF(TT!$D$4:$D$25,TALLY!A4) -> 1 | C4: =COUNTIF(TT!$D$33:$D$50,TALLY!A4) -> 0 | D4: =COUNTIF(TT!$D$57:$D$75,TALLY!A4) -> 0 | E4: =COUNTIF(TT!$D$82:$D$95,TALLY!A4) -> 1 | F4: =COUNTIF(TT!$D$103:$D$112,TALLY!A4) -> 0 | G4: =COUNTIF(TT!$D$120:$D$130,TALLY!A4) -> 0 | H4: =COUNTIF(TT!$D$138:$D$153,TALLY!A4) -> 0 | I4: =COUNTIF(TT!$D$160:$D$170,TALLY!A4) -> 0 | J4: =COUNTIF(TT!$D$177:$D$187,TALLY!A4) -> 1 | K4: =COUNTIF(TT!$D$194:$D$206,TALLY!A4) -> 0 | L4: =COUNTIF(TT!$D$215:$D$226,TALLY!A4) -> 1 | M4: =COUNTIF(TT!$D$234:$D$243,TALLY!A4) -> 0 | N4: =COUNTIF(TT!$D$250:$D$262,TALLY!A4) -> 0 | O4: =COUNTIF(TT!$D$270:$D$277,TALLY!A4) -> 0 | P4: =COUNTIF(TT!$D$284:$D$293,TALLY!A4) -> 0 | Q4: =COUNTIF(TT!$D$300:$D$313,TALLY!A4) -> 1 | R4: =COUNTIF(TT!$D$320:$D$333,TALLY!A4) -> 0 | S4: =COUNTIF(TT!$D$342:$D$352,TALLY!A4) -> 0 | T4: =COUNTIF(TT!$D$359:$D$376,TALLY!A4) -> 0 | U4: =COUNTIF(TT!$D$383:$D$398,TALLY!A4) -> 0 | V4: =COUNTIF(TT!$D$405:$D$424,TALLY!A4) -> 1 | W4: =COUNTIF(TT!$D$432:$D$442,TALLY!A4) -> 0 | X4: =COUNTIF(TT!$D$449:$D$460,TALLY!A4) -> 0 | Y4: =COUNTIF(TT!$D$467:$D$476,TALLY!A4) -> 1 | Z4: =COUNTIF(TT!$D$483:$D$500,TALLY!A4) -> 0 | AA4: =COUNTIF(TT!$D$507:$D$522,TALLY!A4) -> 0 | AB4: =COUNTIF(TT!$D$529:$D$540,TALLY!A4) -> 0 | AC4: =COUNTIF(TT!$D$546:$D$555,TALLY!A4) -> 0 | AD4: =COUNTIF(TT!$D$563:$D$573,TALLY!A4) -> 0 | AE4: =COUNTIF(TT!$D$582:$D$609,TALLY!A4) -> 1 | AF4: =COUNTIF(TT!$D$615:$D$625,TALLY!A4) -> 0 | AG4: =COUNTIF(TT!$D$635:$D$648,TALLY!A4) -> 0 | AH4: =COUNTIF(TT!$D$655:$D$668,TALLY!A4) -> 0 | AI4: =COUNTIF(TT!$D$675:$D$687,TALLY!A4) -> 0 | AK4: ED1-AE | AL4: =SUM($B4:$H4) -> 2 | AM4: =SUM(I4:O4) -> 2 | AN4: =SUM(P4:V4) -> 2 | AO4: =SUM(W4:AA4) -> 1 | AP4: =SUM(AD4:AJ4) -> 1 | AQ4: =SUM(AL4:AP4) -> 8
A5: ED1-AERO | B5: =COUNTIF(TT!$D$4:$D$25,TALLY!A5) -> 1 | C5: =COUNTIF(TT!$D$33:$D$50,TALLY!A5) -> 0 | D5: =COUNTIF(TT!$D$57:$D$75,TALLY!A5) -> 0 | E5: =COUNTIF(TT!$D$82:$D$95,TALLY!A5) -> 0 | F5: =COUNTIF(TT!$D$103:$D$112,TALLY!A5) -> 0 | G5: =COUNTIF(TT!$D$120:$D$130,TALLY!A5) -> 0 | H5: =COUNTIF(TT!$D$138:$D$153,TALLY!A5) -> 0 | I5: =COUNTIF(TT!$D$160:$D$170,TALLY!A5) -> 0 | J5: =COUNTIF(TT!$D$177:$D$187,TALLY!A5) -> 1 | K5: =COUNTIF(TT!$D$194:$D$206,TALLY!A5) -> 0 | L5: =COUNTIF(TT!$D$215:$D$226,TALLY!A5) -> 1 | M5: =COUNTIF(TT!$D$234:$D$243,TALLY!A5) -> 0 | N5: =COUNTIF(TT!$D$250:$D$262,TALLY!A5) -> 0 | O5: =COUNTIF(TT!$D$270:$D$277,TALLY!A5) -> 0 | P5: =COUNTIF(TT!$D$284:$D$293,TALLY!A5) -> 0 | Q5: =COUNTIF(TT!$D$300:$D$313,TALLY!A5) -> 0 | R5: =COUNTIF(TT!$D$320:$D$333,TALLY!A5) -> 0 | S5: =COUNTIF(TT!$D$342:$D$352,TALLY!A5) -> 1 | T5: =COUNTIF(TT!$D$359:$D$376,TALLY!A5) -> 0 | U5: =COUNTIF(TT!$D$383:$D$398,TALLY!A5) -> 0 | V5: =COUNTIF(TT!$D$405:$D$424,TALLY!A5) -> 0 | W5: =COUNTIF(TT!$D$432:$D$442,TALLY!A5) -> 1 | X5: =COUNTIF(TT!$D$449:$D$460,TALLY!A5) -> 0 | Y5: =COUNTIF(TT!$D$467:$D$476,TALLY!A5) -> 0 | Z5: =COUNTIF(TT!$D$483:$D$500,TALLY!A5) -> 0 | AA5: =COUNTIF(TT!$D$507:$D$522,TALLY!A5) -> 0 | AB5: =COUNTIF(TT!$D$529:$D$540,TALLY!A5) -> 1 | AC5: =COUNTIF(TT!$D$546:$D$555,TALLY!A5) -> 0 | AD5: =COUNTIF(TT!$D$563:$D$573,TALLY!A5) -> 0 | AE5: =COUNTIF(TT!$D$582:$D$609,TALLY!A5) -> 0 | AF5: =COUNTIF(TT!$D$615:$D$625,TALLY!A5) -> 1 | AG5: =COUNTIF(TT!$D$635:$D$648,TALLY!A5) -> 0 | AH5: =COUNTIF(TT!$D$655:$D$668,TALLY!A5) -> 0 | AI5: =COUNTIF(TT!$D$675:$D$687,TALLY!A5) -> 0 | AK5: ED1-AERO | AL5: =SUM($B5:$H5) -> 1 | AM5: =SUM(I5:O5) -> 2 | AN5: =SUM(P5:V5) -> 1 | AO5: =SUM(W5:AA5) -> 1 | AP5: =SUM(AD5:AJ5) -> 1 | AQ5: =SUM(AL5:AP5) -> 6
A6: ED1-AUTO | B6: =COUNTIF(TT!$D$4:$D$25,TALLY!A6) -> 0 | C6: =COUNTIF(TT!$D$33:$D$50,TALLY!A6) -> 1 | D6: =COUNTIF(TT!$D$57:$D$75,TALLY!A6) -> 0 | E6: =COUNTIF(TT!$D$82:$D$95,TALLY!A6) -> 0 | F6: =COUNTIF(TT!$D$103:$D$112,TALLY!A6) -> 0 | G6: =COUNTIF(TT!$D$120:$D$130,TALLY!A6) -> 0 | H6: =COUNTIF(TT!$D$138:$D$153,TALLY!A6) -> 0 | I6: =COUNTIF(TT!$D$160:$D$170,TALLY!A6) -> 1 | J6: =COUNTIF(TT!$D$177:$D$187,TALLY!A6) -> 0 | K6: =COUNTIF(TT!$D$194:$D$206,TALLY!A6) -> 0 | L6: =COUNTIF(TT!$D$215:$D$226,TALLY!A6) -> 1 | M6: =COUNTIF(TT!$D$234:$D$243,TALLY!A6) -> 0 | N6: =COUNTIF(TT!$D$250:$D$262,TALLY!A6) -> 0 | O6: =COUNTIF(TT!$D$270:$D$277,TALLY!A6) -> 0 | P6: =COUNTIF(TT!$D$284:$D$293,TALLY!A6) -> 0 | Q6: =COUNTIF(TT!$D$300:$D$313,TALLY!A6) -> 0 | R6: =COUNTIF(TT!$D$320:$D$333,TALLY!A6) -> 0 | S6: =COUNTIF(TT!$D$342:$D$352,TALLY!A6) -> 0 | T6: =COUNTIF(TT!$D$359:$D$376,TALLY!A6) -> 0 | U6: =COUNTIF(TT!$D$383:$D$398,TALLY!A6) -> 0 | V6: =COUNTIF(TT!$D$405:$D$424,TALLY!A6) -> 0 | W6: =COUNTIF(TT!$D$432:$D$442,TALLY!A6) -> 1 | X6: =COUNTIF(TT!$D$449:$D$460,TALLY!A6) -> 0 | Y6: =COUNTIF(TT!$D$467:$D$476,TALLY!A6) -> 0 | Z6: =COUNTIF(TT!$D$483:$D$500,TALLY!A6) -> 0 | AA6: =COUNTIF(TT!$D$507:$D$522,TALLY!A6) -> 0 | AB6: =COUNTIF(TT!$D$529:$D$540,TALLY!A6) -> 0 | AC6: =COUNTIF(TT!$D$546:$D$555,TALLY!A6) -> 1 | AD6: =COUNTIF(TT!$D$563:$D$573,TALLY!A6) -> 0 | AE6: =COUNTIF(TT!$D$582:$D$609,TALLY!A6) -> 0 | AF6: =COUNTIF(TT!$D$615:$D$625,TALLY!A6) -> 0 | AG6: =COUNTIF(TT!$D$635:$D$648,TALLY!A6) -> 0 | AH6: =COUNTIF(TT!$D$655:$D$668,TALLY!A6) -> 0 | AI6: =COUNTIF(TT!$D$675:$D$687,TALLY!A6) -> 1 | AK6: ED1-AUTO | AL6: =SUM($B6:$H6) -> 1 | AM6: =SUM(I6:O6) -> 2 | AN6: =SUM(P6:V6) -> 0 | AO6: =SUM(W6:AA6) -> 1 | AP6: =SUM(AD6:AJ6) -> 1 | AQ6: =SUM(AL6:AP6) -> 5
A7: ED1-BME | B7: =COUNTIF(TT!$D$4:$D$25,TALLY!A7) -> 1 | C7: =COUNTIF(TT!$D$33:$D$50,TALLY!A7) -> 0 | D7: =COUNTIF(TT!$D$57:$D$75,TALLY!A7) -> 1 | E7: =COUNTIF(TT!$D$82:$D$95,TALLY!A7) -> 0 | F7: =COUNTIF(TT!$D$103:$D$112,TALLY!A7) -> 0 | G7: =COUNTIF(TT!$D$120:$D$130,TALLY!A7) -> 0 | H7: =COUNTIF(TT!$D$138:$D$153,TALLY!A7) -> 0 | I7: =COUNTIF(TT!$D$160:$D$170,TALLY!A7) -> 1 | J7: =COUNTIF(TT!$D$177:$D$187,TALLY!A7) -> 0 | K7: =COUNTIF(TT!$D$194:$D$206,TALLY!A7) -> 0 | L7: =COUNTIF(TT!$D$215:$D$226,TALLY!A7) -> 1 | M7: =COUNTIF(TT!$D$234:$D$243,TALLY!A7) -> 0 | N7: =COUNTIF(TT!$D$250:$D$262,TALLY!A7) -> 0 | O7: =COUNTIF(TT!$D$270:$D$277,TALLY!A7) -> 0 | P7: =COUNTIF(TT!$D$284:$D$293,TALLY!A7) -> 0 | Q7: =COUNTIF(TT!$D$300:$D$313,TALLY!A7) -> 0 | R7: =COUNTIF(TT!$D$320:$D$333,TALLY!A7) -> 0 | S7: =COUNTIF(TT!$D$342:$D$352,TALLY!A7) -> 0 | T7: =COUNTIF(TT!$D$359:$D$376,TALLY!A7) -> 0 | U7: =COUNTIF(TT!$D$383:$D$398,TALLY!A7) -> 0 | V7: =COUNTIF(TT!$D$405:$D$424,TALLY!A7) -> 1 | W7: =COUNTIF(TT!$D$432:$D$442,TALLY!A7) -> 0 | X7: =COUNTIF(TT!$D$449:$D$460,TALLY!A7) -> 0 | Y7: =COUNTIF(TT!$D$467:$D$476,TALLY!A7) -> 0 | Z7: =COUNTIF(TT!$D$483:$D$500,TALLY!A7) -> 0 | AA7: =COUNTIF(TT!$D$507:$D$522,TALLY!A7) -> 1 | AB7: =COUNTIF(TT!$D$529:$D$540,TALLY!A7) -> 0 | AC7: =COUNTIF(TT!$D$546:$D$555,TALLY!A7) -> 0 | AD7: =COUNTIF(TT!$D$563:$D$573,TALLY!A7) -> 0 | AE7: =COUNTIF(TT!$D$582:$D$609,TALLY!A7) -> 0 | AF7: =COUNTIF(TT!$D$615:$D$625,TALLY!A7) -> 0 | AG7: =COUNTIF(TT!$D$635:$D$648,TALLY!A7) -> 1 | AH7: =COUNTIF(TT!$D$655:$D$668,TALLY!A7) -> 0 | AI7: =COUNTIF(TT!$D$675:$D$687,TALLY!A7) -> 0 | AK7: ED1-BME | AL7: =SUM($B7:$H7) -> 2 | AM7: =SUM(I7:O7) -> 2 | AN7: =SUM(P7:V7) -> 1 | AO7: =SUM(W7:AA7) -> 1 | AP7: =SUM(AD7:AJ7) -> 1 | AQ7: =SUM(AL7:AP7) -> 7
A8: ED1-CE | B8: =COUNTIF(TT!$D$4:$D$25,TALLY!A8) -> 0 | C8: =COUNTIF(TT!$D$33:$D$50,TALLY!A8) -> 1 | D8: =COUNTIF(TT!$D$57:$D$75,TALLY!A8) -> 0 | E8: =COUNTIF(TT!$D$82:$D$95,TALLY!A8) -> 0 | F8: =COUNTIF(TT!$D$103:$D$112,TALLY!A8) -> 1 | G8: =COUNTIF(TT!$D$120:$D$130,TALLY!A8) -> 0 | H8: =COUNTIF(TT!$D$138:$D$153,TALLY!A8) -> 0 | I8: =COUNTIF(TT!$D$160:$D$170,TALLY!A8) -> 1 | J8: =COUNTIF(TT!$D$177:$D$187,TALLY!A8) -> 0 | K8: =COUNTIF(TT!$D$194:$D$206,TALLY!A8) -> 0 | L8: =COUNTIF(TT!$D$215:$D$226,TALLY!A8) -> 0 | M8: =COUNTIF(TT!$D$234:$D$243,TALLY!A8) -> 1 | N8: =COUNTIF(TT!$D$250:$D$262,TALLY!A8) -> 0 | O8: =COUNTIF(TT!$D$270:$D$277,TALLY!A8) -> 0 | P8: =COUNTIF(TT!$D$284:$D$293,TALLY!A8) -> 0 | Q8: =COUNTIF(TT!$D$300:$D$313,TALLY!A8) -> 0 | R8: =COUNTIF(TT!$D$320:$D$333,TALLY!A8) -> 0 | S8: =COUNTIF(TT!$D$342:$D$352,TALLY!A8) -> 0 | T8: =COUNTIF(TT!$D$359:$D$376,TALLY!A8) -> 1 | U8: =COUNTIF(TT!$D$383:$D$398,TALLY!A8) -> 0 | V8: =COUNTIF(TT!$D$405:$D$424,TALLY!A8) -> 0 | W8: =COUNTIF(TT!$D$432:$D$442,TALLY!A8) -> 1 | X8: =COUNTIF(TT!$D$449:$D$460,TALLY!A8) -> 0 | Y8: =COUNTIF(TT!$D$467:$D$476,TALLY!A8) -> 0 | Z8: =COUNTIF(TT!$D$483:$D$500,TALLY!A8) -> 0 | AA8: =COUNTIF(TT!$D$507:$D$522,TALLY!A8) -> 0 | AB8: =COUNTIF(TT!$D$529:$D$540,TALLY!A8) -> 1 | AC8: =COUNTIF(TT!$D$546:$D$555,TALLY!A8) -> 0 | AD8: =COUNTIF(TT!$D$563:$D$573,TALLY!A8) -> 0 | AE8: =COUNTIF(TT!$D$582:$D$609,TALLY!A8) -> 0 | AF8: =COUNTIF(TT!$D$615:$D$625,TALLY!A8) -> 0 | AG8: =COUNTIF(TT!$D$635:$D$648,TALLY!A8) -> 0 | AH8: =COUNTIF(TT!$D$655:$D$668,TALLY!A8) -> 1 | AI8: =COUNTIF(TT!$D$675:$D$687,TALLY!A8) -> 0 | AK8: ED1-CE | AL8: =SUM($B8:$H8) -> 2 | AM8: =SUM(I8:O8) -> 2 | AN8: =SUM(P8:V8) -> 1 | AO8: =SUM(W8:AA8) -> 1 | AP8: =SUM(AD8:AJ8) -> 1 | AQ8: =SUM(AL8:AP8) -> 7
A9: ED1-CHE | B9: =COUNTIF(TT!$D$4:$D$25,TALLY!A9) -> 1 | C9: =COUNTIF(TT!$D$33:$D$50,TALLY!A9) -> 0 | D9: =COUNTIF(TT!$D$57:$D$75,TALLY!A9) -> 0 | E9: =COUNTIF(TT!$D$82:$D$95,TALLY!A9) -> 1 | F9: =COUNTIF(TT!$D$103:$D$112,TALLY!A9) -> 0 | G9: =COUNTIF(TT!$D$120:$D$130,TALLY!A9) -> 0 | H9: =COUNTIF(TT!$D$138:$D$153,TALLY!A9) -> 0 | I9: =COUNTIF(TT!$D$160:$D$170,TALLY!A9) -> 1 | J9: =COUNTIF(TT!$D$177:$D$187,TALLY!A9) -> 0 | K9: =COUNTIF(TT!$D$194:$D$206,TALLY!A9) -> 0 | L9: =COUNTIF(TT!$D$215:$D$226,TALLY!A9) -> 1 | M9: =COUNTIF(TT!$D$234:$D$243,TALLY!A9) -> 0 | N9: =COUNTIF(TT!$D$250:$D$262,TALLY!A9) -> 0 | O9: =COUNTIF(TT!$D$270:$D$277,TALLY!A9) -> 0 | P9: =COUNTIF(TT!$D$284:$D$293,TALLY!A9) -> 0 | Q9: =COUNTIF(TT!$D$300:$D$313,TALLY!A9) -> 0 | R9: =COUNTIF(TT!$D$320:$D$333,TALLY!A9) -> 0 | S9: =COUNTIF(TT!$D$342:$D$352,TALLY!A9) -> 0 | T9: =COUNTIF(TT!$D$359:$D$376,TALLY!A9) -> 0 | U9: =COUNTIF(TT!$D$383:$D$398,TALLY!A9) -> 0 | V9: =COUNTIF(TT!$D$405:$D$424,TALLY!A9) -> 1 | W9: =COUNTIF(TT!$D$432:$D$442,TALLY!A9) -> 1 | X9: =COUNTIF(TT!$D$449:$D$460,TALLY!A9) -> 0 | Y9: =COUNTIF(TT!$D$467:$D$476,TALLY!A9) -> 0 | Z9: =COUNTIF(TT!$D$483:$D$500,TALLY!A9) -> 0 | AA9: =COUNTIF(TT!$D$507:$D$522,TALLY!A9) -> 0 | AB9: =COUNTIF(TT!$D$529:$D$540,TALLY!A9) -> 0 | AC9: =COUNTIF(TT!$D$546:$D$555,TALLY!A9) -> 0 | AD9: =COUNTIF(TT!$D$563:$D$573,TALLY!A9) -> 0 | AE9: =COUNTIF(TT!$D$582:$D$609,TALLY!A9) -> 0 | AF9: =COUNTIF(TT!$D$615:$D$625,TALLY!A9) -> 0 | AG9: =COUNTIF(TT!$D$635:$D$648,TALLY!A9) -> 1 | AH9: =COUNTIF(TT!$D$655:$D$668,TALLY!A9) -> 0 | AI9: =COUNTIF(TT!$D$675:$D$687,TALLY!A9) -> 0 | AK9: ED1-CHE | AL9: =SUM($B9:$H9) -> 2 | AM9: =SUM(I9:O9) -> 2 | AN9: =SUM(P9:V9) -> 1 | AO9: =SUM(W9:AA9) -> 1 | AP9: =SUM(AD9:AJ9) -> 1 | AQ9: =SUM(AL9:AP9) -> 7
A10: ED1-COE | B10: =COUNTIF(TT!$D$4:$D$25,TALLY!A10) -> 1 | C10: =COUNTIF(TT!$D$33:$D$50,TALLY!A10) -> 0 | D10: =COUNTIF(TT!$D$57:$D$75,TALLY!A10) -> 0 | E10: =COUNTIF(TT!$D$82:$D$95,TALLY!A10) -> 0 | F10: =COUNTIF(TT!$D$103:$D$112,TALLY!A10) -> 0 | G10: =COUNTIF(TT!$D$120:$D$130,TALLY!A10) -> 0 | H10: =COUNTIF(TT!$D$138:$D$153,TALLY!A10) -> 0 | I10: =COUNTIF(TT!$D$160:$D$170,TALLY!A10) -> 1 | J10: =COUNTIF(TT!$D$177:$D$187,TALLY!A10) -> 0 | K10: =COUNTIF(TT!$D$194:$D$206,TALLY!A10) -> 0 | L10: =COUNTIF(TT!$D$215:$D$226,TALLY!A10) -> 0 | M10: =COUNTIF(TT!$D$234:$D$243,TALLY!A10) -> 0 | N10: =COUNTIF(TT!$D$250:$D$262,TALLY!A10) -> 0 | O10: =COUNTIF(TT!$D$270:$D$277,TALLY!A10) -> 0 | P10: =COUNTIF(TT!$D$284:$D$293,TALLY!A10) -> 0 | Q10: =COUNTIF(TT!$D$300:$D$313,TALLY!A10) -> 0 | R10: =COUNTIF(TT!$D$320:$D$333,TALLY!A10) -> 0 | S10: =COUNTIF(TT!$D$342:$D$352,TALLY!A10) -> 0 | T10: =COUNTIF(TT!$D$359:$D$376,TALLY!A10) -> 1 | U10: =COUNTIF(TT!$D$383:$D$398,TALLY!A10) -> 0 | V10: =COUNTIF(TT!$D$405:$D$424,TALLY!A10) -> 0 | W10: =COUNTIF(TT!$D$432:$D$442,TALLY!A10) -> 1 | X10: =COUNTIF(TT!$D$449:$D$460,TALLY!A10) -> 0 | Y10: =COUNTIF(TT!$D$467:$D$476,TALLY!A10) -> 0 | Z10: =COUNTIF(TT!$D$483:$D$500,TALLY!A10) -> 0 | AA10: =COUNTIF(TT!$D$507:$D$522,TALLY!A10) -> 0 | AB10: =COUNTIF(TT!$D$529:$D$540,TALLY!A10) -> 0 | AC10: =COUNTIF(TT!$D$546:$D$555,TALLY!A10) -> 0 | AD10: =COUNTIF(TT!$D$563:$D$573,TALLY!A10) -> 1 | AE10: =COUNTIF(TT!$D$582:$D$609,TALLY!A10) -> 0 | AF10: =COUNTIF(TT!$D$615:$D$625,TALLY!A10) -> 0 | AG10: =COUNTIF(TT!$D$635:$D$648,TALLY!A10) -> 0 | AH10: =COUNTIF(TT!$D$655:$D$668,TALLY!A10) -> 0 | AI10: =COUNTIF(TT!$D$675:$D$687,TALLY!A10) -> 1 | AK10: ED1-COE | AL10: =SUM($B10:$H10) -> 1 | AM10: =SUM(I10:O10) -> 1 | AN10: =SUM(P10:V10) -> 1 | AO10: =SUM(W10:AA10) -> 1 | AP10: =SUM(AD10:AJ10) -> 2 | AQ10: =SUM(AL10:AP10) -> 6
A11: ED1-EE | B11: =COUNTIF(TT!$D$4:$D$25,TALLY!A11) -> 0 | C11: =COUNTIF(TT!$D$33:$D$50,TALLY!A11) -> 1 | D11: =COUNTIF(TT!$D$57:$D$75,TALLY!A11) -> 0 | E11: =COUNTIF(TT!$D$82:$D$95,TALLY!A11) -> 0 | F11: =COUNTIF(TT!$D$103:$D$112,TALLY!A11) -> 0 | G11: =COUNTIF(TT!$D$120:$D$130,TALLY!A11) -> 0 | H11: =COUNTIF(TT!$D$138:$D$153,TALLY!A11) -> 0 | I11: =COUNTIF(TT!$D$160:$D$170,TALLY!A11) -> 0 | J11: =COUNTIF(TT!$D$177:$D$187,TALLY!A11) -> 1 | K11: =COUNTIF(TT!$D$194:$D$206,TALLY!A11) -> 0 | L11: =COUNTIF(TT!$D$215:$D$226,TALLY!A11) -> 0 | M11: =COUNTIF(TT!$D$234:$D$243,TALLY!A11) -> 0 | N11: =COUNTIF(TT!$D$250:$D$262,TALLY!A11) -> 0 | O11: =COUNTIF(TT!$D$270:$D$277,TALLY!A11) -> 1 | P11: =COUNTIF(TT!$D$284:$D$293,TALLY!A11) -> 0 | Q11: =COUNTIF(TT!$D$300:$D$313,TALLY!A11) -> 1 | R11: =COUNTIF(TT!$D$320:$D$333,TALLY!A11) -> 0 | S11: =COUNTIF(TT!$D$342:$D$352,TALLY!A11) -> 0 | T11: =COUNTIF(TT!$D$359:$D$376,TALLY!A11) -> 1 | U11: =COUNTIF(TT!$D$383:$D$398,TALLY!A11) -> 0 | V11: =COUNTIF(TT!$D$405:$D$424,TALLY!A11) -> 0 | W11: =COUNTIF(TT!$D$432:$D$442,TALLY!A11) -> 0 | X11: =COUNTIF(TT!$D$449:$D$460,TALLY!A11) -> 0 | Y11: =COUNTIF(TT!$D$467:$D$476,TALLY!A11) -> 0 | Z11: =COUNTIF(TT!$D$483:$D$500,TALLY!A11) -> 0 | AA11: =COUNTIF(TT!$D$507:$D$522,TALLY!A11) -> 0 | AB11: =COUNTIF(TT!$D$529:$D$540,TALLY!A11) -> 0 | AC11: =COUNTIF(TT!$D$546:$D$555,TALLY!A11) -> 0 | AD11: =COUNTIF(TT!$D$563:$D$573,TALLY!A11) -> 0 | AE11: =COUNTIF(TT!$D$582:$D$609,TALLY!A11) -> 0 | AF11: =COUNTIF(TT!$D$615:$D$625,TALLY!A11) -> 0 | AG11: =COUNTIF(TT!$D$635:$D$648,TALLY!A11) -> 0 | AH11: =COUNTIF(TT!$D$655:$D$668,TALLY!A11) -> 1 | AI11: =COUNTIF(TT!$D$675:$D$687,TALLY!A11) -> 0 | AK11: ED1-EE | AL11: =SUM($B11:$H11) -> 1 | AM11: =SUM(I11:O11) -> 2 | AN11: =SUM(P11:V11) -> 2 | AO11: 1 | AP11: =SUM(AD11:AJ11) -> 1 | AQ11: =SUM(AL11:AP11) -> 7
A12: ED1-GEOL | B12: =COUNTIF(TT!$D$4:$D$25,TALLY!A12) -> 0 | C12: =COUNTIF(TT!$D$33:$D$50,TALLY!A12) -> 1 | D12: =COUNTIF(TT!$D$57:$D$75,TALLY!A12) -> 0 | E12: =COUNTIF(TT!$D$82:$D$95,TALLY!A12) -> 0 | F12: =COUNTIF(TT!$D$103:$D$112,TALLY!A12) -> 1 | G12: =COUNTIF(TT!$D$120:$D$130,TALLY!A12) -> 0 | H12: =COUNTIF(TT!$D$138:$D$153,TALLY!A12) -> 0 | I12: =COUNTIF(TT!$D$160:$D$170,TALLY!A12) -> 0 | J12: =COUNTIF(TT!$D$177:$D$187,TALLY!A12) -> 1 | K12: =COUNTIF(TT!$D$194:$D$206,TALLY!A12) -> 0 | L12: =COUNTIF(TT!$D$215:$D$226,TALLY!A12) -> 0 | M12: =COUNTIF(TT!$D$234:$D$243,TALLY!A12) -> 1 | N12: =COUNTIF(TT!$D$250:$D$262,TALLY!A12) -> 0 | O12: =COUNTIF(TT!$D$270:$D$277,TALLY!A12) -> 0 | P12: =COUNTIF(TT!$D$284:$D$293,TALLY!A12) -> 0 | Q12: =COUNTIF(TT!$D$300:$D$313,TALLY!A12) -> 1 | R12: =COUNTIF(TT!$D$320:$D$333,TALLY!A12) -> 0 | S12: =COUNTIF(TT!$D$342:$D$352,TALLY!A12) -> 0 | T12: =COUNTIF(TT!$D$359:$D$376,TALLY!A12) -> 1 | U12: =COUNTIF(TT!$D$383:$D$398,TALLY!A12) -> 0 | V12: =COUNTIF(TT!$D$405:$D$424,TALLY!A12) -> 0 | W12: =COUNTIF(TT!$D$432:$D$442,TALLY!A12) -> 0 | X12: =COUNTIF(TT!$D$449:$D$460,TALLY!A12) -> 0 | Y12: =COUNTIF(TT!$D$467:$D$476,TALLY!A12) -> 0 | Z12: =COUNTIF(TT!$D$483:$D$500,TALLY!A12) -> 0 | AA12: =COUNTIF(TT!$D$507:$D$522,TALLY!A12) -> 0 | AB12: =COUNTIF(TT!$D$529:$D$540,TALLY!A12) -> 0 | AC12: =COUNTIF(TT!$D$546:$D$555,TALLY!A12) -> 1 | AD12: =COUNTIF(TT!$D$563:$D$573,TALLY!A12) -> 0 | AE12: =COUNTIF(TT!$D$582:$D$609,TALLY!A12) -> 0 | AF12: =COUNTIF(TT!$D$615:$D$625,TALLY!A12) -> 0 | AG12: =COUNTIF(TT!$D$635:$D$648,TALLY!A12) -> 0 | AH12: =COUNTIF(TT!$D$655:$D$668,TALLY!A12) -> 1 | AI12: =COUNTIF(TT!$D$675:$D$687,TALLY!A12) -> 0 | AK12: ED1-GEOL | AL12: =SUM($B12:$H12) -> 2 | AM12: =SUM(I12:O12) -> 2 | AN12: =SUM(P12:V12) -> 2 | AO12: =SUM(W12:AA12) -> 0 | AP12: =SUM(AD12:AJ12) -> 1 | AQ12: =SUM(AL12:AP12) -> 7
A13: ED1-GEOM | B13: =COUNTIF(TT!$D$4:$D$25,TALLY!A13) -> 0 | C13: =COUNTIF(TT!$D$33:$D$50,TALLY!A13) -> 0 | D13: =COUNTIF(TT!$D$57:$D$75,TALLY!A13) -> 1 | E13: =COUNTIF(TT!$D$82:$D$95,TALLY!A13) -> 0 | F13: =COUNTIF(TT!$D$103:$D$112,TALLY!A13) -> 0 | G13: =COUNTIF(TT!$D$120:$D$130,TALLY!A13) -> 1 | H13: =COUNTIF(TT!$D$138:$D$153,TALLY!A13) -> 0 | I13: =COUNTIF(TT!$D$160:$D$170,TALLY!A13) -> 0 | J13: =COUNTIF(TT!$D$177:$D$187,TALLY!A13) -> 1 | K13: =COUNTIF(TT!$D$194:$D$206,TALLY!A13) -> 0 | L13: =COUNTIF(TT!$D$215:$D$226,TALLY!A13) -> 0 | M13: =COUNTIF(TT!$D$234:$D$243,TALLY!A13) -> 0 | N13: =COUNTIF(TT!$D$250:$D$262,TALLY!A13) -> 0 | O13: =COUNTIF(TT!$D$270:$D$277,TALLY!A13) -> 0 | P13: =COUNTIF(TT!$D$284:$D$293,TALLY!A13) -> 0 | Q13: =COUNTIF(TT!$D$300:$D$313,TALLY!A13) -> 0 | R13: =COUNTIF(TT!$D$320:$D$333,TALLY!A13) -> 0 | S13: =COUNTIF(TT!$D$342:$D$352,TALLY!A13) -> 1 | T13: =COUNTIF(TT!$D$359:$D$376,TALLY!A13) -> 0 | U13: =COUNTIF(TT!$D$383:$D$398,TALLY!A13) -> 0 | V13: =COUNTIF(TT!$D$405:$D$424,TALLY!A13) -> 0 | W13: =COUNTIF(TT!$D$432:$D$442,TALLY!A13) -> 0 | X13: =COUNTIF(TT!$D$449:$D$460,TALLY!A13) -> 0 | Y13: =COUNTIF(TT!$D$467:$D$476,TALLY!A13) -> 0 | Z13: =COUNTIF(TT!$D$483:$D$500,TALLY!A13) -> 0 | AA13: =COUNTIF(TT!$D$507:$D$522,TALLY!A13) -> 0 | AB13: =COUNTIF(TT!$D$529:$D$540,TALLY!A13) -> 0 | AC13: =COUNTIF(TT!$D$546:$D$555,TALLY!A13) -> 0 | AD13: =COUNTIF(TT!$D$563:$D$573,TALLY!A13) -> 0 | AE13: =COUNTIF(TT!$D$582:$D$609,TALLY!A13) -> 0 | AF13: =COUNTIF(TT!$D$615:$D$625,TALLY!A13) -> 0 | AG13: =COUNTIF(TT!$D$635:$D$648,TALLY!A13) -> 0 | AH13: =COUNTIF(TT!$D$655:$D$668,TALLY!A13) -> 0 | AI13: =COUNTIF(TT!$D$675:$D$687,TALLY!A13) -> 1 | AK13: ED1-GEOM | AL13: =SUM($B13:$H13) -> 2 | AM13: =SUM(I13:O13) -> 1 | AN13: =SUM(P13:V13) -> 1 | AO13: =SUM(W13:AA13) -> 0 | AP13: =SUM(AD13:AJ13) -> 1 | AQ13: =SUM(AL13:AP13) -> 5
A14: ED1-IND | B14: =COUNTIF(TT!$D$4:$D$25,TALLY!A14) -> 1 | C14: =COUNTIF(TT!$D$33:$D$50,TALLY!A14) -> 0 | D14: =COUNTIF(TT!$D$57:$D$75,TALLY!A14) -> 0 | E14: =COUNTIF(TT!$D$82:$D$95,TALLY!A14) -> 0 | F14: =COUNTIF(TT!$D$103:$D$112,TALLY!A14) -> 0 | G14: =COUNTIF(TT!$D$120:$D$130,TALLY!A14) -> 0 | H14: =COUNTIF(TT!$D$138:$D$153,TALLY!A14) -> 0 | I14: =COUNTIF(TT!$D$160:$D$170,TALLY!A14) -> 0 | J14: =COUNTIF(TT!$D$177:$D$187,TALLY!A14) -> 1 | K14: =COUNTIF(TT!$D$194:$D$206,TALLY!A14) -> 0 | L14: =COUNTIF(TT!$D$215:$D$226,TALLY!A14) -> 0 | M14: =COUNTIF(TT!$D$234:$D$243,TALLY!A14) -> 0 | N14: =COUNTIF(TT!$D$250:$D$262,TALLY!A14) -> 1 | O14: =COUNTIF(TT!$D$270:$D$277,TALLY!A14) -> 0 | P14: =COUNTIF(TT!$D$284:$D$293,TALLY!A14) -> 0 | Q14: =COUNTIF(TT!$D$300:$D$313,TALLY!A14) -> 0 | R14: =COUNTIF(TT!$D$320:$D$333,TALLY!A14) -> 0 | S14: =COUNTIF(TT!$D$342:$D$352,TALLY!A14) -> 0 | T14: =COUNTIF(TT!$D$359:$D$376,TALLY!A14) -> 0 | U14: =COUNTIF(TT!$D$383:$D$398,TALLY!A14) -> 0 | V14: =COUNTIF(TT!$D$405:$D$424,TALLY!A14) -> 0 | W14: =COUNTIF(TT!$D$432:$D$442,TALLY!A14) -> 1 | X14: =COUNTIF(TT!$D$449:$D$460,TALLY!A14) -> 0 | Y14: =COUNTIF(TT!$D$467:$D$476,TALLY!A14) -> 0 | Z14: =COUNTIF(TT!$D$483:$D$500,TALLY!A14) -> 0 | AA14: =COUNTIF(TT!$D$507:$D$522,TALLY!A14) -> 0 | AB14: =COUNTIF(TT!$D$529:$D$540,TALLY!A14) -> 0 | AC14: =COUNTIF(TT!$D$546:$D$555,TALLY!A14) -> 1 | AD14: =COUNTIF(TT!$D$563:$D$573,TALLY!A14) -> 0 | AE14: =COUNTIF(TT!$D$582:$D$609,TALLY!A14) -> 0 | AF14: =COUNTIF(TT!$D$615:$D$625,TALLY!A14) -> 1 | AG14: =COUNTIF(TT!$D$635:$D$648,TALLY!A14) -> 0 | AH14: =COUNTIF(TT!$D$655:$D$668,TALLY!A14) -> 0 | AI14: =COUNTIF(TT!$D$675:$D$687,TALLY!A14) -> 0 | AK14: ED1-IND | AL14: =SUM($B14:$H14) -> 1 | AM14: =SUM(I14:O14) -> 2 | AN14: =SUM(P14:V14) -> 0 | AO14: =SUM(W14:AA14) -> 1 | AP14: =SUM(AD14:AJ14) -> 1 | AQ14: =SUM(AL14:AP14) -> 5
A15: ED1-MARI | B15: =COUNTIF(TT!$D$4:$D$25,TALLY!A15) -> 0 | C15: =COUNTIF(TT!$D$33:$D$50,TALLY!A15) -> 0 | D15: =COUNTIF(TT!$D$57:$D$75,TALLY!A15) -> 1 | E15: =COUNTIF(TT!$D$82:$D$95,TALLY!A15) -> 0 | F15: =COUNTIF(TT!$D$103:$D$112,TALLY!A15) -> 0 | G15: =COUNTIF(TT!$D$120:$D$130,TALLY!A15) -> 0 | H15: =COUNTIF(TT!$D$138:$D$153,TALLY!A15) -> 0 | I15: =COUNTIF(TT!$D$160:$D$170,TALLY!A15) -> 1 | J15: =COUNTIF(TT!$D$177:$D$187,TALLY!A15) -> 0 | K15: =COUNTIF(TT!$D$194:$D$206,TALLY!A15) -> 0 | L15: =COUNTIF(TT!$D$215:$D$226,TALLY!A15) -> 0 | M15: =COUNTIF(TT!$D$234:$D$243,TALLY!A15) -> 0 | N15: =COUNTIF(TT!$D$250:$D$262,TALLY!A15) -> 1 | O15: =COUNTIF(TT!$D$270:$D$277,TALLY!A15) -> 0 | P15: =COUNTIF(TT!$D$284:$D$293,TALLY!A15) -> 0 | Q15: =COUNTIF(TT!$D$300:$D$313,TALLY!A15) -> 0 | R15: =COUNTIF(TT!$D$320:$D$333,TALLY!A15) -> 0 | S15: =COUNTIF(TT!$D$342:$D$352,TALLY!A15) -> 0 | T15: =COUNTIF(TT!$D$359:$D$376,TALLY!A15) -> 0 | U15: =COUNTIF(TT!$D$383:$D$398,TALLY!A15) -> 0 | V15: =COUNTIF(TT!$D$405:$D$424,TALLY!A15) -> 0 | W15: =COUNTIF(TT!$D$432:$D$442,TALLY!A15) -> 1 | X15: =COUNTIF(TT!$D$449:$D$460,TALLY!A15) -> 0 | Y15: =COUNTIF(TT!$D$467:$D$476,TALLY!A15) -> 0 | Z15: =COUNTIF(TT!$D$483:$D$500,TALLY!A15) -> 0 | AA15: =COUNTIF(TT!$D$507:$D$522,TALLY!A15) -> 0 | AB15: =COUNTIF(TT!$D$529:$D$540,TALLY!A15) -> 0 | AC15: =COUNTIF(TT!$D$546:$D$555,TALLY!A15) -> 1 | AD15: =COUNTIF(TT!$D$563:$D$573,TALLY!A15) -> 0 | AE15: =COUNTIF(TT!$D$582:$D$609,TALLY!A15) -> 0 | AF15: =COUNTIF(TT!$D$615:$D$625,TALLY!A15) -> 1 | AG15: =COUNTIF(TT!$D$635:$D$648,TALLY!A15) -> 0 | AH15: =COUNTIF(TT!$D$655:$D$668,TALLY!A15) -> 1 | AI15: =COUNTIF(TT!$D$675:$D$687,TALLY!A15) -> 0 | AK15: ED1-MARI | AL15: =SUM($B15:$H15) -> 1 | AM15: =SUM(I15:O15) -> 2 | AN15: =SUM(P15:V15) -> 0 | AO15: =SUM(W15:AA15) -> 1 | AP15: =SUM(AD15:AJ15) -> 2 | AQ15: =SUM(AL15:AP15) -> 6
A16: ED1-ME | B16: =COUNTIF(TT!$D$4:$D$25,TALLY!A16) -> 0 | C16: =COUNTIF(TT!$D$33:$D$50,TALLY!A16) -> 0 | D16: =COUNTIF(TT!$D$57:$D$75,TALLY!A16) -> 1 | E16: =COUNTIF(TT!$D$82:$D$95,TALLY!A16) -> 0 | F16: =COUNTIF(TT!$D$103:$D$112,TALLY!A16) -> 0 | G16: =COUNTIF(TT!$D$120:$D$130,TALLY!A16) -> 0 | H16: =COUNTIF(TT!$D$138:$D$153,TALLY!A16) -> 0 | I16: =COUNTIF(TT!$D$160:$D$170,TALLY!A16) -> 1 | J16: =COUNTIF(TT!$D$177:$D$187,TALLY!A16) -> 0 | K16: =COUNTIF(TT!$D$194:$D$206,TALLY!A16) -> 0 | L16: =COUNTIF(TT!$D$215:$D$226,TALLY!A16) -> 0 | M16: =COUNTIF(TT!$D$234:$D$243,TALLY!A16) -> 0 | N16: =COUNTIF(TT!$D$250:$D$262,TALLY!A16) -> 0 | O16: =COUNTIF(TT!$D$270:$D$277,TALLY!A16) -> 0 | P16: =COUNTIF(TT!$D$284:$D$293,TALLY!A16) -> 0 | Q16: =COUNTIF(TT!$D$300:$D$313,TALLY!A16) -> 0 | R16: =COUNTIF(TT!$D$320:$D$333,TALLY!A16) -> 0 | S16: =COUNTIF(TT!$D$342:$D$352,TALLY!A16) -> 0 | T16: =COUNTIF(TT!$D$359:$D$376,TALLY!A16) -> 0 | U16: =COUNTIF(TT!$D$383:$D$398,TALLY!A16) -> 1 | V16: =COUNTIF(TT!$D$405:$D$424,TALLY!A16) -> 0 | W16: =COUNTIF(TT!$D$432:$D$442,TALLY!A16) -> 1 | X16: =COUNTIF(TT!$D$449:$D$460,TALLY!A16) -> 0 | Y16: =COUNTIF(TT!$D$467:$D$476,TALLY!A16) -> 0 | Z16: =COUNTIF(TT!$D$483:$D$500,TALLY!A16) -> 0 | AA16: =COUNTIF(TT!$D$507:$D$522,TALLY!A16) -> 0 | AB16: =COUNTIF(TT!$D$529:$D$540,TALLY!A16) -> 0 | AC16: =COUNTIF(TT!$D$546:$D$555,TALLY!A16) -> 1 | AD16: =COUNTIF(TT!$D$563:$D$573,TALLY!A16) -> 0 | AE16: =COUNTIF(TT!$D$582:$D$609,TALLY!A16) -> 0 | AF16: =COUNTIF(TT!$D$615:$D$625,TALLY!A16) -> 1 | AG16: =COUNTIF(TT!$D$635:$D$648,TALLY!A16) -> 0 | AH16: =COUNTIF(TT!$D$655:$D$668,TALLY!A16) -> 0 | AI16: =COUNTIF(TT!$D$675:$D$687,TALLY!A16) -> 0 | AK16: ED1-ME | AL16: =SUM($B16:$H16) -> 1 | AM16: =SUM(I16:O16) -> 1 | AN16: =SUM(P16:V16) -> 1 | AO16: =SUM(W16:AA16) -> 1 | AP16: =SUM(AD16:AJ16) -> 1 | AQ16: =SUM(AL16:AP16) -> 5
A17: ED1-METE | B17: =COUNTIF(TT!$D$4:$D$25,TALLY!A17) -> 0 | C17: =COUNTIF(TT!$D$33:$D$50,TALLY!A17) -> 0 | D17: =COUNTIF(TT!$D$57:$D$75,TALLY!A17) -> 1 | E17: =COUNTIF(TT!$D$82:$D$95,TALLY!A17) -> 0 | F17: =COUNTIF(TT!$D$103:$D$112,TALLY!A17) -> 0 | G17: =COUNTIF(TT!$D$120:$D$130,TALLY!A17) -> 0 | H17: =COUNTIF(TT!$D$138:$D$153,TALLY!A17) -> 1 | I17: =COUNTIF(TT!$D$160:$D$170,TALLY!A17) -> 0 | J17: =COUNTIF(TT!$D$177:$D$187,TALLY!A17) -> 0 | K17: =COUNTIF(TT!$D$194:$D$206,TALLY!A17) -> 0 | L17: =COUNTIF(TT!$D$215:$D$226,TALLY!A17) -> 0 | M17: =COUNTIF(TT!$D$234:$D$243,TALLY!A17) -> 0 | N17: =COUNTIF(TT!$D$250:$D$262,TALLY!A17) -> 1 | O17: =COUNTIF(TT!$D$270:$D$277,TALLY!A17) -> 0 | P17: =COUNTIF(TT!$D$284:$D$293,TALLY!A17) -> 1 | Q17: =COUNTIF(TT!$D$300:$D$313,TALLY!A17) -> 0 | R17: =COUNTIF(TT!$D$320:$D$333,TALLY!A17) -> 0 | S17: =COUNTIF(TT!$D$342:$D$352,TALLY!A17) -> 0 | T17: =COUNTIF(TT!$D$359:$D$376,TALLY!A17) -> 1 | U17: =COUNTIF(TT!$D$383:$D$398,TALLY!A17) -> 0 | V17: =COUNTIF(TT!$D$405:$D$424,TALLY!A17) -> 0 | W17: =COUNTIF(TT!$D$432:$D$442,TALLY!A17) -> 1 | X17: =COUNTIF(TT!$D$449:$D$460,TALLY!A17) -> 0 | Y17: =COUNTIF(TT!$D$467:$D$476,TALLY!A17) -> 1 | Z17: =COUNTIF(TT!$D$483:$D$500,TALLY!A17) -> 0 | AA17: =COUNTIF(TT!$D$507:$D$522,TALLY!A17) -> 0 | AB17: =COUNTIF(TT!$D$529:$D$540,TALLY!A17) -> 0 | AC17: =COUNTIF(TT!$D$546:$D$555,TALLY!A17) -> 0 | AD17: =COUNTIF(TT!$D$563:$D$573,TALLY!A17) -> 0 | AE17: =COUNTIF(TT!$D$582:$D$609,TALLY!A17) -> 1 | AF17: =COUNTIF(TT!$D$615:$D$625,TALLY!A17) -> 0 | AG17: =COUNTIF(TT!$D$635:$D$648,TALLY!A17) -> 0 | AH17: =COUNTIF(TT!$D$655:$D$668,TALLY!A17) -> 0 | AI17: =COUNTIF(TT!$D$675:$D$687,TALLY!A17) -> 0 | AK17: ED1-METE | AL17: =SUM($B17:$H17) -> 2 | AM17: =SUM(I17:O17) -> 1 | AN17: =SUM(P17:V17) -> 2 | AO17: =SUM(W17:AA17) -> 2 | AP17: =SUM(AD17:AJ17) -> 1 | AQ17: =SUM(AL17:AP17) -> 8
A18: ED1-MSE | B18: =COUNTIF(TT!$D$4:$D$25,TALLY!A18) -> 0 | C18: =COUNTIF(TT!$D$33:$D$50,TALLY!A18) -> 0 | D18: =COUNTIF(TT!$D$57:$D$75,TALLY!A18) -> 1 | E18: =COUNTIF(TT!$D$82:$D$95,TALLY!A18) -> 0 | F18: =COUNTIF(TT!$D$103:$D$112,TALLY!A18) -> 0 | G18: =COUNTIF(TT!$D$120:$D$130,TALLY!A18) -> 0 | H18: =COUNTIF(TT!$D$138:$D$153,TALLY!A18) -> 1 | I18: =COUNTIF(TT!$D$160:$D$170,TALLY!A18) -> 0 | J18: =COUNTIF(TT!$D$177:$D$187,TALLY!A18) -> 0 | K18: =COUNTIF(TT!$D$194:$D$206,TALLY!A18) -> 0 | L18: =COUNTIF(TT!$D$215:$D$226,TALLY!A18) -> 0 | M18: =COUNTIF(TT!$D$234:$D$243,TALLY!A18) -> 0 | N18: =COUNTIF(TT!$D$250:$D$262,TALLY!A18) -> 0 | O18: =COUNTIF(TT!$D$270:$D$277,TALLY!A18) -> 0 | P18: =COUNTIF(TT!$D$284:$D$293,TALLY!A18) -> 0 | Q18: =COUNTIF(TT!$D$300:$D$313,TALLY!A18) -> 0 | R18: =COUNTIF(TT!$D$320:$D$333,TALLY!A18) -> 0 | S18: =COUNTIF(TT!$D$342:$D$352,TALLY!A18) -> 0 | T18: =COUNTIF(TT!$D$359:$D$376,TALLY!A18) -> 1 | U18: =COUNTIF(TT!$D$383:$D$398,TALLY!A18) -> 0 | V18: =COUNTIF(TT!$D$405:$D$424,TALLY!A18) -> 0 | W18: =COUNTIF(TT!$D$432:$D$442,TALLY!A18) -> 1 | X18: =COUNTIF(TT!$D$449:$D$460,TALLY!A18) -> 0 | Y18: =COUNTIF(TT!$D$467:$D$476,TALLY!A18) -> 0 | Z18: =COUNTIF(TT!$D$483:$D$500,TALLY!A18) -> 0 | AA18: =COUNTIF(TT!$D$507:$D$522,TALLY!A18) -> 0 | AB18: =COUNTIF(TT!$D$529:$D$540,TALLY!A18) -> 0 | AC18: =COUNTIF(TT!$D$546:$D$555,TALLY!A18) -> 1 | AD18: =COUNTIF(TT!$D$563:$D$573,TALLY!A18) -> 0 | AE18: =COUNTIF(TT!$D$582:$D$609,TALLY!A18) -> 1 | AF18: =COUNTIF(TT!$D$615:$D$625,TALLY!A18) -> 0 | AG18: =COUNTIF(TT!$D$635:$D$648,TALLY!A18) -> 0 | AH18: =COUNTIF(TT!$D$655:$D$668,TALLY!A18) -> 0 | AI18: =COUNTIF(TT!$D$675:$D$687,TALLY!A18) -> 0 | AK18: ED1-MSE | AL18: =SUM($B18:$H18) -> 2 | AM18: =SUM(I18:O18) -> 0 | AN18: =SUM(P18:V18) -> 1 | AO18: =SUM(W18:AA18) -> 1 | AP18: =SUM(AD18:AJ18) -> 1 | AQ18: =SUM(AL18:AP18) -> 5
A19: ED1-PCE | B19: =COUNTIF(TT!$D$4:$D$25,TALLY!A19) -> 0 | C19: =COUNTIF(TT!$D$33:$D$50,TALLY!A19) -> 1 | D19: =COUNTIF(TT!$D$57:$D$75,TALLY!A19) -> 0 | E19: =COUNTIF(TT!$D$82:$D$95,TALLY!A19) -> 0 | F19: =COUNTIF(TT!$D$103:$D$112,TALLY!A19) -> 0 | G19: =COUNTIF(TT!$D$120:$D$130,TALLY!A19) -> 0 | H19: =COUNTIF(TT!$D$138:$D$153,TALLY!A19) -> 0 | I19: =COUNTIF(TT!$D$160:$D$170,TALLY!A19) -> 0 | J19: =COUNTIF(TT!$D$177:$D$187,TALLY!A19) -> 1 | K19: =COUNTIF(TT!$D$194:$D$206,TALLY!A19) -> 0 | L19: =COUNTIF(TT!$D$215:$D$226,TALLY!A19) -> 0 | M19: =COUNTIF(TT!$D$234:$D$243,TALLY!A19) -> 0 | N19: =COUNTIF(TT!$D$250:$D$262,TALLY!A19) -> 1 | O19: =COUNTIF(TT!$D$270:$D$277,TALLY!A19) -> 0 | P19: =COUNTIF(TT!$D$284:$D$293,TALLY!A19) -> 0 | Q19: =COUNTIF(TT!$D$300:$D$313,TALLY!A19) -> 0 | R19: =COUNTIF(TT!$D$320:$D$333,TALLY!A19) -> 0 | S19: =COUNTIF(TT!$D$342:$D$352,TALLY!A19) -> 0 | T19: =COUNTIF(TT!$D$359:$D$376,TALLY!A19) -> 0 | U19: =COUNTIF(TT!$D$383:$D$398,TALLY!A19) -> 0 | V19: =COUNTIF(TT!$D$405:$D$424,TALLY!A19) -> 1 | W19: =COUNTIF(TT!$D$432:$D$442,TALLY!A19) -> 1 | X19: =COUNTIF(TT!$D$449:$D$460,TALLY!A19) -> 0 | Y19: =COUNTIF(TT!$D$467:$D$476,TALLY!A19) -> 0 | Z19: =COUNTIF(TT!$D$483:$D$500,TALLY!A19) -> 1 | AA19: =COUNTIF(TT!$D$507:$D$522,TALLY!A19) -> 0 | AB19: =COUNTIF(TT!$D$529:$D$540,TALLY!A19) -> 0 | AC19: =COUNTIF(TT!$D$546:$D$555,TALLY!A19) -> 0 | AD19: =COUNTIF(TT!$D$563:$D$573,TALLY!A19) -> 0 | AE19: =COUNTIF(TT!$D$582:$D$609,TALLY!A19) -> 0 | AF19: =COUNTIF(TT!$D$615:$D$626,TALLY!A19) -> 0 | AG19: =COUNTIF(TT!$D$635:$D$648,TALLY!A19) -> 1 | AH19: =COUNTIF(TT!$D$655:$D$668,TALLY!A19) -> 0 | AI19: =COUNTIF(TT!$D$675:$D$687,TALLY!A19) -> 0 | AK19: ED1-PCE | AL19: =SUM($B19:$H19) -> 1 | AM19: =SUM(I19:O19) -> 2 | AN19: =SUM(P19:V19) -> 1 | AO19: =SUM(W19:AA19) -> 2 | AP19: =SUM(AD19:AJ19) -> 1 | AQ19: =SUM(AL19:AP19) -> 7
A20: ED1-PETE | B20: =COUNTIF(TT!$D$4:$D$25,TALLY!A20) -> 0 | C20: =COUNTIF(TT!$D$33:$D$50,TALLY!A20) -> 0 | D20: =COUNTIF(TT!$D$57:$D$75,TALLY!A20) -> 1 | E20: =COUNTIF(TT!$D$82:$D$95,TALLY!A20) -> 0 | F20: =COUNTIF(TT!$D$103:$D$112,TALLY!A20) -> 0 | G20: =COUNTIF(TT!$D$120:$D$130,TALLY!A20) -> 0 | H20: =COUNTIF(TT!$D$138:$D$153,TALLY!A20) -> 0 | I20: =COUNTIF(TT!$D$160:$D$170,TALLY!A20) -> 0 | J20: =COUNTIF(TT!$D$177:$D$187,TALLY!A20) -> 1 | K20: =COUNTIF(TT!$D$194:$D$206,TALLY!A20) -> 0 | L20: =COUNTIF(TT!$D$215:$D$226,TALLY!A20) -> 0 | M20: =COUNTIF(TT!$D$234:$D$243,TALLY!A20) -> 0 | N20: =COUNTIF(TT!$D$250:$D$262,TALLY!A20) -> 0 | O20: =COUNTIF(TT!$D$270:$D$277,TALLY!A20) -> 0 | P20: =COUNTIF(TT!$D$284:$D$293,TALLY!A20) -> 0 | Q20: =COUNTIF(TT!$D$300:$D$313,TALLY!A20) -> 1 | R20: =COUNTIF(TT!$D$320:$D$333,TALLY!A20) -> 0 | S20: =COUNTIF(TT!$D$342:$D$352,TALLY!A20) -> 0 | T20: =COUNTIF(TT!$D$359:$D$376,TALLY!A20) -> 0 | U20: =COUNTIF(TT!$D$383:$D$398,TALLY!A20) -> 0 | V20: =COUNTIF(TT!$D$405:$D$424,TALLY!A20) -> 1 | W20: =COUNTIF(TT!$D$432:$D$442,TALLY!A20) -> 0 | X20: =COUNTIF(TT!$D$449:$D$460,TALLY!A20) -> 0 | Y20: =COUNTIF(TT!$D$467:$D$476,TALLY!A20) -> 0 | Z20: =COUNTIF(TT!$D$483:$D$500,TALLY!A20) -> 1 | AA20: =COUNTIF(TT!$D$507:$D$522,TALLY!A20) -> 0 | AB20: =COUNTIF(TT!$D$529:$D$540,TALLY!A20) -> 0 | AC20: =COUNTIF(TT!$D$546:$D$555,TALLY!A20) -> 0 | AD20: =COUNTIF(TT!$D$563:$D$573,TALLY!A20) -> 1 | AE20: =COUNTIF(TT!$D$582:$D$609,TALLY!A20) -> 0 | AF20: =COUNTIF(TT!$D$615:$D$626,TALLY!A20) -> 0 | AG20: =COUNTIF(TT!$D$635:$D$648,TALLY!A20) -> 0 | AH20: =COUNTIF(TT!$D$655:$D$668,TALLY!A20) -> 0 | AI20: =COUNTIF(TT!$D$675:$D$687,TALLY!A20) -> 0 | AK20: ED1-PETE | AL20: =SUM($B20:$H20) -> 1 | AM20: =SUM(I20:O20) -> 1 | AN20: =SUM(P20:V20) -> 2 | AO20: =SUM(W20:AA20) -> 1 | AP20: =SUM(AD20:AJ20) -> 1 | AQ20: =SUM(AL20:AP20) -> 6
A21: ED1-TEL | B21: =COUNTIF(TT!$D$4:$D$25,TALLY!A21) -> 0 | C21: =COUNTIF(TT!$D$33:$D$50,TALLY!A21) -> 0 | D21: =COUNTIF(TT!$D$57:$D$75,TALLY!A21) -> 1 | E21: =COUNTIF(TT!$D$82:$D$95,TALLY!A21) -> 0 | F21: =COUNTIF(TT!$D$103:$D$112,TALLY!A21) -> 0 | G21: =COUNTIF(TT!$D$120:$D$130,TALLY!A21) -> 1 | H21: =COUNTIF(TT!$D$138:$D$153,TALLY!A21) -> 0 | I21: =COUNTIF(TT!$D$160:$D$170,TALLY!A21) -> 0 | J21: =COUNTIF(TT!$D$177:$D$187,TALLY!A21) -> 1 | K21: =COUNTIF(TT!$D$194:$D$206,TALLY!A21) -> 0 | L21: =COUNTIF(TT!$D$215:$D$226,TALLY!A21) -> 0 | M21: =COUNTIF(TT!$D$234:$D$243,TALLY!A21) -> 1 | N21: =COUNTIF(TT!$D$250:$D$262,TALLY!A21) -> 0 | O21: =COUNTIF(TT!$D$270:$D$277,TALLY!A21) -> 0 | P21: =COUNTIF(TT!$D$284:$D$293,TALLY!A21) -> 1 | Q21: =COUNTIF(TT!$D$300:$D$313,TALLY!A21) -> 0 | R21: =COUNTIF(TT!$D$320:$D$333,TALLY!A21) -> 0 | S21: =COUNTIF(TT!$D$342:$D$352,TALLY!A21) -> 1 | T21: =COUNTIF(TT!$D$359:$D$376,TALLY!A21) -> 0 | U21: =COUNTIF(TT!$D$383:$D$398,TALLY!A21) -> 0 | V21: =COUNTIF(TT!$D$405:$D$424,TALLY!A21) -> 0 | W21: =COUNTIF(TT!$D$432:$D$442,TALLY!A21) -> 0 | X21: =COUNTIF(TT!$D$449:$D$460,TALLY!A21) -> 0 | Y21: =COUNTIF(TT!$D$467:$D$476,TALLY!A21) -> 0 | Z21: =COUNTIF(TT!$D$483:$D$500,TALLY!A21) -> 1 | AA21: =COUNTIF(TT!$D$507:$D$522,TALLY!A21) -> 0 | AB21: =COUNTIF(TT!$D$529:$D$540,TALLY!A21) -> 0 | AC21: =COUNTIF(TT!$D$546:$D$555,TALLY!A21) -> 0 | AD21: =COUNTIF(TT!$D$563:$D$573,TALLY!A21) -> 1 | AE21: =COUNTIF(TT!$D$582:$D$609,TALLY!A21) -> 0 | AF21: =COUNTIF(TT!$D$615:$D$626,TALLY!A21) -> 0 | AG21: =COUNTIF(TT!$D$635:$D$648,TALLY!A21) -> 0 | AH21: =COUNTIF(TT!$D$655:$D$668,TALLY!A21) -> 0 | AI21: =COUNTIF(TT!$D$675:$D$687,TALLY!A21) -> 0 | AK21: ED1-TEL | AL21: =SUM($B21:$H21) -> 2 | AM21: =SUM(I21:O21) -> 2 | AN21: =SUM(P21:V21) -> 2 | AO21: =SUM(W21:AA21) -> 1 | AP21: =SUM(AD21:AJ21) -> 1 | AQ21: =SUM(AL21:AP21) -> 8
A22: ED2-AE | B22: =COUNTIF(TT!$D$4:$D$25,TALLY!A22) -> 1 | C22: =COUNTIF(TT!$D$33:$D$50,TALLY!A22) -> 0 | D22: =COUNTIF(TT!$D$57:$D$75,TALLY!A22) -> 0 | E22: =COUNTIF(TT!$D$82:$D$95,TALLY!A22) -> 0 | F22: =COUNTIF(TT!$D$103:$D$112,TALLY!A22) -> 1 | G22: =COUNTIF(TT!$D$120:$D$130,TALLY!A22) -> 0 | H22: =COUNTIF(TT!$D$138:$D$153,TALLY!A22) -> 0 | I22: =COUNTIF(TT!$D$160:$D$170,TALLY!A22) -> 0 | J22: =COUNTIF(TT!$D$177:$D$187,TALLY!A22) -> 0 | K22: =COUNTIF(TT!$D$194:$D$206,TALLY!A22) -> 0 | L22: =COUNTIF(TT!$D$215:$D$226,TALLY!A22) -> 0 | M22: =COUNTIF(TT!$D$234:$D$243,TALLY!A22) -> 0 | N22: =COUNTIF(TT!$D$250:$D$262,TALLY!A22) -> 0 | O22: =COUNTIF(TT!$D$270:$D$277,TALLY!A22) -> 0 | P22: =COUNTIF(TT!$D$284:$D$293,TALLY!A22) -> 0 | Q22: =COUNTIF(TT!$D$300:$D$313,TALLY!A22) -> 1 | R22: =COUNTIF(TT!$D$320:$D$333,TALLY!A22) -> 0 | S22: =COUNTIF(TT!$D$342:$D$352,TALLY!A22) -> 0 | T22: =COUNTIF(TT!$D$359:$D$376,TALLY!A22) -> 0 | U22: =COUNTIF(TT!$D$383:$D$398,TALLY!A22) -> 0 | V22: =COUNTIF(TT!$D$405:$D$424,TALLY!A22) -> 0 | W22: =COUNTIF(TT!$D$432:$D$442,TALLY!A22) -> 0 | X22: =COUNTIF(TT!$D$449:$D$460,TALLY!A22) -> 0 | Y22: =COUNTIF(TT!$D$467:$D$476,TALLY!A22) -> 1 | Z22: =COUNTIF(TT!$D$483:$D$500,TALLY!A22) -> 0 | AA22: =COUNTIF(TT!$D$507:$D$522,TALLY!A22) -> 0 | AB22: =COUNTIF(TT!$D$529:$D$540,TALLY!A22) -> 0 | AC22: =COUNTIF(TT!$D$546:$D$555,TALLY!A22) -> 0 | AD22: =COUNTIF(TT!$D$563:$D$573,TALLY!A22) -> 1 | AE22: =COUNTIF(TT!$D$582:$D$609,TALLY!A22) -> 1 | AF22: =COUNTIF(TT!$D$615:$D$626,TALLY!A22) -> 0 | AG22: =COUNTIF(TT!$D$635:$D$648,TALLY!A22) -> 0 | AH22: =COUNTIF(TT!$D$655:$D$668,TALLY!A22) -> 0 | AI22: =COUNTIF(TT!$D$675:$D$687,TALLY!A22) -> 0 | AK22: ED2-AE | AL22: =SUM($B22:$H22) -> 2 | AM22: =SUM(I22:O22) -> 0 | AN22: =SUM(P22:V22) -> 1 | AO22: =SUM(W22:AA22) -> 1 | AP22: =SUM(AD22:AJ22) -> 2 | AQ22: =SUM(AL22:AP22) -> 6
A23: ED2-AERO | B23: =COUNTIF(TT!$D$4:$D$25,TALLY!A23) -> 0 | C23: =COUNTIF(TT!$D$33:$D$50,TALLY!A23) -> 1 | D23: =COUNTIF(TT!$D$57:$D$75,TALLY!A23) -> 0 | E23: =COUNTIF(TT!$D$82:$D$95,TALLY!A23) -> 0 | F23: =COUNTIF(TT!$D$103:$D$112,TALLY!A23) -> 0 | G23: =COUNTIF(TT!$D$120:$D$130,TALLY!A23) -> 0 | H23: =COUNTIF(TT!$D$138:$D$153,TALLY!A23) -> 0 | I23: =COUNTIF(TT!$D$160:$D$170,TALLY!A23) -> 1 | J23: =COUNTIF(TT!$D$177:$D$187,TALLY!A23) -> 0 | K23: =COUNTIF(TT!$D$194:$D$206,TALLY!A23) -> 0 | L23: =COUNTIF(TT!$D$215:$D$226,TALLY!A23) -> 0 | M23: =COUNTIF(TT!$D$234:$D$243,TALLY!A23) -> 0 | N23: =COUNTIF(TT!$D$250:$D$262,TALLY!A23) -> 0 | O23: =COUNTIF(TT!$D$270:$D$277,TALLY!A23) -> 0 | P23: =COUNTIF(TT!$D$284:$D$293,TALLY!A23) -> 0 | Q23: =COUNTIF(TT!$D$300:$D$313,TALLY!A23) -> 1 | R23: =COUNTIF(TT!$D$320:$D$333,TALLY!A23) -> 0 | S23: =COUNTIF(TT!$D$342:$D$352,TALLY!A23) -> 0 | T23: =COUNTIF(TT!$D$359:$D$376,TALLY!A23) -> 0 | U23: =COUNTIF(TT!$D$383:$D$398,TALLY!A23) -> 0 | V23: =COUNTIF(TT!$D$405:$D$424,TALLY!A23) -> 0 | W23: =COUNTIF(TT!$D$432:$D$442,TALLY!A23) -> 0 | X23: =COUNTIF(TT!$D$449:$D$460,TALLY!A23) -> 0 | Y23: =COUNTIF(TT!$D$467:$D$476,TALLY!A23) -> 1 | Z23: =COUNTIF(TT!$D$483:$D$500,TALLY!A23) -> 0 | AA23: =COUNTIF(TT!$D$507:$D$522,TALLY!A23) -> 0 | AB23: =COUNTIF(TT!$D$529:$D$540,TALLY!A23) -> 0 | AC23: =COUNTIF(TT!$D$546:$D$555,TALLY!A23) -> 0 | AD23: =COUNTIF(TT!$D$563:$D$573,TALLY!A23) -> 0 | AE23: =COUNTIF(TT!$D$582:$D$609,TALLY!A23) -> 1 | AF23: =COUNTIF(TT!$D$615:$D$626,TALLY!A23) -> 0 | AG23: =COUNTIF(TT!$D$635:$D$648,TALLY!A23) -> 0 | AH23: =COUNTIF(TT!$D$655:$D$668,TALLY!A23) -> 0 | AI23: =COUNTIF(TT!$D$675:$D$687,TALLY!A23) -> 1 | AK23: ED2-AERO | AL23: =SUM($B23:$H23) -> 1 | AM23: =SUM(I23:O23) -> 1 | AN23: =SUM(P23:V23) -> 1 | AO23: =SUM(W23:AA23) -> 1 | AP23: =SUM(AD23:AJ23) -> 2 | AQ23: =SUM(AL23:AP23) -> 6
A24: ED2-AUTO | B24: =COUNTIF(TT!$D$4:$D$25,TALLY!A24) -> 0 | C24: =COUNTIF(TT!$D$33:$D$50,TALLY!A24) -> 0 | D24: =COUNTIF(TT!$D$57:$D$75,TALLY!A24) -> 0 | E24: =COUNTIF(TT!$D$82:$D$95,TALLY!A24) -> 0 | F24: =COUNTIF(TT!$D$103:$D$112,TALLY!A24) -> 0 | G24: =COUNTIF(TT!$D$120:$D$130,TALLY!A24) -> 1 | H24: =COUNTIF(TT!$D$138:$D$153,TALLY!A24) -> 0 | I24: =COUNTIF(TT!$D$160:$D$170,TALLY!A24) -> 1 | J24: =COUNTIF(TT!$D$177:$D$187,TALLY!A24) -> 0 | K24: =COUNTIF(TT!$D$194:$D$206,TALLY!A24) -> 0 | L24: =COUNTIF(TT!$D$215:$D$226,TALLY!A24) -> 0 | M24: =COUNTIF(TT!$D$234:$D$243,TALLY!A24) -> 0 | N24: =COUNTIF(TT!$D$250:$D$262,TALLY!A24) -> 0 | O24: =COUNTIF(TT!$D$270:$D$277,TALLY!A24) -> 0 | P24: =COUNTIF(TT!$D$284:$D$293,TALLY!A24) -> 0 | Q24: =COUNTIF(TT!$D$300:$D$313,TALLY!A24) -> 0 | R24: =COUNTIF(TT!$D$320:$D$333,TALLY!A24) -> 0 | S24: =COUNTIF(TT!$D$342:$D$352,TALLY!A24) -> 0 | T24: =COUNTIF(TT!$D$359:$D$376,TALLY!A24) -> 0 | U24: =COUNTIF(TT!$D$383:$D$398,TALLY!A24) -> 1 | V24: =COUNTIF(TT!$D$405:$D$424,TALLY!A24) -> 0 | W24: =COUNTIF(TT!$D$432:$D$442,TALLY!A24) -> 0 | X24: =COUNTIF(TT!$D$449:$D$460,TALLY!A24) -> 0 | Y24: =COUNTIF(TT!$D$467:$D$476,TALLY!A24) -> 0 | Z24: =COUNTIF(TT!$D$483:$D$500,TALLY!A24) -> 1 | AA24: =COUNTIF(TT!$D$507:$D$522,TALLY!A24) -> 0 | AB24: =COUNTIF(TT!$D$529:$D$540,TALLY!A24) -> 0 | AC24: =COUNTIF(TT!$D$546:$D$555,TALLY!A24) -> 0 | AD24: =COUNTIF(TT!$D$563:$D$573,TALLY!A24) -> 0 | AE24: =COUNTIF(TT!$D$582:$D$609,TALLY!A24) -> 1 | AF24: =COUNTIF(TT!$D$615:$D$626,TALLY!A24) -> 0 | AG24: =COUNTIF(TT!$D$635:$D$648,TALLY!A24) -> 0 | AH24: =COUNTIF(TT!$D$655:$D$668,TALLY!A24) -> 0 | AI24: =COUNTIF(TT!$D$675:$D$687,TALLY!A24) -> 0 | AK24: ED2-AUTO | AL24: =SUM($B24:$H24) -> 1 | AM24: =SUM(I24:O24) -> 1 | AN24: =SUM(P24:V24) -> 1 | AO24: =SUM(W24:AA24) -> 1 | AP24: =SUM(AD24:AJ24) -> 1 | AQ24: =SUM(AL24:AP24) -> 5
A25: ED2-BME | B25: =COUNTIF(TT!$D$4:$D$25,TALLY!A25) -> 0 | C25: =COUNTIF(TT!$D$33:$D$50,TALLY!A25) -> 0 | D25: =COUNTIF(TT!$D$57:$D$75,TALLY!A25) -> 1 | E25: =COUNTIF(TT!$D$82:$D$95,TALLY!A25) -> 0 | F25: =COUNTIF(TT!$D$103:$D$112,TALLY!A25) -> 0 | G25: =COUNTIF(TT!$D$120:$D$130,TALLY!A25) -> 0 | H25: =COUNTIF(TT!$D$138:$D$153,TALLY!A25) -> 0 | I25: =COUNTIF(TT!$D$160:$D$170,TALLY!A25) -> 0 | J25: =COUNTIF(TT!$D$177:$D$187,TALLY!A25) -> 0 | K25: =COUNTIF(TT!$D$194:$D$206,TALLY!A25) -> 1 | L25: =COUNTIF(TT!$D$215:$D$226,TALLY!A25) -> 0 | M25: =COUNTIF(TT!$D$234:$D$243,TALLY!A25) -> 0 | N25: =COUNTIF(TT!$D$250:$D$262,TALLY!A25) -> 1 | O25: =COUNTIF(TT!$D$270:$D$277,TALLY!A25) -> 0 | P25: =COUNTIF(TT!$D$284:$D$293,TALLY!A25) -> 0 | Q25: =COUNTIF(TT!$D$300:$D$313,TALLY!A25) -> 0 | R25: =COUNTIF(TT!$D$320:$D$333,TALLY!A25) -> 0 | S25: =COUNTIF(TT!$D$342:$D$352,TALLY!A25) -> 0 | T25: =COUNTIF(TT!$D$359:$D$376,TALLY!A25) -> 1 | U25: =COUNTIF(TT!$D$383:$D$398,TALLY!A25) -> 0 | V25: =COUNTIF(TT!$D$405:$D$424,TALLY!A25) -> 0 | W25: =COUNTIF(TT!$D$432:$D$442,TALLY!A25) -> 0 | X25: =COUNTIF(TT!$D$449:$D$460,TALLY!A25) -> 1 | Y25: =COUNTIF(TT!$D$467:$D$476,TALLY!A25) -> 0 | Z25: =COUNTIF(TT!$D$483:$D$500,TALLY!A25) -> 0 | AA25: =COUNTIF(TT!$D$507:$D$522,TALLY!A25) -> 0 | AB25: =COUNTIF(TT!$D$529:$D$540,TALLY!A25) -> 0 | AC25: =COUNTIF(TT!$D$546:$D$555,TALLY!A25) -> 0 | AD25: =COUNTIF(TT!$D$563:$D$573,TALLY!A25) -> 0 | AE25: =COUNTIF(TT!$D$582:$D$609,TALLY!A25) -> 1 | AF25: =COUNTIF(TT!$D$615:$D$626,TALLY!A25) -> 0 | AG25: =COUNTIF(TT!$D$635:$D$648,TALLY!A25) -> 0 | AH25: =COUNTIF(TT!$D$655:$D$668,TALLY!A25) -> 1 | AI25: =COUNTIF(TT!$D$675:$D$687,TALLY!A25) -> 0 | AK25: ED2-BME | AL25: =SUM($B25:$H25) -> 1 | AM25: =SUM(I25:O25) -> 2 | AN25: =SUM(P25:V25) -> 1 | AO25: =SUM(W25:AA25) -> 1 | AP25: =SUM(AD25:AJ25) -> 2 | AQ25: =SUM(AL25:AP25) -> 7
A26: ED2-CE | B26: =COUNTIF(TT!$D$4:$D$25,TALLY!A26) -> 1 | C26: =COUNTIF(TT!$D$33:$D$50,TALLY!A26) -> 0 | D26: =COUNTIF(TT!$D$57:$D$75,TALLY!A26) -> 0 | E26: =COUNTIF(TT!$D$82:$D$95,TALLY!A26) -> 1 | F26: =COUNTIF(TT!$D$103:$D$112,TALLY!A26) -> 0 | G26: =COUNTIF(TT!$D$120:$D$130,TALLY!A26) -> 0 | H26: =COUNTIF(TT!$D$138:$D$153,TALLY!A26) -> 0 | I26: =COUNTIF(TT!$D$160:$D$170,TALLY!A26) -> 0 | J26: =COUNTIF(TT!$D$177:$D$187,TALLY!A26) -> 0 | K26: =COUNTIF(TT!$D$194:$D$206,TALLY!A26) -> 0 | L26: =COUNTIF(TT!$D$215:$D$226,TALLY!A26) -> 1 | M26: =COUNTIF(TT!$D$234:$D$243,TALLY!A26) -> 0 | N26: =COUNTIF(TT!$D$250:$D$262,TALLY!A26) -> 0 | O26: =COUNTIF(TT!$D$270:$D$277,TALLY!A26) -> 0 | P26: =COUNTIF(TT!$D$284:$D$293,TALLY!A26) -> 0 | Q26: =COUNTIF(TT!$D$300:$D$313,TALLY!A26) -> 0 | R26: =COUNTIF(TT!$D$320:$D$333,TALLY!A26) -> 0 | S26: =COUNTIF(TT!$D$342:$D$352,TALLY!A26) -> 0 | T26: =COUNTIF(TT!$D$359:$D$376,TALLY!A26) -> 1 | U26: =COUNTIF(TT!$D$383:$D$398,TALLY!A26) -> 0 | V26: =COUNTIF(TT!$D$405:$D$424,TALLY!A26) -> 0 | W26: =COUNTIF(TT!$D$432:$D$442,TALLY!A26) -> 0 | X26: =COUNTIF(TT!$D$449:$D$460,TALLY!A26) -> 0 | Y26: =COUNTIF(TT!$D$467:$D$476,TALLY!A26) -> 1 | Z26: =COUNTIF(TT!$D$483:$D$500,TALLY!A26) -> 0 | AA26: =COUNTIF(TT!$D$507:$D$522,TALLY!A26) -> 0 | AB26: =COUNTIF(TT!$D$529:$D$540,TALLY!A26) -> 0 | AC26: =COUNTIF(TT!$D$546:$D$555,TALLY!A26) -> 1 | AD26: =COUNTIF(TT!$D$563:$D$573,TALLY!A26) -> 0 | AE26: =COUNTIF(TT!$D$582:$D$609,TALLY!A26) -> 1 | AF26: =COUNTIF(TT!$D$615:$D$626,TALLY!A26) -> 0 | AG26: =COUNTIF(TT!$D$635:$D$648,TALLY!A26) -> 1 | AH26: =COUNTIF(TT!$D$655:$D$668,TALLY!A26) -> 0 | AI26: =COUNTIF(TT!$D$675:$D$687,TALLY!A26) -> 0 | AK26: ED2-CE | AL26: =SUM($B26:$H26) -> 2 | AM26: =SUM(I26:O26) -> 1 | AN26: =SUM(P26:V26) -> 1 | AO26: =SUM(W26:AA26) -> 1 | AP26: =SUM(AD26:AJ26) -> 2 | AQ26: =SUM(AL26:AP26) -> 7
A27: ED2-CHE | B27: =COUNTIF(TT!$D$4:$D$25,TALLY!A27) -> 0 | C27: =COUNTIF(TT!$D$33:$D$50,TALLY!A27) -> 1 | D27: =COUNTIF(TT!$D$57:$D$75,TALLY!A27) -> 0 | E27: =COUNTIF(TT!$D$82:$D$95,TALLY!A27) -> 0 | F27: =COUNTIF(TT!$D$103:$D$112,TALLY!A27) -> 0 | G27: =COUNTIF(TT!$D$120:$D$130,TALLY!A27) -> 0 | H27: =COUNTIF(TT!$D$138:$D$153,TALLY!A27) -> 1 | I27: =COUNTIF(TT!$D$160:$D$170,TALLY!A27) -> 0 | J27: =COUNTIF(TT!$D$177:$D$187,TALLY!A27) -> 0 | K27: =COUNTIF(TT!$D$194:$D$206,TALLY!A27) -> 0 | L27: =COUNTIF(TT!$D$215:$D$226,TALLY!A27) -> 0 | M27: =COUNTIF(TT!$D$234:$D$243,TALLY!A27) -> 1 | N27: =COUNTIF(TT!$D$250:$D$262,TALLY!A27) -> 0 | O27: =COUNTIF(TT!$D$270:$D$277,TALLY!A27) -> 0 | P27: =COUNTIF(TT!$D$284:$D$293,TALLY!A27) -> 0 | Q27: =COUNTIF(TT!$D$300:$D$313,TALLY!A27) -> 0 | R27: =COUNTIF(TT!$D$320:$D$333,TALLY!A27) -> 0 | S27: =COUNTIF(TT!$D$342:$D$352,TALLY!A27) -> 1 | T27: =COUNTIF(TT!$D$359:$D$376,TALLY!A27) -> 0 | U27: =COUNTIF(TT!$D$383:$D$398,TALLY!A27) -> 0 | V27: =COUNTIF(TT!$D$405:$D$424,TALLY!A27) -> 1 | W27: =COUNTIF(TT!$D$432:$D$442,TALLY!A27) -> 0 | X27: =COUNTIF(TT!$D$449:$D$460,TALLY!A27) -> 0 | Y27: =COUNTIF(TT!$D$467:$D$476,TALLY!A27) -> 1 | Z27: =COUNTIF(TT!$D$483:$D$500,TALLY!A27) -> 0 | AA27: =COUNTIF(TT!$D$507:$D$522,TALLY!A27) -> 0 | AB27: =COUNTIF(TT!$D$529:$D$540,TALLY!A27) -> 0 | AC27: =COUNTIF(TT!$D$546:$D$555,TALLY!A27) -> 0 | AD27: =COUNTIF(TT!$D$563:$D$573,TALLY!A27) -> 0 | AE27: =COUNTIF(TT!$D$582:$D$609,TALLY!A27) -> 0 | AF27: =COUNTIF(TT!$D$615:$D$626,TALLY!A27) -> 0 | AG27: =COUNTIF(TT!$D$635:$D$648,TALLY!A27) -> 1 | AH27: =COUNTIF(TT!$D$655:$D$668,TALLY!A27) -> 0 | AI27: =COUNTIF(TT!$D$675:$D$687,TALLY!A27) -> 0 | AK27: ED2-CHE | AL27: =SUM($B27:$H27) -> 2 | AM27: =SUM(I27:O27) -> 1 | AN27: =SUM(P27:V27) -> 2 | AO27: =SUM(W27:AA27) -> 1 | AP27: =SUM(AD27:AJ27) -> 1 | AQ27: =SUM(AL27:AP27) -> 7
A28: ED2-COE | B28: =COUNTIF(TT!$D$4:$D$25,TALLY!A28) -> 0 | C28: =COUNTIF(TT!$D$33:$D$50,TALLY!A28) -> 0 | D28: =COUNTIF(TT!$D$57:$D$75,TALLY!A28) -> 1 | E28: =COUNTIF(TT!$D$82:$D$95,TALLY!A28) -> 0 | F28: =COUNTIF(TT!$D$103:$D$112,TALLY!A28) -> 0 | G28: =COUNTIF(TT!$D$120:$D$130,TALLY!A28) -> 1 | H28: =COUNTIF(TT!$D$138:$D$153,TALLY!A28) -> 0 | I28: =COUNTIF(TT!$D$160:$D$170,TALLY!A28) -> 0 | J28: =COUNTIF(TT!$D$177:$D$187,TALLY!A28) -> 0 | K28: =COUNTIF(TT!$D$194:$D$206,TALLY!A28) -> 0 | L28: =COUNTIF(TT!$D$215:$D$226,TALLY!A28) -> 0 | M28: =COUNTIF(TT!$D$234:$D$243,TALLY!A28) -> 0 | N28: =COUNTIF(TT!$D$250:$D$262,TALLY!A28) -> 0 | O28: =COUNTIF(TT!$D$270:$D$277,TALLY!A28) -> 0 | P28: =COUNTIF(TT!$D$284:$D$293,TALLY!A28) -> 1 | Q28: =COUNTIF(TT!$D$300:$D$313,TALLY!A28) -> 0 | R28: =COUNTIF(TT!$D$320:$D$333,TALLY!A28) -> 0 | S28: =COUNTIF(TT!$D$342:$D$352,TALLY!A28) -> 0 | T28: =COUNTIF(TT!$D$359:$D$376,TALLY!A28) -> 1 | U28: =COUNTIF(TT!$D$383:$D$398,TALLY!A28) -> 0 | V28: =COUNTIF(TT!$D$405:$D$424,TALLY!A28) -> 0 | W28: =COUNTIF(TT!$D$432:$D$442,TALLY!A28) -> 0 | X28: =COUNTIF(TT!$D$449:$D$460,TALLY!A28) -> 1 | Y28: =COUNTIF(TT!$D$467:$D$476,TALLY!A28) -> 0 | Z28: =COUNTIF(TT!$D$483:$D$500,TALLY!A28) -> 0 | AA28: =COUNTIF(TT!$D$507:$D$522,TALLY!A28) -> 0 | AB28: =COUNTIF(TT!$D$529:$D$540,TALLY!A28) -> 1 | AC28: =COUNTIF(TT!$D$546:$D$555,TALLY!A28) -> 0 | AD28: =COUNTIF(TT!$D$563:$D$573,TALLY!A28) -> 0 | AE28: =COUNTIF(TT!$D$582:$D$609,TALLY!A28) -> 1 | AF28: =COUNTIF(TT!$D$615:$D$626,TALLY!A28) -> 0 | AG28: =COUNTIF(TT!$D$635:$D$648,TALLY!A28) -> 0 | AH28: =COUNTIF(TT!$D$655:$D$668,TALLY!A28) -> 1 | AI28: =COUNTIF(TT!$D$675:$D$687,TALLY!A28) -> 0 | AK28: ED2-COE | AL28: =SUM($B28:$H28) -> 2 | AM28: =SUM(I28:O28) -> 0 | AN28: =SUM(P28:V28) -> 2 | AO28: =SUM(W28:AA28) -> 1 | AP28: =SUM(AD28:AJ28) -> 2 | AQ28: =SUM(AL28:AP28) -> 7
A29: ED2-EE | B29: =COUNTIF(TT!$D$4:$D$25,TALLY!A29) -> 0 | C29: =COUNTIF(TT!$D$33:$D$50,TALLY!A29) -> 0 | D29: =COUNTIF(TT!$D$57:$D$75,TALLY!A29) -> 0 | E29: =COUNTIF(TT!$D$82:$D$95,TALLY!A29) -> 0 | F29: =COUNTIF(TT!$D$103:$D$112,TALLY!A29) -> 0 | G29: =COUNTIF(TT!$D$120:$D$130,TALLY!A29) -> 1 | H29: =COUNTIF(TT!$D$138:$D$153,TALLY!A29) -> 0 | I29: =COUNTIF(TT!$D$160:$D$170,TALLY!A29) -> 0 | J29: =COUNTIF(TT!$D$177:$D$187,TALLY!A29) -> 0 | K29: =COUNTIF(TT!$D$194:$D$206,TALLY!A29) -> 0 | L29: =COUNTIF(TT!$D$215:$D$226,TALLY!A29) -> 0 | M29: =COUNTIF(TT!$D$234:$D$243,TALLY!A29) -> 0 | N29: =COUNTIF(TT!$D$250:$D$262,TALLY!A29) -> 0 | O29: =COUNTIF(TT!$D$270:$D$277,TALLY!A29) -> 0 | P29: =COUNTIF(TT!$D$284:$D$293,TALLY!A29) -> 1 | Q29: =COUNTIF(TT!$D$300:$D$313,TALLY!A29) -> 0 | R29: =COUNTIF(TT!$D$320:$D$333,TALLY!A29) -> 0 | S29: =COUNTIF(TT!$D$342:$D$352,TALLY!A29) -> 0 | T29: =COUNTIF(TT!$D$359:$D$376,TALLY!A29) -> 1 | U29: =COUNTIF(TT!$D$383:$D$398,TALLY!A29) -> 0 | V29: =COUNTIF(TT!$D$405:$D$424,TALLY!A29) -> 0 | W29: =COUNTIF(TT!$D$432:$D$442,TALLY!A29) -> 0 | X29: =COUNTIF(TT!$D$449:$D$460,TALLY!A29) -> 0 | Y29: =COUNTIF(TT!$D$467:$D$476,TALLY!A29) -> 1 | Z29: =COUNTIF(TT!$D$483:$D$500,TALLY!A29) -> 0 | AA29: =COUNTIF(TT!$D$507:$D$522,TALLY!A29) -> 0 | AB29: =COUNTIF(TT!$D$529:$D$540,TALLY!A29) -> 0 | AC29: =COUNTIF(TT!$D$546:$D$555,TALLY!A29) -> 0 | AD29: =COUNTIF(TT!$D$563:$D$573,TALLY!A29) -> 1 | AE29: =COUNTIF(TT!$D$582:$D$609,TALLY!A29) -> 0 | AF29: =COUNTIF(TT!$D$615:$D$626,TALLY!A29) -> 0 | AG29: =COUNTIF(TT!$D$635:$D$648,TALLY!A29) -> 0 | AH29: =COUNTIF(TT!$D$655:$D$668,TALLY!A29) -> 1 | AI29: =COUNTIF(TT!$D$675:$D$687,TALLY!A29) -> 0 | AK29: ED2-EE | AL29: =SUM($B29:$H29) -> 1 | AM29: =SUM(I29:O29) -> 0 | AN29: =SUM(P29:V29) -> 2 | AO29: =SUM(W29:AA29) -> 1 | AP29: =SUM(AD29:AJ29) -> 2 | AQ29: =SUM(AL29:AP29) -> 6
A30: ED2-GEOL | B30: =COUNTIF(TT!$D$4:$D$25,TALLY!A30) -> 0 | C30: =COUNTIF(TT!$D$33:$D$50,TALLY!A30) -> 1 | D30: =COUNTIF(TT!$D$57:$D$75,TALLY!A30) -> 0 | E30: =COUNTIF(TT!$D$82:$D$95,TALLY!A30) -> 0 | F30: =COUNTIF(TT!$D$103:$D$112,TALLY!A30) -> 1 | G30: =COUNTIF(TT!$D$120:$D$130,TALLY!A30) -> 0 | H30: =COUNTIF(TT!$D$138:$D$153,TALLY!A30) -> 0 | I30: =COUNTIF(TT!$D$160:$D$170,TALLY!A30) -> 0 | J30: =COUNTIF(TT!$D$177:$D$187,TALLY!A30) -> 0 | K30: =COUNTIF(TT!$D$194:$D$206,TALLY!A30) -> 0 | L30: =COUNTIF(TT!$D$215:$D$226,TALLY!A30) -> 1 | M30: =COUNTIF(TT!$D$234:$D$243,TALLY!A30) -> 0 | N30: =COUNTIF(TT!$D$250:$D$262,TALLY!A30) -> 0 | O30: =COUNTIF(TT!$D$270:$D$277,TALLY!A30) -> 0 | P30: =COUNTIF(TT!$D$284:$D$293,TALLY!A30) -> 0 | Q30: =COUNTIF(TT!$D$300:$D$313,TALLY!A30) -> 0 | R30: =COUNTIF(TT!$D$320:$D$333,TALLY!A30) -> 0 | S30: =COUNTIF(TT!$D$342:$D$352,TALLY!A30) -> 1 | T30: =COUNTIF(TT!$D$359:$D$376,TALLY!A30) -> 0 | U30: =COUNTIF(TT!$D$383:$D$398,TALLY!A30) -> 0 | V30: =COUNTIF(TT!$D$405:$D$424,TALLY!A30) -> 0 | W30: =COUNTIF(TT!$D$432:$D$442,TALLY!A30) -> 0 | X30: =COUNTIF(TT!$D$449:$D$460,TALLY!A30) -> 0 | Y30: =COUNTIF(TT!$D$467:$D$476,TALLY!A30) -> 0 | Z30: =COUNTIF(TT!$D$483:$D$500,TALLY!A30) -> 0 | AA30: =COUNTIF(TT!$D$507:$D$522,TALLY!A30) -> 1 | AB30: =COUNTIF(TT!$D$529:$D$540,TALLY!A30) -> 0 | AC30: =COUNTIF(TT!$D$546:$D$555,TALLY!A30) -> 0 | AD30: =COUNTIF(TT!$D$563:$D$573,TALLY!A30) -> 0 | AE30: =COUNTIF(TT!$D$582:$D$609,TALLY!A30) -> 1 | AF30: =COUNTIF(TT!$D$615:$D$626,TALLY!A30) -> 0 | AG30: =COUNTIF(TT!$D$635:$D$648,TALLY!A30) -> 1 | AH30: =COUNTIF(TT!$D$655:$D$668,TALLY!A30) -> 0 | AI30: =COUNTIF(TT!$D$675:$D$687,TALLY!A30) -> 0 | AK30: ED2-GEOL | AL30: =SUM($B30:$H30) -> 2 | AM30: =SUM(I30:O30) -> 1 | AN30: =SUM(P30:V30) -> 1 | AO30: =SUM(W30:AA30) -> 1 | AP30: =SUM(AD30:AJ30) -> 2 | AQ30: =SUM(AL30:AP30) -> 7
... A75: ED4-TEL | B75: =COUNTIF(TT!$D$4:$D$25,TALLY!A75) -> 0 | C75: =COUNTIF(TT!$D$33:$D$50,TALLY!A75) -> 1 | D75: =COUNTIF(TT!$D$57:$D$75,TALLY!A75) -> 0 | E75: =COUNTIF(TT!$D$82:$D$95,TALLY!A75) -> 0 | F75: =COUNTIF(TT!$D$103:$D$112,TALLY!A75) -> 0 | G75: =COUNTIF(TT!$D$120:$D$130,TALLY!A75) -> 0 | H75: =COUNTIF(TT!$D$138:$D$153,TALLY!A75) -> 0 | I75: =COUNTIF(TT!$D$160:$D$170,TALLY!A75) -> 0 | J75: =COUNTIF(TT!$D$177:$D$187,TALLY!A75) -> 0 | K75: =COUNTIF(TT!$D$194:$D$206,TALLY!A75) -> 0 | L75: =COUNTIF(TT!$D$215:$D$226,TALLY!A75) -> 0 | M75: =COUNTIF(TT!$D$234:$D$243,TALLY!A75) -> 1 | N75: =COUNTIF(TT!$D$250:$D$262,TALLY!A75) -> 0 | O75: =COUNTIF(TT!$D$270:$D$277,TALLY!A75) -> 0 | P75: =COUNTIF(TT!$D$284:$D$293,TALLY!A75) -> 0 | Q75: =COUNTIF(TT!$D$300:$D$313,TALLY!A75) -> 0 | R75: =COUNTIF(TT!$D$320:$D$333,TALLY!A75) -> 0 | S75: =COUNTIF(TT!$D$342:$D$352,TALLY!A75) -> 0 | T75: =COUNTIF(TT!$D$359:$D$376,TALLY!A75) -> 0 | U75: =COUNTIF(TT!$D$383:$D$398,TALLY!A75) -> 0 | V75: =COUNTIF(TT!$D$405:$D$424,TALLY!A75) -> 1 | W75: =COUNTIF(TT!$D$432:$D$442,TALLY!A75) -> 0 | X75: =COUNTIF(TT!$D$449:$D$460,TALLY!A75) -> 0 | Y75: =COUNTIF(TT!$D$467:$D$476,TALLY!A75) -> 0 | Z75: =COUNTIF(TT!$D$483:$D$500,TALLY!A75) -> 0 | AA75: =COUNTIF(TT!$D$507:$D$522,TALLY!A75) -> 1 | AB75: =COUNTIF(TT!$D$529:$D$540,TALLY!A75) -> 0 | AC75: =COUNTIF(TT!$D$546:$D$555,TALLY!A75) -> 0 | AD75: =COUNTIF(TT!$D$563:$D$573,TALLY!A75) -> 0 | AE75: =COUNTIF(TT!$D$582:$D$609,TALLY!A75) -> 0 | AF75: =COUNTIF(TT!$D$615:$D$626,TALLY!A75) -> 0 | AG75: =COUNTIF(TT!$D$635:$D$648,TALLY!A75) -> 1 | AH75: =COUNTIF(TT!$D$655:$D$668,TALLY!A75) -> 0 | AI75: =COUNTIF(TT!$D$675:$D$687,TALLY!A75) -> 0 | AK75: ED4-TEL | AL75: =SUM($B75:$H75) -> 1 | AM75: =SUM(I75:O75) -> 1 | AN75: =SUM(P75:V75) -> 1 | AO75: =SUM(W75:AA75) -> 1 | AP75: =SUM(AD75:AJ75) -> 1 | AQ75: =SUM(AL75:AP75) -> 5

Sheet combined_data
B1: Course Name | C1: Name of Lecturer | D1: No. of Students | E1: Unnamed: 1 | F1: Course Code
A2: =CONCATENATE(F2,",",E2) -> AE 158,ED1-AE | B2: INTRODUCTION TO INFORMATION TECHNOLOGY | C2: {=VLOOKUP(A2:A549,'Combined Data'!A1:C547,2,FALSE)} -> Introduction To Information Technology | D2: 157 | E2: ED1-AE | F2: AE 158
A3: =CONCATENATE(F3,",",E3) -> AE 162,ED1-AE | B3: BASIC AGRICULTURE | C3: Basic Agriculture | D3: 157 | E3: ED1-AE | F3: AE 162
A4: =CONCATENATE(F4,",",E4) -> AE 196,ED1-AE | B4: ENGINEERING WORKSHOP PRACTICE | C4: Engineering Workshop Practice | D4: 157 | E4: ED1-AE | F4: AE 196
A5: =CONCATENATE(F5,",",E5) -> EE 152,ED1-AE | B5: BASIC ELECTRONICS | C5: Basic Electronics | D5: 157 | E5: ED1-AE | F5: EE 152
A6: =CONCATENATE(F6,",",E6) -> ENGL 158,ED1-AE | B6: COMMUNICATION SKILLS II | C6: Communication Skills II | D6: 157 | E6: ED1-AE | F6: ENGL 158
A7: =CONCATENATE(F7,",",E7) -> MATH 152,ED1-AE | B7: CALCULUS WITH ANALYSIS | C7: Calculus With Analysis | D7: 157 | E7: ED1-AE | F7: MATH 152
A8: =CONCATENATE(F8,",",E8) -> ME 160,ED1-AE | B8: ENGINEERING DRAWING | C8: Engineering Drawing | D8: 157 | E8: ED1-AE | F8: ME 160
A9: =CONCATENATE(F9,",",E9) -> ME 162,ED1-AE | B9: BASIC MECHANICS | C9: Basic Mechanics | D9: 157 | E9: ED1-AE | F9: ME 162
A10: =CONCATENATE(F10,",",E10) -> EE 252,ED2-AE | B10: ELECTRICAL ENGINEERING MACHINES | C10: Electrical Engineering Machines | D10: 111 | E10: ED2-AE | F10: EE 252
A11: =CONCATENATE(F11,",",E11) -> ENGL 264,ED2-AE | B11: LITERATURE IN ENGLISH II | C11: Literature In English II | D11: 111 | E11: ED2-AE | F11: ENGL 264
A12: =CONCATENATE(F12,",",E12) -> GE 286,ED2-AE | B12: PRINCIPLES OF SURVEYING | C12: Principles Of Surveying | D12: 111 | E12: ED2-AE | F12: GE 286
A13: =CONCATENATE(F13,",",E13) -> MATH 252,ED2-AE | B13: CALCULUS WITH SEVERAL VARIABLES | C13: Calculus With Several Variables | D13: 111 | E13: ED2-AE | F13: MATH 252
A14: =CONCATENATE(F14,",",E14) -> ME 262,ED2-AE | B14: THEORY OF MACHINES | C14: Theory Of Machines | D14: 111 | E14: ED2-AE | F14: ME 262
... A86: =CONCATENATE(F86,",",E86) -> AME 496,ED4-AUTO | B86: VEHICLE MAINTENANCE AND REGULATION | C86: Vehicle Maintenance And Regulation | D86: 78 | E86: ED4-AUTO | F86: AME 496
A87: =CONCATENATE(F87,",",E87) -> AME 498,ED4-AUTO | B87: FINAL YEAR PROJECT II | C87: #N/A | D87: 78 | E87: ED4-AUTO | F87: AME 498
A88: =CONCATENATE(F88,",",E88) -> ME 456,ED4-AUTO | B88: INTRODUCTION TO FINITE ELEMENT | C88: Finite Element Methods | D88: 78 | E88: ED4-AUTO | F88: ME 456
A89: =CONCATENATE(F89,",",E89) -> ME 492,ED4-AUTO | B89: MANAGEMENT AND ENTREPRENEURSHIP DEVELOPMENT | C89: Management And Entrepreneurship Development | D89: 78 | E89: ED4-AUTO | F89: ME 492
A90: =CONCATENATE(F90,",",E90) -> COE 152,ED1-BME | B90: BASIC ELECTRONICS | C90: Basic Electronics | D90: 86 | E90: ED1-BME | F90: COE 152
A91: =CONCATENATE(F91,",",E91) -> ENGL 158,ED1-BME | B91: COMMUNICATION SKILLS II | C91: Communication Skills II | D91: 86 | E91: ED1-BME | F91: ENGL 158
A92: =CONCATENATE(F92,",",E92) -> COE 181,ED1-BME | B92: Applied Electricity | C92: Applied Electricity | D92: 86 | E92: ED1-BME | F92: COE 181
A93: =CONCATENATE(F93,",",E93) -> MATH 152,ED1-BME | B93: CALCULUS WITH ANALYSIS | C93: Calculus With Analysis | D93: 86 | E93: ED1-BME | F93: MATH 152
A94: =CONCATENATE(F94,",",E94) -> PHY 154,ED1-BME | B94: PROPERTIES OF MATTER | C94: Properties Of Matter | D94: 86 | E94: ED1-BME | F94: PHY 154
A95: =CONCATENATE(F95,",",E95) -> ME 161,ED1-BME | B95: Basic Mechanics | C95: Basic Mechanics | D95: 86 | E95: ED1-BME | F95: ME 161
A96: =CONCATENATE(F96,",",E96) -> SOC 152,ED1-BME | B96: INTRODUCTION TO SOCIOLOGY II | C96: Introduction To Sociology II | D96: 86 | E96: ED1-BME | F96: SOC 152
A97: =CONCATENATE(F97,",",E97) -> BME 161,ED1-BME | B97: CELL BIOLOGY | C97: Cell Biology | D97: 86 | E97: ED1-BME | F97: BME 161
A98: =CONCATENATE(F98,",",E98) -> SSN 166,ED1-BME | B98: BIOCHEMISTRY | C98: Biochemistry | D98: 86 | E98: ED1-BME | F98: SSN 166
A99: =CONCATENATE(F99,",",E99) -> ME 166,ED1-BME | B99: THERMODYNAMICS I | C99: THERMODYNAMICS I | D99: 86 | E99: ED1-BME | F99: ME 166
... A180: =CONCATENATE(F180,",",E180) -> CHE 468,ED4-CHE | B180: ENVIRONMENTAL ENG. TECHNOLOGY | C180: Environmental Eng. Technology | D180: 50 | E180: ED4-CHE | F180: CHE 468
A181: =CONCATENATE(F181,",",E181) -> CHE 466,ED4-CHE | C181: Pulp And Paper Technology | D181: 50 | E181: ED4-CHE | F181: CHE 466
A182: =CONCATENATE(F182,",",E182) -> CHE 470,ED4-CHE | B182: PHARMACEUTICAL TECHNOLOGY | C182: Pharmaceutical Technology | D182: 71 | E182: ED4-CHE | F182: CHE 470
A183: =CONCATENATE(F183,",",E183) -> PCE 464,ED4-CHE | B183: REFINING PROCESSES TECHNOLOGY | C183: Refining Processes Technology | D183: 70 | E183: ED4-CHE | F183: PCE 464
A184: =CONCATENATE(F184,",",E184) -> COE 152,ED1-COE | B184: BASIC ELECTRONICS | C184: Basic Electronics | D184: 255 | E184: ED1-COE | F184: COE 152
A185: =CONCATENATE(F185,",",E185) -> COE 158,ED1-COE | B185: INTRODUCTION TO INFORMATION TECHNOLOGY | C185: Introduction To Information Technology | D185: 255 | E185: ED1-COE | F185: COE 158
A186: =CONCATENATE(F186,",",E186) -> EE 156,ED1-COE | B186: ELECTRICAL ENG. DRAWING | C186: Electrical Eng. Drawing | D186: 255 | E186: ED1-COE | F186: EE 156
A187: =CONCATENATE(F187,",",E187) -> EE 172,ED1-COE | B187: ELECTRICAL MACHINES | C187: Electrical Machines | D187: 255 | E187: ED1-COE | F187: EE 172
A188: =CONCATENATE(F188,",",E188) -> ENGL 158,ED1-COE | B188: COMMUNICATION SKILLS II | C188: Communication Skills II | D188: 255 | E188: ED1-COE | F188: ENGL 158
A189: =CONCATENATE(F189,",",E189) -> MATH 152,ED1-COE | B189: CALCULUS WITH ANALYSIS | C189: Calculus With Analysis | D189: 255 | E189: ED1-COE | F189: MATH 152
A190: =CONCATENATE(F190,",",E190) -> coe 382,ED1-COE | B190: Digital System Design II | C190: Digital System Design II | D190: 255 | E190: ED1-COE | F190: coe 382
A191: =CONCATENATE(F191,",",E191) -> ACF 256,ED2-COE | B191: FINANCIAL ACCOUNTING II | C191: Financial Accounting II | D191: 36 | E191: ED2-COE | F191: ACF 256
A192: =CONCATENATE(F192,",",E192) -> COE 254,ED2-COE | B192: OBJECT-ORIENTED PROGRAMMING | C192: Object-Oriented Programming | D192: 277 | E192: ED2-COE | F192: COE 254
A193: =CONCATENATE(F193,",",E193) -> COE 272,ED2-COE | B193: DIGITAL SYSTEMS DESIGN I | C193: Digital Systems Design I | D193: 277 | E193: ED2-COE | F193: COE 272
... A230: =CONCATENATE(F230,",",E230) -> TE 262,ED2-EE | B230: ELECTROMAGNETIC FIELDS | C230: Electromagnetic Field Theory | D230: 256 | E230: ED2-EE | F230: TE 262
A231: COE 382,ED3-EE | B231: DIGITAL COMPUTER DESIGN | C231: Digital Computer Design | D231: 29 | E231: ED3-EE | F231: COE 382
A232: =CONCATENATE(F232,",",E232) -> EE 360,ED3-EE | B232: HIGH VOLTAGE ENGINEERING | C232: High Voltage Engineering | D232: 126 | E232: ED3-EE | F232: EE 360
A233: =CONCATENATE(F233,",",E233) -> EE 362,ED3-EE | B233: SUBSTATIONS AND TRANSMISSION LINE DESIGN | C233: Substations And Transmission Line Design | D233: 226 | E233: ED3-EE | F233: EE 362
A234: =CONCATENATE(F234,",",E234) -> EE 366,ED3-EE | B234: POWER ELECTRONICS | C234: Power Electronics | D234: 226 | E234: ED3-EE | F234: EE 366
A235: =CONCATENATE(F235,",",E235) -> EE 368,ED3-EE | B235: POWER SYSTEMS ANALYSIS | C235: Power Systems Analysis | D235: 226 | E235: ED3-EE | F235: EE 368
A236: =CONCATENATE(F236,",",E236) -> EE 380,ED3-EE | B236: DIGITAL CONTROL SYSTEMS | C236: Digital Control Systems | D236: 64 | E236: ED3-EE | F236: EE 380
A237: =CONCATENATE(F237,",",E237) -> EE 392,ED3-EE | B237: ELECTRICAL ENGINEERING LAB. III | C237: Electrical Engineering Lab. III | D237: 226 | E237: ED3-EE | F237: EE 392
A238: =CONCATENATE(F238,",",E238) -> TE 372,ED3-EE | B238: ANTENNAS AND PROPAGATION | C238: Antennas And Propagation | D238: 104 | E238: ED3-EE | F238: TE 372
A239: =CONCATENATE(F239,",",E239) -> TE 384,ED3-EE | B239: SWITCHING ENGINEERING IN COMMUNICATION | C239: Switching Engineering In Communication | D239: 14 | E239: ED3-EE | F239: TE 384
A240: =CONCATENATE(F240,",",E240) -> TE 356,ED3-TEL | B240: SWITCHING ENGINEERING IN COMMUNICATION | C240: Switching Engineering In Communication | D240: 103 | E240: ED3-TEL | F240: TE 356
A241: =CONCATENATE(F241,",",E241) -> TE 386,ED3-EE | B241: DIGITAL COMMUNICATION SYSTEMS | C241: Digital Communication Systems | D241: 230 | E241: ED3-EE | F241: TE 386
A242: =CONCATENATE(F242,",",E242) -> COE 484,ED4-EE | B242: INDUSTRIAL AUTOMATIC CONTROL | C242: Industrial Automatic Control | D242: 200 | E242: ED4-EE | F242: COE 484
A243: =CONCATENATE(F243,",",E243) -> COE 486,ED4-EE | B243: INTRODUCTION TO VLSI | C243: Introduction To VLSI | D243: 7 | E243: ED4-EE | F243: COE 486
... A272: =CONCATENATE(F272,",",E272) -> GED 368,ED3-GEOL | B272: GIS APPLICATIONS | C272: Gis Applications | D272: 105 | E272: ED3-GEOL | F272: GED 368
A273: =CONCATENATE(F273,",",E273) -> GED 368(B),ED3-GEOL | B273: GIS APPLICATIONS | C273: #N/A | D273: 75 | E273: ED3-GEOL | F273: GED 368(B)
A274: =CONCATENATE(F274,",",E274) -> GED 370,ED3-GEOL | B274: FOUNDATION ENGINEERING | C274: Foundation Engineering | D274: 105 | E274: ED3-GEOL | F274: GED 370
A275: =CONCATENATE(F275,",",E275) -> CE 478,ED4-GEOL | B275: GROUND ENGINEERING | C275: Ground Engineering | D275: 2 | E275: ED4-GEOL | F275: CE 478
A276: =CONCATENATE(F276,",",E276) -> GED 452,ED4-GEOL | B276: ADVANCED ENGINEERING GEOLLOGY | C276: Advanced Engineering Geology | D276: 142 | E276: ED4-GEOL | F276: GED 452
A277: =CONCATENATE(F277,",",E277) -> GED 454,ED4-GEOL | B277: ENVIRONMENTAL GEOLLOGY | C277: Environmental Geology | D277: 142 | E277: ED4-GEOL | F277: GED 454
A278: =CONCATENATE(F278,",",E278) -> GED 462,ED4-GEOL | B278: ECONOMIC GEOLLOGY | C278: Economic Geology | D278: 142 | E278: ED4-GEOL | F278: GED 462
A279: =CONCATENATE(F279,",",E279) -> GED 464,ED4-GEOL | B279: ENGINEERING MANAGEMENT | C279: Engineering Management | D279: 142 | E279: ED4-GEOL | F279: GED 464
A280: =CONCATENATE(F280,",",E280) -> GED 466,ED4-GEOL | B280: PETROLEUM GEOLOGY | C280: Petroleum Geology | D280: 52 | E280: ED4-GEOL | F280: GED 466
A281: =CONCATENATE(F281,",",E281) -> GED 468,ED4-GEOL | B281: GEOSTATISTICS | C281: Geostatistics | D281: 79 | E281: ED4-GEOL | F281: GED 468
A282: =CONCATENATE(F282,",",E282) -> GED 476,ED4-GEOL | B282: GROUNDWATER DEVELOPMENT | C282: Groundwater Development | D282: 142 | E282: ED4-GEOL | F282: GED 476
A283: =CONCATENATE(F283,",",E283) -> EE 152,ED1-GEOM | B283: BASIC ELECTRONICS | C283: Basic Electronics | D283: 139 | E283: ED1-GEOM | F283: EE 152
A284: =CONCATENATE(F284,",",E284) -> ENGL 158,ED1-GEOM | B284: COMMUNICATION SKILLS II | C284: Communication Skills II | D284: 139 | E284: ED1-GEOM | F284: ENGL 158
A285: =CONCATENATE(F285,",",E285) -> GE 152,ED1-GEOM | B285: REPRODUCTION CARTOGRAPHY | C285: Reproduction Cartography | D285: 139 | E285: ED1-GEOM | F285: GE 152
... A417: =CONCATENATE(F417,",",E417) -> ME 462,ED4-ME | B417: MECHANISMS SYNTHESIS AND ANALYSIS II | C417: Mechanisms Synthesis And Analysis II | D417: 4 | E417: ED4-ME | F417: ME 462
A418: =CONCATENATE(F418,",",E418) -> ged 162,ED4-ME | B418: INSTRUMENTATION | C418: #N/A | D418: 184 | E418: ED4-ME | F418: ged 162
A419: =CONCATENATE(F419,",",E419) -> ME 468,ED4-ME | B419: INTERNAL COMBUSTION ENGINES | C419: Internal Combustion Engines | D419: 72 | E419: ED4-ME | F419: ME 468
A420: =CONCATENATE(F420,",",E420) -> ME 472,ED4-ME | B420: MACHINE SHOP AND FACTORY DESIGN | C420: Machine Shop And Factory Design | D420: 54 | E420: ED4-ME | F420: ME 472
A421: =CONCATENATE(F421,",",E421) -> ME 474,ED4-ME | B421: PRODUCTION PLANNING AND CONTROL | C421: Production Planning And Control | D421: 7 | E421: ED4-ME | F421: ME 474
A422: =CONCATENATE(F422,",",E422) -> ME 474,ED4-AERO | C422: Production Planning And Control | D422: 14 | E422: ED4-AERO | F422: ME 474
A423: =CONCATENATE(F423,",",E423) -> ME 476,ED4-ME | B423: SPECIAL VEHICLE DESIGN | C423: Special Vehicle Design (AME 482) | D423: 44 | E423: ED4-ME | F423: ME 476
A424: =CONCATENATE(F424,",",E424) -> ME 478,ED4-ME | B424: PRODUCTION ENGINEERING II | C424: Production Engineering II | D424: 53 | E424: ED4-ME | F424: ME 478
A425: =CONCATENATE(F425,",",E425) -> ME 482,ED4-ME | B425: MECHANICAL ENGINEERING MATERIALS III | C425: Mechanical Engineering Materials III | D425: 4 | E425: ED4-ME | F425: ME 482
A426: =CONCATENATE(F426,",",E426) -> ME 492,ED4-ME | B426: MANAGEMENT AND ENTREPRENEURSHIP DEVELOPMENT | C426: Management And Entrepreneurship Development | D426: 184 | E426: ED4-ME | F426: ME 492
A427: =CONCATENATE(F427,",",E427) -> ME 464,ED4-ME | C427: Instrumentation | D427: 184 | E427: ED4-ME | F427: ME 464
A428: =CONCATENATE(F428,",",E428) -> ME 494,ED4-ME | B428: MAINTENANCE ENGINEERING | C428: Maintenance Engineering | D428: 184 | E428: ED4-ME | F428: ME 494
A429: =CONCATENATE(F429,",",E429) -> ME 496,ED4-ME | B429: HUMAN FACTORS AND ERGONOMICS | C429: Human Factors And Ergonomics | D429: 4 | E429: ED4-ME | F429: ME 496
A430: =CONCATENATE(F430,",",E430) -> ENGL 158,ED1-METE | B430: COMMUNICATION SKILLS II | C430: Communication Skills II | D430: 61 | E430: ED1-METE | F430: ENGL 158
A431: =CONCATENATE(F431,",",E431) -> MATH 152,ED1-METE | B431: CALCULUS WITH ANALYSIS | C431: Calculus With Analysis | D431: 61 | E431: ED1-METE | F431: MATH 152
A432: =CONCATENATE(F432,",",E432) -> ME 160,ED1-METE | B432: ENGINEERING DRAWING | C432: Engineering Drawing | D432: 61 | E432: ED1-METE | F432: ME 160
A433: =CONCATENATE(F433,",",E433) -> ME 162,ED1-METE | B433: BASIC MECHANICS | C433: Basic Mechanics | D433: 61 | E433: ED1-METE | F433: ME 162
A434: =CONCATENATE(F434,",",E434) -> METE 152,ED1-METE | B434: CHEMISTRY FOR METALLURGICAL ENGINEERS | C434: Chemistry For Metallurgical Engineers | D434: 61 | E434: ED1-METE | F434: METE 152
A435: =CONCATENATE(F435,",",E435) -> METE 154,ED1-METE | B435: ENVIRONMENTAL SCIENCE | C435: Environmental Science | D435: 61 | E435: ED1-METE | F435: METE 154
A436: =CONCATENATE(F436,",",E436) -> MSE 154,ED1-METE | B436: OPTICAL AND THERMAL BEHAVIOUR OF MATERIALS | C436: Optical and Thermal Behaviour of Materials | D436: 61 | E436: ED1-METE | F436: MSE 154
A437: =CONCATENATE(F437,",",E437) -> GED 162,ED1-METE | B437: BASIC GEOLOGY | C437: Basic Geology | D437: 61 | E437: ED1-METE | F437: GED 162
A438: =CONCATENATE(F438,",",E438) -> MATH 252,ED2-METE | B438: CALCULUS WITH SEVERAL VARIABLES | C438: Calculus With Several Variables | D438: 86 | E438: ED2-METE | F438: MATH 252
A439: =CONCATENATE(F439,",",E439) -> METE 252,ED2-METE | B439: METALLURGICAL RATE PROCESSES/SURFACE PHENOMENA | C439: Metallurgical Rate Processes/Surface Phenomena | D439: 86 | E439: ED2-METE | F439: METE 252
... A549: =CONCATENATE(F549,",",E549) -> TE 484,ED4-TEL | B549: NETWORK PLANNING | C549: Network Planning | D549: 141 | E549: ED4-TEL | F549: TE 484

Sheet Combined Data
A1: =CONCATENATE(E1,",",D1) -> ACF 256,ED2-BME | B1: Financial Accounting II | C1: Yeboah Edward | D1: ED2-BME | E1: ACF 256
A2: =CONCATENATE(E2,",",D2) -> ACF 256,ED2-COE | B2: Financial Accounting II | C2: Yeboah Edward | D2: ED2-COE | E2: ACF 256
A3: =CONCATENATE(E3,",",D3) -> ACF 256,ED2-TEL | B3: Financial Accounting II | C3: Yeboah Edward | D3: ED2-TEL | E3: ACF 256
A4: =CONCATENATE(E4,",",D4) -> AE 158,ED1-AE | B4: Introduction To Information Technology | C4: Bessah Enoch | D4: ED1-AE | E4: AE 158
A5: =CONCATENATE(E5,",",D5) -> AE 162,ED1-AE | B5: Basic Agriculture | C5: Bessah Enoch | D5: ED1-AE | E5: AE 162
A6: =CONCATENATE(E6,",",D6) -> AE 196,ED1-AE | B6: Engineering Workshop Practice | C6: Asante Eric Amoah | D6: ED1-AE | E6: AE 196
A7: =CONCATENATE(E7,",",D7) -> AE 352,ED3-AE | B7: Soil Mechanics Application To Mechanisation | C7: Agodzo Sampson Kwaku | D7: ED3-AE | E7: AE 352
A8: =CONCATENATE(E8,",",D8) -> AE 356,ED3-AE | B8: Farm Power And Machinery | C8: Aikins Stephen Hill Mends | D8: ED3-AE | E8: AE 356
A9: =CONCATENATE(E9,",",D9) -> AE 358,ED3-AE | B9: Renewable Energy Systems And Management | C9: Kemausuor Francis | D9: ED3-AE | E9: AE 358
A10: =CONCATENATE(E10,",",D10) -> AE 360,ED3-AE | B10: Rural Engineering | C10: Mensah Ebenezer | D10: ED3-AE | E10: AE 360
A11: =CONCATENATE(E11,",",D11) -> AE 362,ED3-AE | B11: Research Methods For Engineers | C11: Amponsah William | D11: ED3-AE | E11: AE 362
A12: =CONCATENATE(E12,",",D12) -> AE 452,ED4-AE | B12: Soil And Water Engineering II | C12: Agyare Wilson Agyei | D12: ED4-AE | E12: AE 452
... A547: =CONCATENATE(E547,",",D547) -> TE 484,ED4-TEL | B547: Network Planning | C547: Opare Kwasi Adu-Boahen | D547: ED4-TEL | E547: TE 484

Sheet ROOMS
A1: College of Engineering
A2: Available Rooms
A3: Rooms | B3: Exam Capacity
A4: LT | B4: 50 | C4: COHORT A1 | D4: BAMFO KWAKYE A | E4: 2
A5: RMA | B5: 48 | E5: 1
A6: RMB | B6: 48 | E6: 1
A7: VSLA | B7: 90 | E7: 2 | F7: 474
A8: 206 | B8: 48 | C8: COHORT A2 | E8: 1
A9: 303 | B9: 60 | E9: 2
A10: 304 | B10: 40 | E10: 1
A11: N1 | B11: 50 | C11: COHORT A3 | E11: 1
A12: N2 | B12: 40 | E12: 1
A13: PB001 | B13: 80 | C13: COHORT B1 | D13: PETROLEUM BUILDING B | E13: 2
A14: PB020 | B14: 80 | E14: 2
A15: PB014 | B15: 80 | E15: 2
A16: PB012 | B16: 0 | E16: 1
A17: PB008 | B17: 60 | E17: 2
A18: PB201 | B18: 80 | C18: COHORT B2 | E18: 2
A19: PB214 | B19: 80 | E19: 2
A20: PB212 | B20: 50 | E20: 1
A21: PB208 | B21: 60 | E21: 1 | F21: =SUM(B13:B21) -> 570
A22: VCR | B22: 50 | C22: COHORT C1 | D22: EXAMS OFFICE C | E22: 1
A23: ECR | B23: 50 | E23: 1
A24: A110 | B24: 60 | E24: 2
A25: EA | B25: 60 | C25: COHORT C2 | E25: 3
A26: NAF1 | B26: 90 | E26: 2 | F26: =SUM(B22:B26) -> 310
A27: NEB-SF1 | B27: 160 | C27: COHORT D1 | D27: NEB D | E27: 3
A28: NEB-FF2 | B28: 60 | C28: COHORT D2 | E28: 2
A29: NEB-FF1 | B29: 100 | C29: COHORT D3
A30: NEB-TF | B30: 160 | E30: 2 | F30: =SUM(B27:B30) -> 480
E31: 1
A32: Total | B32: =SUM(B4:B30) -> 1834
